# Blender 4.5.3 LTS
# www.blender.org
mtllib scene1.mtl
o Cubo.001
v -240.000000 0.000000 -180.000000
v -240.000000 50.000000 -180.000000
v -240.000000 0.000000 -300.000000
v -240.000000 50.000000 -300.000000
v 40.000000 0.000000 -180.000000
v 40.000000 50.000000 -180.000000
v 40.000000 0.000000 -300.000000
v 40.000000 50.000000 -300.000000
vn -1.0000 -0.0000 -0.0000
vn -0.0000 -0.0000 -1.0000
vn 1.0000 -0.0000 -0.0000
vn -0.0000 -0.0000 1.0000
vn -0.0000 -1.0000 -0.0000
vn -0.0000 1.0000 -0.0000
vt 0.375000 0.000000
vt 0.625000 0.000000
vt 0.625000 0.250000
vt 0.375000 0.250000
vt 0.625000 0.500000
vt 0.375000 0.500000
vt 0.625000 0.750000
vt 0.375000 0.750000
vt 0.625000 1.000000
vt 0.375000 1.000000
vt 0.125000 0.500000
vt 0.125000 0.750000
vt 0.875000 0.500000
vt 0.875000 0.750000
s 0
f 1/1/1 2/2/1 4/3/1 3/4/1
f 3/4/2 4/3/2 8/5/2 7/6/2
f 7/6/3 8/5/3 6/7/3 5/8/3
f 5/8/4 6/7/4 2/9/4 1/10/4
f 3/11/5 7/6/5 5/8/5 1/12/5
f 8/5/6 4/13/6 2/14/6 6/7/6
o Cubo.002
v -20.000000 290.983765 -260.000000
v -20.000000 296.983765 -260.000000
v -20.000000 290.983765 -300.000000
v -20.000000 296.983765 -300.000000
v 100.000000 290.983765 -260.000000
v 100.000000 296.983765 -260.000000
v 100.000000 290.983765 -300.000000
v 100.000000 296.983765 -300.000000
vn -1.0000 -0.0000 -0.0000
vn -0.0000 -0.0000 -1.0000
vn 1.0000 -0.0000 -0.0000
vn -0.0000 -0.0000 1.0000
vn -0.0000 -1.0000 -0.0000
vn -0.0000 1.0000 -0.0000
vt 0.375000 0.000000
vt 0.625000 0.000000
vt 0.625000 0.250000
vt 0.375000 0.250000
vt 0.625000 0.500000
vt 0.375000 0.500000
vt 0.625000 0.750000
vt 0.375000 0.750000
vt 0.625000 1.000000
vt 0.375000 1.000000
vt 0.125000 0.500000
vt 0.125000 0.750000
vt 0.875000 0.500000
vt 0.875000 0.750000
s 0
f 9/15/7 10/16/7 12/17/7 11/18/7
f 11/18/8 12/17/8 16/19/8 15/20/8
f 15/20/9 16/19/9 14/21/9 13/22/9
f 13/22/10 14/21/10 10/23/10 9/24/10
f 11/25/11 15/20/11 13/22/11 9/26/11
f 16/19/12 12/27/12 10/28/12 14/21/12
o Cubo.003
v -178.299271 253.873169 -260.000000
v -178.299271 259.873169 -260.000000
v -178.299271 253.873169 -300.000000
v -178.299271 259.873169 -300.000000
v -58.299271 253.873169 -260.000000
v -58.299271 259.873169 -260.000000
v -58.299271 253.873169 -300.000000
v -58.299271 259.873169 -300.000000
vn -1.0000 -0.0000 -0.0000
vn -0.0000 -0.0000 -1.0000
vn 1.0000 -0.0000 -0.0000
vn -0.0000 -0.0000 1.0000
vn -0.0000 -1.0000 -0.0000
vn -0.0000 1.0000 -0.0000
vt 0.375000 0.000000
vt 0.625000 0.000000
vt 0.625000 0.250000
vt 0.375000 0.250000
vt 0.625000 0.500000
vt 0.375000 0.500000
vt 0.625000 0.750000
vt 0.375000 0.750000
vt 0.625000 1.000000
vt 0.375000 1.000000
vt 0.125000 0.500000
vt 0.125000 0.750000
vt 0.875000 0.500000
vt 0.875000 0.750000
s 0
f 17/29/13 18/30/13 20/31/13 19/32/13
f 19/32/14 20/31/14 24/33/14 23/34/14
f 23/34/15 24/33/15 22/35/15 21/36/15
f 21/36/16 22/35/16 18/37/16 17/38/16
f 19/39/17 23/34/17 21/36/17 17/40/17
f 24/33/18 20/41/18 18/42/18 22/35/18
o Cubo.004
v 160.000000 0.000000 170.000000
v 160.000000 240.000000 170.000000
v 160.000000 0.000000 -70.000000
v 160.000000 240.000000 -70.000000
v 240.000000 0.000000 170.000000
v 240.000000 240.000000 170.000000
v 240.000000 0.000000 -70.000000
v 240.000000 240.000000 -70.000000
vn -1.0000 -0.0000 -0.0000
vn -0.0000 -0.0000 -1.0000
vn 1.0000 -0.0000 -0.0000
vn -0.0000 -0.0000 1.0000
vn -0.0000 -1.0000 -0.0000
vn -0.0000 1.0000 -0.0000
vt 0.375000 0.000000
vt 0.625000 0.000000
vt 0.625000 0.250000
vt 0.375000 0.250000
vt 0.625000 0.500000
vt 0.375000 0.500000
vt 0.625000 0.750000
vt 0.375000 0.750000
vt 0.625000 1.000000
vt 0.375000 1.000000
vt 0.125000 0.500000
vt 0.125000 0.750000
vt 0.875000 0.500000
vt 0.875000 0.750000
s 0
f 25/43/19 26/44/19 28/45/19 27/46/19
f 27/46/20 28/45/20 32/47/20 31/48/20
f 31/48/21 32/47/21 30/49/21 29/50/21
f 29/50/22 30/49/22 26/51/22 25/52/22
f 27/53/23 31/48/23 29/50/23 25/54/23
f 32/47/24 28/55/24 26/56/24 30/49/24
o Cubo.005
v -240.000000 0.000000 120.000000
v -240.000000 110.000000 120.000000
v -240.000000 0.000000 -120.000000
v -240.000000 110.000000 -120.000000
v -140.000000 0.000000 120.000000
v -140.000000 110.000000 120.000000
v -140.000000 0.000000 -120.000000
v -140.000000 110.000000 -120.000000
vn -1.0000 -0.0000 -0.0000
vn -0.0000 -0.0000 -1.0000
vn 1.0000 -0.0000 -0.0000
vn -0.0000 -0.0000 1.0000
vn -0.0000 -1.0000 -0.0000
vn -0.0000 1.0000 -0.0000
vt 0.375000 0.000000
vt 0.625000 0.000000
vt 0.625000 0.250000
vt 0.375000 0.250000
vt 0.625000 0.500000
vt 0.375000 0.500000
vt 0.625000 0.750000
vt 0.375000 0.750000
vt 0.625000 1.000000
vt 0.375000 1.000000
vt 0.125000 0.500000
vt 0.125000 0.750000
vt 0.875000 0.500000
vt 0.875000 0.750000
s 0
f 33/57/25 34/58/25 36/59/25 35/60/25
f 35/60/26 36/59/26 40/61/26 39/62/26
f 39/62/27 40/61/27 38/63/27 37/64/27
f 37/64/28 38/63/28 34/65/28 33/66/28
f 35/67/29 39/62/29 37/64/29 33/68/29
f 40/61/30 36/69/30 34/70/30 38/63/30
o Cubo.006
v -240.000000 277.000000 60.000000
v -240.000000 283.000000 60.000000
v -240.000000 277.000000 -180.000000
v -240.000000 283.000000 -180.000000
v -180.000000 277.000000 60.000000
v -180.000000 283.000000 60.000000
v -180.000000 277.000000 -180.000000
v -180.000000 283.000000 -180.000000
vn -1.0000 -0.0000 -0.0000
vn -0.0000 -0.0000 -1.0000
vn 1.0000 -0.0000 -0.0000
vn -0.0000 -0.0000 1.0000
vn -0.0000 -1.0000 -0.0000
vn -0.0000 1.0000 -0.0000
vt 0.375000 0.000000
vt 0.625000 0.000000
vt 0.625000 0.250000
vt 0.375000 0.250000
vt 0.625000 0.500000
vt 0.375000 0.500000
vt 0.625000 0.750000
vt 0.375000 0.750000
vt 0.625000 1.000000
vt 0.375000 1.000000
vt 0.125000 0.500000
vt 0.125000 0.750000
vt 0.875000 0.500000
vt 0.875000 0.750000
s 0
f 41/71/31 42/72/31 44/73/31 43/74/31
f 43/74/32 44/73/32 48/75/32 47/76/32
f 47/76/33 48/75/33 46/77/33 45/78/33
f 45/78/34 46/77/34 42/79/34 41/80/34
f 43/81/35 47/76/35 45/78/35 41/82/35
f 48/75/36 44/83/36 42/84/36 46/77/36
o Cilindro
v -10.730857 273.750305 85.589645
v -10.730857 360.022095 85.589645
v -9.889317 273.750305 85.672531
v -9.889317 360.022095 85.672531
v -9.080117 273.750305 85.917999
v -9.080117 360.022095 85.917999
v -8.334354 273.750305 86.316620
v -8.334354 360.022095 86.316620
v -7.680687 273.750305 86.853065
v -7.680687 360.022095 86.853065
v -7.144237 273.750305 87.506737
v -7.144237 360.022095 87.506737
v -6.745619 273.750305 88.252495
v -6.745619 360.022095 88.252495
v -6.500151 273.750305 89.061699
v -6.500151 360.022095 89.061699
v -6.417266 273.750305 89.903236
v -6.417266 360.022095 89.903236
v -6.500151 273.750305 90.744774
v -6.500151 360.022095 90.744774
v -6.745619 273.750305 91.553978
v -6.745619 360.022095 91.553978
v -7.144237 273.750305 92.299736
v -7.144237 360.022095 92.299736
v -7.680687 273.750305 92.953407
v -7.680687 360.022095 92.953407
v -8.334354 273.750305 93.489853
v -8.334354 360.022095 93.489853
v -9.080117 273.750305 93.888474
v -9.080117 360.022095 93.888474
v -9.889317 273.750305 94.133942
v -9.889317 360.022095 94.133942
v -10.730857 273.750305 94.216827
v -10.730857 360.022095 94.216827
v -11.572397 273.750305 94.133942
v -11.572397 360.022095 94.133942
v -12.381597 273.750305 93.888474
v -12.381597 360.022095 93.888474
v -13.127359 273.750305 93.489853
v -13.127359 360.022095 93.489853
v -13.781027 273.750305 92.953407
v -13.781027 360.022095 92.953407
v -14.317476 273.750305 92.299736
v -14.317476 360.022095 92.299736
v -14.716095 273.750305 91.553978
v -14.716095 360.022095 91.553978
v -14.961563 273.750305 90.744774
v -14.961563 360.022095 90.744774
v -15.044448 273.750305 89.903236
v -15.044448 360.022095 89.903236
v -14.961563 273.750305 89.061699
v -14.961563 360.022095 89.061699
v -14.716095 273.750305 88.252495
v -14.716095 360.022095 88.252495
v -14.317476 273.750305 87.506737
v -14.317476 360.022095 87.506737
v -13.781027 273.750305 86.853065
v -13.781027 360.022095 86.853065
v -13.127359 273.750305 86.316620
v -13.127359 360.022095 86.316620
v -12.381597 273.750305 85.917999
v -12.381597 360.022095 85.917999
v -11.572397 273.750305 85.672531
v -11.572397 360.022095 85.672531
vn 0.0980 -0.0000 -0.9952
vn 0.2903 -0.0000 -0.9569
vn 0.4714 -0.0000 -0.8819
vn 0.6344 -0.0000 -0.7730
vn 0.7730 -0.0000 -0.6344
vn 0.8819 -0.0000 -0.4714
vn 0.9569 -0.0000 -0.2903
vn 0.9952 -0.0000 -0.0980
vn 0.9952 -0.0000 0.0980
vn 0.9569 -0.0000 0.2903
vn 0.8819 -0.0000 0.4714
vn 0.7730 -0.0000 0.6344
vn 0.6344 -0.0000 0.7730
vn 0.4714 -0.0000 0.8819
vn 0.2903 -0.0000 0.9569
vn 0.0980 -0.0000 0.9952
vn -0.0980 -0.0000 0.9952
vn -0.2903 -0.0000 0.9569
vn -0.4714 -0.0000 0.8819
vn -0.6344 -0.0000 0.7730
vn -0.7730 -0.0000 0.6344
vn -0.8819 -0.0000 0.4714
vn -0.9569 -0.0000 0.2903
vn -0.9952 -0.0000 0.0980
vn -0.9952 -0.0000 -0.0980
vn -0.9569 -0.0000 -0.2903
vn -0.8819 -0.0000 -0.4714
vn -0.7730 -0.0000 -0.6344
vn -0.6344 -0.0000 -0.7730
vn -0.4714 -0.0000 -0.8819
vn -0.0000 1.0000 -0.0000
vn -0.2903 -0.0000 -0.9569
vn -0.0980 -0.0000 -0.9952
vn -0.0000 -1.0000 -0.0000
vt 1.000000 0.500000
vt 1.000000 1.000000
vt 0.968750 1.000000
vt 0.968750 0.500000
vt 0.937500 1.000000
vt 0.937500 0.500000
vt 0.906250 1.000000
vt 0.906250 0.500000
vt 0.875000 1.000000
vt 0.875000 0.500000
vt 0.843750 1.000000
vt 0.843750 0.500000
vt 0.812500 1.000000
vt 0.812500 0.500000
vt 0.781250 1.000000
vt 0.781250 0.500000
vt 0.750000 1.000000
vt 0.750000 0.500000
vt 0.718750 1.000000
vt 0.718750 0.500000
vt 0.687500 1.000000
vt 0.687500 0.500000
vt 0.656250 1.000000
vt 0.656250 0.500000
vt 0.625000 1.000000
vt 0.625000 0.500000
vt 0.593750 1.000000
vt 0.593750 0.500000
vt 0.562500 1.000000
vt 0.562500 0.500000
vt 0.531250 1.000000
vt 0.531250 0.500000
vt 0.500000 1.000000
vt 0.500000 0.500000
vt 0.468750 1.000000
vt 0.468750 0.500000
vt 0.437500 1.000000
vt 0.437500 0.500000
vt 0.406250 1.000000
vt 0.406250 0.500000
vt 0.375000 1.000000
vt 0.375000 0.500000
vt 0.343750 1.000000
vt 0.343750 0.500000
vt 0.312500 1.000000
vt 0.312500 0.500000
vt 0.281250 1.000000
vt 0.281250 0.500000
vt 0.250000 1.000000
vt 0.250000 0.500000
vt 0.218750 1.000000
vt 0.218750 0.500000
vt 0.187500 1.000000
vt 0.187500 0.500000
vt 0.156250 1.000000
vt 0.156250 0.500000
vt 0.125000 1.000000
vt 0.125000 0.500000
vt 0.093750 1.000000
vt 0.093750 0.500000
vt 0.062500 1.000000
vt 0.062500 0.500000
vt 0.296822 0.485388
vt 0.250000 0.490000
vt 0.203178 0.485388
vt 0.158156 0.471731
vt 0.116663 0.449553
vt 0.080294 0.419706
vt 0.050447 0.383337
vt 0.028269 0.341844
vt 0.014612 0.296822
vt 0.010000 0.250000
vt 0.014612 0.203178
vt 0.028269 0.158156
vt 0.050447 0.116663
vt 0.080294 0.080294
vt 0.116663 0.050447
vt 0.158156 0.028269
vt 0.203178 0.014612
vt 0.250000 0.010000
vt 0.296822 0.014612
vt 0.341844 0.028269
vt 0.383337 0.050447
vt 0.419706 0.080294
vt 0.449553 0.116663
vt 0.471731 0.158156
vt 0.485388 0.203178
vt 0.490000 0.250000
vt 0.485388 0.296822
vt 0.471731 0.341844
vt 0.449553 0.383337
vt 0.419706 0.419706
vt 0.383337 0.449553
vt 0.341844 0.471731
vt 0.031250 1.000000
vt 0.031250 0.500000
vt 0.000000 1.000000
vt 0.000000 0.500000
vt 0.750000 0.490000
vt 0.796822 0.485388
vt 0.841844 0.471731
vt 0.883337 0.449553
vt 0.919706 0.419706
vt 0.949553 0.383337
vt 0.971731 0.341844
vt 0.985388 0.296822
vt 0.990000 0.250000
vt 0.985388 0.203178
vt 0.971731 0.158156
vt 0.949553 0.116663
vt 0.919706 0.080294
vt 0.883337 0.050447
vt 0.841844 0.028269
vt 0.796822 0.014612
vt 0.750000 0.010000
vt 0.703178 0.014612
vt 0.658156 0.028269
vt 0.616663 0.050447
vt 0.580294 0.080294
vt 0.550447 0.116663
vt 0.528269 0.158156
vt 0.514612 0.203178
vt 0.510000 0.250000
vt 0.514612 0.296822
vt 0.528269 0.341844
vt 0.550447 0.383337
vt 0.580294 0.419706
vt 0.616663 0.449553
vt 0.658156 0.471731
vt 0.703178 0.485388
s 0
f 49/85/37 50/86/37 52/87/37 51/88/37
f 51/88/38 52/87/38 54/89/38 53/90/38
f 53/90/39 54/89/39 56/91/39 55/92/39
f 55/92/40 56/91/40 58/93/40 57/94/40
f 57/94/41 58/93/41 60/95/41 59/96/41
f 59/96/42 60/95/42 62/97/42 61/98/42
f 61/98/43 62/97/43 64/99/43 63/100/43
f 63/100/44 64/99/44 66/101/44 65/102/44
f 65/102/45 66/101/45 68/103/45 67/104/45
f 67/104/46 68/103/46 70/105/46 69/106/46
f 69/106/47 70/105/47 72/107/47 71/108/47
f 71/108/48 72/107/48 74/109/48 73/110/48
f 73/110/49 74/109/49 76/111/49 75/112/49
f 75/112/50 76/111/50 78/113/50 77/114/50
f 77/114/51 78/113/51 80/115/51 79/116/51
f 79/116/52 80/115/52 82/117/52 81/118/52
f 81/118/53 82/117/53 84/119/53 83/120/53
f 83/120/54 84/119/54 86/121/54 85/122/54
f 85/122/55 86/121/55 88/123/55 87/124/55
f 87/124/56 88/123/56 90/125/56 89/126/56
f 89/126/57 90/125/57 92/127/57 91/128/57
f 91/128/58 92/127/58 94/129/58 93/130/58
f 93/130/59 94/129/59 96/131/59 95/132/59
f 95/132/60 96/131/60 98/133/60 97/134/60
f 97/134/61 98/133/61 100/135/61 99/136/61
f 99/136/62 100/135/62 102/137/62 101/138/62
f 101/138/63 102/137/63 104/139/63 103/140/63
f 103/140/64 104/139/64 106/141/64 105/142/64
f 105/142/65 106/141/65 108/143/65 107/144/65
f 107/144/66 108/143/66 110/145/66 109/146/66
f 52/147/67 50/148/67 112/149/67 110/150/67 108/151/67 106/152/67 104/153/67 102/154/67 100/155/67 98/156/67 96/157/67 94/158/67 92/159/67 90/160/67 88/161/67 86/162/67 84/163/67 82/164/67 80/165/67 78/166/67 76/167/67 74/168/67 72/169/67 70/170/67 68/171/67 66/172/67 64/173/67 62/174/67 60/175/67 58/176/67 56/177/67 54/178/67
f 109/146/68 110/145/68 112/179/68 111/180/68
f 111/180/69 112/179/69 50/181/69 49/182/69
f 49/183/70 51/184/70 53/185/70 55/186/70 57/187/70 59/188/70 61/189/70 63/190/70 65/191/70 67/192/70 69/193/70 71/194/70 73/195/70 75/196/70 77/197/70 79/198/70 81/199/70 83/200/70 85/201/70 87/202/70 89/203/70 91/204/70 93/205/70 95/206/70 97/207/70 99/208/70 101/209/70 103/210/70 105/211/70 107/212/70 109/213/70 111/214/70
o Esfera
v -10.730857 275.379944 83.911980
v -10.730857 273.594757 80.936684
v -10.730857 271.262299 79.326469
v -10.730857 270.000000 79.119263
v -10.730857 268.737701 79.326469
v -10.730857 266.405243 80.936684
v -10.320416 276.346069 87.839813
v -9.925749 275.977844 85.855682
v -9.562020 275.379944 84.027100
v -9.243211 274.575256 82.424332
v -8.981570 273.594757 81.108978
v -8.787153 272.476105 80.131577
v -8.667432 271.262299 79.529701
v -8.627007 270.000000 79.326469
v -8.667432 268.737701 79.529701
v -8.787153 267.523895 80.131577
v -8.981570 266.405243 81.108978
v -9.243211 265.424744 82.424332
v -9.562020 264.620056 84.027100
v -9.925749 264.022156 85.855682
v -10.320416 263.653931 87.839813
v -9.925749 276.346069 87.959534
v -9.151580 275.977844 86.090523
v -8.438102 275.379944 84.368034
v -7.812734 274.575256 82.858261
v -7.299507 273.594757 81.619225
v -6.918145 272.476105 80.698532
v -6.683304 271.262299 80.131577
v -6.604007 270.000000 79.940140
v -6.683304 268.737701 80.131577
v -6.918145 267.523895 80.698532
v -7.299507 266.405243 81.619225
v -7.812734 265.424744 82.858261
v -8.438102 264.620056 84.368034
v -9.151580 264.022156 86.090523
v -9.925749 263.653931 87.959534
v -9.562021 276.346069 88.153946
v -8.438102 275.977844 86.471886
v -7.402293 275.379944 84.921692
v -6.494399 274.575256 83.562927
v -5.749310 273.594757 82.447823
v -5.195658 272.476105 81.619225
v -4.854720 271.262299 81.108978
v -4.739600 270.000000 80.936691
v -4.854720 268.737701 81.108978
v -5.195658 267.523895 81.619225
v -5.749310 266.405243 82.447823
v -6.494399 265.424744 83.562927
v -7.402293 264.620056 84.921692
v -8.438102 264.022156 86.471886
v -9.562021 263.653931 88.153946
v -9.243211 276.346069 88.415588
v -7.812734 275.977844 86.985115
v -6.494399 275.379944 85.666779
v -5.338868 274.575256 84.511246
v -4.390550 273.594757 83.562927
v -3.685885 272.476105 82.858261
v -3.251954 271.262299 82.424332
v -3.105433 270.000000 82.277817
v -3.251954 268.737701 82.424332
v -3.685885 267.523895 82.858261
v -4.390550 266.405243 83.562927
v -5.338868 265.424744 84.511246
v -6.494399 264.620056 85.666779
v -7.812734 264.022156 86.985115
v -9.243211 263.653931 88.415588
v -8.981570 276.346069 88.734398
v -7.299507 275.977844 87.610481
v -5.749310 275.379944 86.574677
v -4.390549 274.575256 85.666779
v -3.275444 273.594757 84.921692
v -2.446847 272.476105 84.368034
v -1.936598 271.262299 84.027100
v -1.764308 270.000000 83.911980
v -1.936598 268.737701 84.027100
v -2.446847 267.523895 84.368034
v -3.275444 266.405243 84.921692
v -4.390549 265.424744 85.666779
v -5.749310 264.620056 86.574677
v -7.299507 264.022156 87.610481
v -8.981570 263.653931 88.734398
v -10.730857 276.470398 89.903236
v -8.787153 276.346069 89.098129
v -6.918145 275.977844 88.323959
v -5.195658 275.379944 87.610481
v -3.685884 274.575256 86.985115
v -2.446847 273.594757 86.471886
v -1.526157 272.476105 86.090523
v -0.959200 271.262299 85.855682
v -0.767762 270.000000 85.776390
v -0.959200 268.737701 85.855682
v -1.526157 267.523895 86.090523
v -2.446847 266.405243 86.471886
v -3.685884 265.424744 86.985115
v -5.195658 264.620056 87.610481
v -6.918145 264.022156 88.323959
v -8.787153 263.653931 89.098129
v -8.667433 276.346069 89.492798
v -6.683304 275.977844 89.098129
v -4.854721 275.379944 88.734398
v -3.251954 274.575256 88.415588
v -1.936599 273.594757 88.153954
v -0.959200 272.476105 87.959534
v -0.357322 271.262299 87.839813
v -0.154093 270.000000 87.799393
v -0.357322 268.737701 87.839813
v -0.959200 267.523895 87.959534
v -1.936599 266.405243 88.153954
v -3.251954 265.424744 88.415588
v -4.854721 264.620056 88.734398
v -6.683304 264.022156 89.098129
v -8.667433 263.653931 89.492798
v -8.627008 276.346069 89.903236
v -6.604008 275.977844 89.903236
v -4.739601 275.379944 89.903236
v -3.105434 274.575256 89.903236
v -1.764310 273.594757 89.903236
v -0.767762 272.476105 89.903236
v -0.154092 271.262299 89.903236
v 0.053118 270.000000 89.903236
v -0.154092 268.737701 89.903236
v -0.767762 267.523895 89.903236
v -1.764310 266.405243 89.903236
v -3.105434 265.424744 89.903236
v -4.739601 264.620056 89.903236
v -6.604008 264.022156 89.903236
v -8.627008 263.653931 89.903236
v -8.667433 276.346069 90.313675
v -6.683304 275.977844 90.708344
v -4.854722 275.379944 91.072075
v -3.251955 274.575256 91.390884
v -1.936600 273.594757 91.652527
v -0.959200 272.476105 91.846939
v -0.357322 271.262299 91.966660
v -0.154095 270.000000 92.007088
v -0.357322 268.737701 91.966660
v -0.959200 267.523895 91.846939
v -1.936600 266.405243 91.652527
v -3.251955 265.424744 91.390884
v -4.854722 264.620056 91.072075
v -6.683304 264.022156 90.708344
v -8.667433 263.653931 90.313675
v -8.787154 276.346069 90.708344
v -6.918145 275.977844 91.482513
v -5.195659 275.379944 92.195992
v -3.685885 274.575256 92.821358
v -2.446848 273.594757 93.334587
v -1.526157 272.476105 93.715950
v -0.959202 271.262299 93.950790
v -0.767766 270.000000 94.030083
v -0.959202 268.737701 93.950790
v -1.526157 267.523895 93.715950
v -2.446848 266.405243 93.334587
v -3.685885 265.424744 92.821358
v -5.195659 264.620056 92.195992
v -6.918145 264.022156 91.482513
v -8.787154 263.653931 90.708344
v -8.981571 276.346069 91.072075
v -7.299508 275.977844 92.195992
v -5.749311 275.379944 93.231796
v -4.390550 274.575256 94.139694
v -3.275446 273.594757 94.884781
v -2.446847 272.476105 95.438431
v -1.936600 271.262299 95.779373
v -1.764313 270.000000 95.894493
v -1.936600 268.737701 95.779373
v -2.446847 267.523895 95.438431
v -3.275446 266.405243 94.884781
v -4.390550 265.424744 94.139694
v -5.749311 264.620056 93.231796
v -7.299508 264.022156 92.195992
v -8.981571 263.653931 91.072075
v -9.243212 276.346069 91.390884
v -7.812735 275.977844 92.821358
v -6.494401 275.379944 94.139694
v -5.338869 274.575256 95.295227
v -4.390552 273.594757 96.243546
v -3.685885 272.476105 96.948204
v -3.251956 271.262299 97.382141
v -3.105439 270.000000 97.528656
v -3.251956 268.737701 97.382141
v -3.685885 267.523895 96.948204
v -4.390552 266.405243 96.243546
v -5.338869 265.424744 95.295227
v -6.494401 264.620056 94.139694
v -7.812735 264.022156 92.821358
v -9.243212 263.653931 91.390884
v -9.562021 276.346069 91.652519
v -8.438103 275.977844 93.334587
v -7.402295 275.379944 94.884781
v -6.494399 274.575256 96.243546
v -5.749311 273.594757 97.358650
v -5.195658 272.476105 98.187248
v -4.854723 271.262299 98.697495
v -4.739605 270.000000 98.869781
v -4.854723 268.737701 98.697495
v -5.195658 267.523895 98.187248
v -5.749311 266.405243 97.358650
v -6.494399 265.424744 96.243546
v -7.402295 264.620056 94.884781
v -8.438103 264.022156 93.334587
v -9.562021 263.653931 91.652519
v -9.925749 276.346069 91.846939
v -9.151581 275.977844 93.715950
v -8.438104 275.379944 95.438431
v -7.812734 274.575256 96.948212
v -7.299509 273.594757 98.187248
v -6.918145 272.476105 99.107933
v -6.683306 271.262299 99.674889
v -6.604012 270.000000 99.866325
v -6.683306 268.737701 99.674889
v -6.918145 267.523895 99.107933
v -7.299509 266.405243 98.187248
v -7.812734 265.424744 96.948212
v -8.438104 264.620056 95.438431
v -9.151581 264.022156 93.715950
v -9.925749 263.653931 91.846939
v -10.320416 276.346069 91.966660
v -9.925749 275.977844 93.950790
v -9.562022 275.379944 95.779373
v -9.243211 274.575256 97.382141
v -8.981571 273.594757 98.697495
v -8.787153 272.476105 99.674889
v -8.667435 271.262299 100.276772
v -8.627012 270.000000 100.479996
v -8.667435 268.737701 100.276772
v -8.787153 267.523895 99.674889
v -8.981571 266.405243 98.697495
v -9.243211 265.424744 97.382141
v -9.562022 264.620056 95.779373
v -9.925749 264.022156 93.950790
v -10.320416 263.653931 91.966660
v -10.730857 276.346069 92.007088
v -10.730858 275.977844 94.030083
v -10.730858 275.379944 95.894493
v -10.730857 274.575256 97.528656
v -10.730858 273.594757 98.869781
v -10.730857 272.476105 99.866333
v -10.730859 271.262299 100.479996
v -10.730861 270.000000 100.687210
v -10.730859 268.737701 100.479996
v -10.730857 267.523895 99.866333
v -10.730858 266.405243 98.869781
v -10.730857 265.424744 97.528656
v -10.730858 264.620056 95.894493
v -10.730858 264.022156 94.030083
v -10.730857 263.653931 92.007088
v -11.141297 276.346069 91.966660
v -11.535966 275.977844 93.950790
v -11.899693 275.379944 95.779373
v -12.218503 274.575256 97.382141
v -12.480145 273.594757 98.697495
v -12.674560 272.476105 99.674889
v -12.794283 271.262299 100.276772
v -12.834709 270.000000 100.479996
v -12.794283 268.737701 100.276772
v -12.674560 267.523895 99.674889
v -12.480145 266.405243 98.697495
v -12.218503 265.424744 97.382141
v -11.899693 264.620056 95.779373
v -11.535966 264.022156 93.950790
v -11.141297 263.653931 91.966660
v -11.535965 276.346069 91.846939
v -12.310134 275.977844 93.715950
v -13.023611 275.379944 95.438431
v -13.648979 274.575256 96.948204
v -14.162207 273.594757 98.187241
v -14.543567 272.476105 99.107933
v -14.778410 271.262299 99.674889
v -14.857707 270.000000 99.866325
v -14.778410 268.737701 99.674889
v -14.543567 267.523895 99.107933
v -14.162207 266.405243 98.187241
v -13.648979 265.424744 96.948204
v -13.023611 264.620056 95.438431
v -12.310134 264.022156 93.715950
v -11.535965 263.653931 91.846939
v -11.899693 276.346069 91.652519
v -13.023611 275.977844 93.334587
v -14.059420 275.379944 94.884781
v -14.967315 274.575256 96.243546
v -15.712403 273.594757 97.358643
v -16.266054 272.476105 98.187248
v -16.606993 271.262299 98.697495
v -16.722113 270.000000 98.869774
v -16.606993 268.737701 98.697495
v -16.266054 267.523895 98.187248
v -15.712403 266.405243 97.358643
v -14.967315 265.424744 96.243546
v -14.059420 264.620056 94.884781
v -13.023611 264.022156 93.334587
v -11.899693 263.653931 91.652519
v -12.218502 276.346069 91.390884
v -13.648979 275.977844 92.821358
v -14.967314 275.379944 94.139694
v -16.122845 274.575256 95.295227
v -17.071163 273.594757 96.243538
v -17.775827 272.476105 96.948204
v -18.209759 271.262299 97.382133
v -18.356277 270.000000 97.528648
v -18.209759 268.737701 97.382133
v -17.775827 267.523895 96.948204
v -17.071163 266.405243 96.243538
v -16.122845 265.424744 95.295227
v -14.967314 264.620056 94.139694
v -13.648979 264.022156 92.821358
v -12.218502 263.653931 91.390884
v -10.730857 263.529602 89.903236
v -12.480143 276.346069 91.072075
v -14.162206 275.977844 92.195992
v -15.712402 275.379944 93.231796
v -17.071163 274.575256 94.139694
v -18.186268 273.594757 94.884781
v -19.014866 272.476105 95.438431
v -19.525114 271.262299 95.779366
v -19.697401 270.000000 95.894485
v -19.525114 268.737701 95.779366
v -19.014866 267.523895 95.438431
v -18.186268 266.405243 94.884781
v -17.071163 265.424744 94.139694
v -15.712402 264.620056 93.231796
v -14.162206 264.022156 92.195992
v -12.480143 263.653931 91.072075
v -12.674559 276.346069 90.708344
v -14.543568 275.977844 91.482513
v -16.266052 275.379944 92.195992
v -17.775827 274.575256 92.821358
v -19.014866 273.594757 93.334579
v -19.935555 272.476105 93.715950
v -20.502512 271.262299 93.950783
v -20.693947 270.000000 94.030075
v -20.502512 268.737701 93.950783
v -19.935555 267.523895 93.715950
v -19.014866 266.405243 93.334579
v -17.775827 265.424744 92.821358
v -16.266052 264.620056 92.195992
v -14.543568 264.022156 91.482513
v -12.674559 263.653931 90.708344
v -12.794280 276.346069 90.313675
v -14.778408 275.977844 90.708344
v -16.606989 275.379944 91.072067
v -18.209759 274.575256 91.390884
v -19.525112 273.594757 91.652519
v -20.502510 272.476105 91.846939
v -21.104389 271.262299 91.966660
v -21.307613 270.000000 92.007080
v -21.104389 268.737701 91.966660
v -20.502510 267.523895 91.846939
v -19.525112 266.405243 91.652519
v -18.209759 265.424744 91.390884
v -16.606989 264.620056 91.072067
v -14.778408 264.022156 90.708344
v -12.794280 263.653931 90.313675
v -12.834704 276.346069 89.903236
v -14.857704 275.977844 89.903236
v -16.722109 275.379944 89.903236
v -18.356277 274.575256 89.903236
v -19.697403 273.594757 89.903236
v -20.693949 272.476105 89.903236
v -21.307617 271.262299 89.903236
v -21.514824 270.000000 89.903229
v -21.307617 268.737701 89.903236
v -20.693949 267.523895 89.903236
v -19.697403 266.405243 89.903236
v -18.356277 265.424744 89.903236
v -16.722109 264.620056 89.903236
v -14.857704 264.022156 89.903236
v -12.834704 263.653931 89.903236
v -12.794280 276.346069 89.492798
v -14.778408 275.977844 89.098129
v -16.606989 275.379944 88.734398
v -18.209759 274.575256 88.415588
v -19.525112 273.594757 88.153946
v -20.502510 272.476105 87.959534
v -21.104389 271.262299 87.839813
v -21.307613 270.000000 87.799385
v -21.104389 268.737701 87.839813
v -20.502510 267.523895 87.959534
v -19.525112 266.405243 88.153946
v -18.209759 265.424744 88.415588
v -16.606989 264.620056 88.734398
v -14.778408 264.022156 89.098129
v -12.794280 263.653931 89.492798
v -12.674559 276.346069 89.098129
v -14.543567 275.977844 88.323959
v -16.266050 275.379944 87.610481
v -17.775827 274.575256 86.985115
v -19.014862 273.594757 86.471886
v -19.935555 272.476105 86.090523
v -20.502508 271.262299 85.855682
v -20.693941 270.000000 85.776382
v -20.502508 268.737701 85.855682
v -19.935555 267.523895 86.090523
v -19.014862 266.405243 86.471886
v -17.775827 265.424744 86.985115
v -16.266050 264.620056 87.610481
v -14.543567 264.022156 88.323959
v -12.674559 263.653931 89.098129
v -12.480143 276.346069 88.734398
v -14.162205 275.977844 87.610481
v -15.712399 275.379944 86.574677
v -17.071163 274.575256 85.666779
v -18.186264 273.594757 84.921692
v -19.014866 272.476105 84.368042
v -19.525110 271.262299 84.027100
v -19.697395 270.000000 83.911980
v -19.525110 268.737701 84.027100
v -19.014866 267.523895 84.368042
v -18.186264 266.405243 84.921692
v -17.071163 265.424744 85.666779
v -15.712399 264.620056 86.574677
v -14.162205 264.022156 87.610481
v -12.480143 263.653931 88.734398
v -12.218502 276.346069 88.415588
v -13.648978 275.977844 86.985115
v -14.967310 275.379944 85.666779
v -16.122845 274.575256 84.511246
v -17.071159 273.594757 83.562927
v -17.775826 272.476105 82.858269
v -18.209755 271.262299 82.424332
v -18.356270 270.000000 82.277817
v -18.209755 268.737701 82.424332
v -17.775826 267.523895 82.858269
v -17.071159 266.405243 83.562927
v -16.122845 265.424744 84.511246
v -14.967310 264.620056 85.666779
v -13.648978 264.022156 86.985115
v -12.218502 263.653931 88.415588
v -11.899692 276.346069 88.153954
v -13.023610 275.977844 86.471886
v -14.059416 275.379944 84.921692
v -14.967314 274.575256 83.562927
v -15.712399 273.594757 82.447830
v -16.266052 272.476105 81.619232
v -16.606987 271.262299 81.108978
v -16.722103 270.000000 80.936691
v -16.606987 268.737701 81.108978
v -16.266052 267.523895 81.619232
v -15.712399 266.405243 82.447830
v -14.967314 265.424744 83.562927
v -14.059416 264.620056 84.921692
v -13.023610 264.022156 86.471886
v -11.899692 263.653931 88.153954
v -11.535964 276.346069 87.959534
v -12.310133 275.977844 86.090523
v -13.023607 275.379944 84.368042
v -13.648979 274.575256 82.858269
v -14.162202 273.594757 81.619232
v -14.543567 272.476105 80.698540
v -14.778404 271.262299 80.131584
v -14.857697 270.000000 79.940147
v -14.778404 268.737701 80.131584
v -14.543567 267.523895 80.698540
v -14.162202 266.405243 81.619232
v -13.648979 265.424744 82.858269
v -13.023607 264.620056 84.368042
v -12.310133 264.022156 86.090523
v -11.535964 263.653931 87.959534
v -11.141297 276.346069 87.839813
v -11.535964 275.977844 85.855682
v -11.899690 275.379944 84.027107
v -12.218502 274.575256 82.424332
v -12.480141 273.594757 81.108986
v -12.674559 272.476105 80.131584
v -12.794277 271.262299 79.529709
v -12.834699 270.000000 79.326485
v -12.794277 268.737701 79.529709
v -12.674559 267.523895 80.131584
v -12.480141 266.405243 81.108986
v -12.218502 265.424744 82.424332
v -11.899690 264.620056 84.027107
v -11.535964 264.022156 85.855682
v -11.141297 263.653931 87.839813
v -10.730857 276.346069 87.799393
v -10.730856 275.977844 85.776390
v -10.730856 274.575256 82.277817
v -10.730856 272.476105 79.940147
v -10.730856 267.523895 79.940147
v -10.730856 265.424744 82.277817
v -10.730855 264.620056 83.911987
v -10.730856 264.022156 85.776390
v -10.730857 263.653931 87.799393
vn 0.0876 0.4495 -0.8890
vn 0.0176 -0.9837 -0.1790
vn 0.0967 0.1612 -0.9822
vn 0.0058 0.9982 -0.0590
vn 0.0058 -0.9982 -0.0590
vn 0.0967 -0.1612 -0.9822
vn 0.0176 0.9837 -0.1790
vn 0.0876 -0.4495 -0.8890
vn 0.0301 0.9518 -0.3052
vn 0.0733 -0.6634 -0.7447
vn 0.0435 0.8963 -0.4413
vn 0.0580 -0.8059 -0.5892
vn 0.0580 0.8059 -0.5892
vn 0.0435 -0.8963 -0.4413
vn 0.0733 0.6634 -0.7447
vn 0.0301 -0.9518 -0.3052
vn 0.1287 -0.8963 -0.4244
vn 0.2172 0.6634 -0.7161
vn 0.0890 -0.9518 -0.2935
vn 0.2593 0.4495 -0.8548
vn 0.0522 -0.9837 -0.1722
vn 0.2865 0.1612 -0.9444
vn 0.0172 0.9982 -0.0567
vn 0.0172 -0.9982 -0.0567
vn 0.2865 -0.1612 -0.9444
vn 0.0522 0.9837 -0.1722
vn 0.2593 -0.4495 -0.8548
vn 0.0890 0.9518 -0.2935
vn 0.2172 -0.6634 -0.7161
vn 0.1287 0.8963 -0.4244
vn 0.1719 -0.8059 -0.5666
vn 0.1719 0.8059 -0.5666
vn 0.4211 -0.4495 -0.7878
vn 0.1446 0.9518 -0.2705
vn 0.3527 -0.6634 -0.6599
vn 0.2091 0.8963 -0.3911
vn 0.2791 -0.8059 -0.5221
vn 0.2791 0.8059 -0.5221
vn 0.2091 -0.8963 -0.3911
vn 0.3527 0.6634 -0.6599
vn 0.1446 -0.9518 -0.2705
vn 0.4211 0.4495 -0.7878
vn 0.0848 -0.9837 -0.1587
vn 0.4652 0.1612 -0.8704
vn 0.0279 0.9982 -0.0523
vn 0.0279 -0.9982 -0.0523
vn 0.4652 -0.1612 -0.8704
vn 0.0848 0.9837 -0.1587
vn 0.1946 -0.9518 -0.2371
vn 0.5667 0.4495 -0.6905
vn 0.1141 -0.9837 -0.1391
vn 0.6261 0.1612 -0.7629
vn 0.0376 0.9982 -0.0458
vn 0.0376 -0.9982 -0.0458
vn 0.6261 -0.1612 -0.7629
vn 0.1141 0.9837 -0.1391
vn 0.5667 -0.4495 -0.6905
vn 0.1946 0.9518 -0.2371
vn 0.4747 -0.6634 -0.5784
vn 0.2813 0.8963 -0.3428
vn 0.3756 -0.8059 -0.4577
vn 0.3756 0.8059 -0.4577
vn 0.2813 -0.8963 -0.3428
vn 0.4747 0.6634 -0.5784
vn 0.2371 0.9518 -0.1946
vn 0.5784 -0.6634 -0.4747
vn 0.3428 0.8963 -0.2813
vn 0.4577 -0.8059 -0.3756
vn 0.4577 0.8059 -0.3756
vn 0.3428 -0.8963 -0.2813
vn 0.5784 0.6634 -0.4747
vn 0.2371 -0.9518 -0.1946
vn 0.6905 0.4495 -0.5667
vn 0.1391 -0.9837 -0.1141
vn 0.7629 0.1612 -0.6261
vn 0.0458 0.9982 -0.0376
vn 0.0458 -0.9982 -0.0376
vn 0.7629 -0.1612 -0.6261
vn 0.1391 0.9837 -0.1141
vn 0.6905 -0.4495 -0.5667
vn 0.7878 0.4495 -0.4211
vn 0.1587 -0.9837 -0.0848
vn 0.8704 0.1612 -0.4652
vn 0.0523 0.9982 -0.0279
vn 0.0523 -0.9982 -0.0279
vn 0.8704 -0.1612 -0.4652
vn 0.1587 0.9837 -0.0848
vn 0.7878 -0.4495 -0.4211
vn 0.2705 0.9518 -0.1446
vn 0.6599 -0.6634 -0.3527
vn 0.3911 0.8963 -0.2091
vn 0.5221 -0.8059 -0.2791
vn 0.5221 0.8059 -0.2791
vn 0.3911 -0.8963 -0.2091
vn 0.6599 0.6634 -0.3527
vn 0.2705 -0.9518 -0.1446
vn 0.7161 -0.6634 -0.2172
vn 0.4244 0.8963 -0.1287
vn 0.5666 -0.8059 -0.1719
vn 0.5666 0.8059 -0.1719
vn 0.4244 -0.8963 -0.1287
vn 0.7161 0.6634 -0.2172
vn 0.2935 -0.9518 -0.0890
vn 0.8548 0.4495 -0.2593
vn 0.1722 -0.9837 -0.0522
vn 0.9444 0.1612 -0.2865
vn 0.0567 0.9982 -0.0172
vn 0.0567 -0.9982 -0.0172
vn 0.9444 -0.1612 -0.2865
vn 0.1722 0.9837 -0.0522
vn 0.8548 -0.4495 -0.2593
vn 0.2935 0.9518 -0.0890
vn 0.1790 -0.9837 -0.0176
vn 0.9822 0.1612 -0.0967
vn 0.0590 0.9982 -0.0058
vn 0.0590 -0.9982 -0.0058
vn 0.9822 -0.1612 -0.0967
vn 0.1790 0.9837 -0.0176
vn 0.8890 -0.4495 -0.0876
vn 0.3052 0.9518 -0.0301
vn 0.7447 -0.6634 -0.0733
vn 0.4413 0.8963 -0.0435
vn 0.5892 -0.8059 -0.0580
vn 0.5892 0.8059 -0.0580
vn 0.4413 -0.8963 -0.0435
vn 0.7447 0.6634 -0.0733
vn 0.3052 -0.9518 -0.0301
vn 0.8890 0.4495 -0.0876
vn 0.4413 0.8963 0.0435
vn 0.5892 -0.8059 0.0580
vn 0.5892 0.8059 0.0580
vn 0.4413 -0.8963 0.0435
vn 0.7447 0.6634 0.0733
vn 0.3052 -0.9518 0.0301
vn 0.8890 0.4495 0.0876
vn 0.1790 -0.9837 0.0176
vn 0.9822 0.1612 0.0967
vn 0.0590 0.9982 0.0058
vn 0.0590 -0.9982 0.0058
vn 0.9822 -0.1612 0.0967
vn 0.1790 0.9837 0.0176
vn 0.8890 -0.4495 0.0876
vn 0.3052 0.9518 0.0301
vn 0.7447 -0.6634 0.0733
vn 0.9444 0.1612 0.2865
vn 0.0567 0.9982 0.0172
vn 0.0567 -0.9982 0.0172
vn 0.9444 -0.1612 0.2865
vn 0.1722 0.9837 0.0522
vn 0.8548 -0.4495 0.2593
vn 0.2935 0.9518 0.0890
vn 0.7161 -0.6634 0.2172
vn 0.4244 0.8963 0.1287
vn 0.5666 -0.8059 0.1719
vn 0.5666 0.8059 0.1719
vn 0.4244 -0.8963 0.1287
vn 0.7161 0.6634 0.2172
vn 0.2935 -0.9518 0.0890
vn 0.8548 0.4495 0.2593
vn 0.1722 -0.9837 0.0522
vn 0.5221 -0.8059 0.2791
vn 0.5221 0.8059 0.2791
vn 0.3911 -0.8963 0.2091
vn 0.6599 0.6634 0.3527
vn 0.2705 -0.9518 0.1446
vn 0.7878 0.4495 0.4211
vn 0.1587 -0.9837 0.0848
vn 0.8704 0.1612 0.4652
vn 0.0523 0.9982 0.0279
vn 0.0523 -0.9982 0.0279
vn 0.8704 -0.1612 0.4652
vn 0.1587 0.9837 0.0848
vn 0.7878 -0.4495 0.4211
vn 0.2705 0.9518 0.1446
vn 0.6599 -0.6634 0.3527
vn 0.3911 0.8963 0.2091
vn 0.0458 -0.9982 0.0376
vn 0.7629 -0.1612 0.6261
vn 0.1391 0.9837 0.1141
vn 0.6905 -0.4495 0.5667
vn 0.2371 0.9518 0.1946
vn 0.5784 -0.6634 0.4747
vn 0.3428 0.8963 0.2813
vn 0.4577 -0.8059 0.3756
vn 0.4577 0.8059 0.3756
vn 0.3428 -0.8963 0.2813
vn 0.5784 0.6634 0.4747
vn 0.2371 -0.9518 0.1946
vn 0.6905 0.4495 0.5667
vn 0.1391 -0.9837 0.1141
vn 0.7629 0.1612 0.6261
vn 0.0458 0.9982 0.0376
vn 0.2813 -0.8963 0.3428
vn 0.4747 0.6634 0.5784
vn 0.1946 -0.9518 0.2371
vn 0.5667 0.4495 0.6905
vn 0.1141 -0.9837 0.1391
vn 0.6261 0.1612 0.7629
vn 0.0376 0.9982 0.0458
vn 0.0376 -0.9982 0.0458
vn 0.6261 -0.1612 0.7629
vn 0.1141 0.9837 0.1391
vn 0.5667 -0.4495 0.6905
vn 0.1946 0.9518 0.2371
vn 0.4747 -0.6634 0.5784
vn 0.2813 0.8963 0.3428
vn 0.3756 -0.8059 0.4577
vn 0.3756 0.8059 0.4577
vn 0.0848 0.9837 0.1587
vn 0.4211 -0.4495 0.7878
vn 0.1446 0.9518 0.2705
vn 0.3527 -0.6634 0.6599
vn 0.2091 0.8963 0.3911
vn 0.2791 -0.8059 0.5221
vn 0.2791 0.8059 0.5221
vn 0.2091 -0.8963 0.3911
vn 0.3527 0.6634 0.6599
vn 0.1446 -0.9518 0.2705
vn 0.4211 0.4495 0.7878
vn 0.0848 -0.9837 0.1587
vn 0.4652 0.1612 0.8704
vn 0.0279 0.9982 0.0523
vn 0.0279 -0.9982 0.0523
vn 0.4652 -0.1612 0.8704
vn 0.2172 0.6634 0.7161
vn 0.0890 -0.9518 0.2935
vn 0.2593 0.4495 0.8548
vn 0.0522 -0.9837 0.1722
vn 0.2865 0.1612 0.9444
vn 0.0172 0.9982 0.0567
vn 0.0172 -0.9982 0.0567
vn 0.2865 -0.1612 0.9444
vn 0.0522 0.9837 0.1722
vn 0.2593 -0.4495 0.8548
vn 0.0890 0.9518 0.2935
vn 0.2172 -0.6634 0.7161
vn 0.1287 0.8963 0.4244
vn 0.1719 -0.8059 0.5666
vn 0.1719 0.8059 0.5666
vn 0.1287 -0.8963 0.4244
vn 0.0876 -0.4495 0.8890
vn 0.0301 0.9518 0.3052
vn 0.0733 -0.6634 0.7447
vn 0.0435 0.8963 0.4413
vn 0.0580 -0.8059 0.5892
vn 0.0580 0.8059 0.5892
vn 0.0435 -0.8963 0.4413
vn 0.0733 0.6634 0.7447
vn 0.0301 -0.9518 0.3052
vn 0.0876 0.4495 0.8890
vn 0.0176 -0.9837 0.1790
vn 0.0967 0.1612 0.9822
vn 0.0058 0.9982 0.0590
vn 0.0058 -0.9982 0.0590
vn 0.0967 -0.1612 0.9822
vn 0.0176 0.9837 0.1790
vn -0.0301 -0.9518 0.3052
vn -0.0876 0.4495 0.8890
vn -0.0176 -0.9837 0.1790
vn -0.0967 0.1612 0.9822
vn -0.0058 0.9982 0.0590
vn -0.0058 -0.9982 0.0590
vn -0.0967 -0.1612 0.9822
vn -0.0176 0.9837 0.1790
vn -0.0876 -0.4495 0.8890
vn -0.0301 0.9518 0.3052
vn -0.0733 -0.6634 0.7447
vn -0.0435 0.8963 0.4413
vn -0.0580 -0.8059 0.5892
vn -0.0580 0.8059 0.5892
vn -0.0435 -0.8963 0.4413
vn -0.0733 0.6634 0.7447
vn -0.0890 0.9518 0.2935
vn -0.2172 -0.6634 0.7161
vn -0.1287 0.8963 0.4244
vn -0.1719 -0.8059 0.5666
vn -0.1719 0.8059 0.5666
vn -0.1287 -0.8963 0.4244
vn -0.2172 0.6634 0.7161
vn -0.0890 -0.9518 0.2935
vn -0.2593 0.4495 0.8548
vn -0.0522 -0.9837 0.1722
vn -0.2865 0.1612 0.9444
vn -0.0172 0.9982 0.0567
vn -0.0172 -0.9982 0.0567
vn -0.2865 -0.1612 0.9444
vn -0.0522 0.9837 0.1722
vn -0.2593 -0.4495 0.8548
vn -0.4211 0.4495 0.7878
vn -0.0848 -0.9837 0.1587
vn -0.4652 0.1612 0.8704
vn -0.0279 0.9982 0.0523
vn -0.0279 -0.9982 0.0523
vn -0.4652 -0.1612 0.8704
vn -0.0848 0.9837 0.1587
vn -0.4211 -0.4495 0.7878
vn -0.1446 0.9518 0.2705
vn -0.3527 -0.6634 0.6599
vn -0.2091 0.8963 0.3911
vn -0.2791 -0.8059 0.5221
vn -0.2791 0.8059 0.5221
vn -0.2091 -0.8963 0.3911
vn -0.3527 0.6634 0.6599
vn -0.1446 -0.9518 0.2705
vn -0.4747 -0.6634 0.5784
vn -0.2813 0.8963 0.3428
vn -0.3756 -0.8059 0.4577
vn -0.3756 0.8059 0.4577
vn -0.2813 -0.8963 0.3428
vn -0.4747 0.6634 0.5784
vn -0.1946 -0.9518 0.2371
vn -0.5667 0.4495 0.6905
vn -0.1141 -0.9837 0.1391
vn -0.6261 0.1612 0.7629
vn -0.0376 0.9982 0.0458
vn -0.0376 -0.9982 0.0458
vn -0.6261 -0.1612 0.7629
vn -0.1141 0.9837 0.1391
vn -0.5667 -0.4495 0.6905
vn -0.1946 0.9518 0.2371
vn -0.1391 -0.9837 0.1141
vn -0.7629 0.1612 0.6261
vn -0.0458 0.9982 0.0376
vn -0.0458 -0.9982 0.0376
vn -0.7629 -0.1612 0.6261
vn -0.1391 0.9837 0.1141
vn -0.6905 -0.4495 0.5667
vn -0.2371 0.9518 0.1946
vn -0.5784 -0.6634 0.4747
vn -0.3428 0.8963 0.2813
vn -0.4577 -0.8059 0.3756
vn -0.4577 0.8059 0.3756
vn -0.3428 -0.8963 0.2813
vn -0.5784 0.6634 0.4747
vn -0.2371 -0.9518 0.1946
vn -0.6905 0.4495 0.5667
vn -0.5221 -0.8059 0.2791
vn -0.5221 0.8059 0.2791
vn -0.3911 -0.8963 0.2091
vn -0.6599 0.6634 0.3527
vn -0.2705 -0.9518 0.1446
vn -0.7878 0.4495 0.4211
vn -0.1587 -0.9837 0.0848
vn -0.8704 0.1612 0.4652
vn -0.0523 0.9982 0.0279
vn -0.0523 -0.9982 0.0279
vn -0.8704 -0.1612 0.4652
vn -0.1587 0.9837 0.0848
vn -0.7878 -0.4495 0.4211
vn -0.2705 0.9518 0.1446
vn -0.6599 -0.6634 0.3527
vn -0.3911 0.8963 0.2091
vn -0.0567 0.9982 0.0172
vn -0.0567 -0.9982 0.0172
vn -0.9444 -0.1612 0.2865
vn -0.1722 0.9837 0.0522
vn -0.8548 -0.4495 0.2593
vn -0.2935 0.9518 0.0890
vn -0.7161 -0.6634 0.2172
vn -0.4244 0.8963 0.1287
vn -0.5666 -0.8059 0.1719
vn -0.5666 0.8059 0.1719
vn -0.4244 -0.8963 0.1287
vn -0.7161 0.6634 0.2172
vn -0.2935 -0.9518 0.0890
vn -0.8548 0.4495 0.2593
vn -0.1722 -0.9837 0.0522
vn -0.9444 0.1612 0.2865
vn -0.5892 0.8059 0.0580
vn -0.4413 -0.8963 0.0435
vn -0.7447 0.6634 0.0733
vn -0.3052 -0.9518 0.0301
vn -0.8890 0.4495 0.0876
vn -0.1790 -0.9837 0.0176
vn -0.9822 0.1612 0.0967
vn -0.0590 0.9982 0.0058
vn -0.0590 -0.9982 0.0058
vn -0.9822 -0.1612 0.0967
vn -0.1790 0.9837 0.0176
vn -0.8890 -0.4495 0.0876
vn -0.3052 0.9518 0.0301
vn -0.7447 -0.6634 0.0733
vn -0.4413 0.8963 0.0435
vn -0.5892 -0.8059 0.0580
vn -0.9822 -0.1612 -0.0967
vn -0.1790 0.9837 -0.0176
vn -0.8890 -0.4495 -0.0876
vn -0.3052 0.9518 -0.0301
vn -0.7447 -0.6634 -0.0733
vn -0.4413 0.8963 -0.0435
vn -0.5892 -0.8059 -0.0580
vn -0.5892 0.8059 -0.0580
vn -0.4413 -0.8963 -0.0435
vn -0.7447 0.6634 -0.0733
vn -0.3052 -0.9518 -0.0301
vn -0.8890 0.4495 -0.0876
vn -0.1790 -0.9837 -0.0176
vn -0.9822 0.1612 -0.0967
vn -0.0590 0.9982 -0.0058
vn -0.0590 -0.9982 -0.0058
vn -0.4244 -0.8963 -0.1287
vn -0.7161 0.6634 -0.2172
vn -0.2935 -0.9518 -0.0890
vn -0.8548 0.4495 -0.2593
vn -0.1722 -0.9837 -0.0522
vn -0.9444 0.1612 -0.2865
vn -0.0567 0.9982 -0.0172
vn -0.0567 -0.9982 -0.0172
vn -0.9444 -0.1612 -0.2865
vn -0.1722 0.9837 -0.0522
vn -0.8548 -0.4495 -0.2593
vn -0.2935 0.9518 -0.0890
vn -0.7161 -0.6634 -0.2172
vn -0.4244 0.8963 -0.1287
vn -0.5666 -0.8059 -0.1719
vn -0.5666 0.8059 -0.1719
vn -0.1587 0.9837 -0.0848
vn -0.7878 -0.4495 -0.4211
vn -0.2705 0.9518 -0.1446
vn -0.6599 -0.6634 -0.3527
vn -0.3911 0.8963 -0.2091
vn -0.5221 -0.8059 -0.2791
vn -0.5221 0.8059 -0.2791
vn -0.3911 -0.8963 -0.2091
vn -0.6599 0.6634 -0.3527
vn -0.2705 -0.9518 -0.1446
vn -0.7878 0.4495 -0.4211
vn -0.1587 -0.9837 -0.0848
vn -0.8704 0.1612 -0.4652
vn -0.0523 0.9982 -0.0279
vn -0.0523 -0.9982 -0.0279
vn -0.8704 -0.1612 -0.4652
vn -0.5784 0.6634 -0.4747
vn -0.2371 -0.9518 -0.1946
vn -0.6905 0.4495 -0.5667
vn -0.1391 -0.9837 -0.1141
vn -0.7629 0.1612 -0.6261
vn -0.0458 0.9982 -0.0376
vn -0.0458 -0.9982 -0.0376
vn -0.7629 -0.1612 -0.6261
vn -0.1391 0.9837 -0.1141
vn -0.6905 -0.4495 -0.5667
vn -0.2371 0.9518 -0.1946
vn -0.5784 -0.6634 -0.4747
vn -0.3428 0.8963 -0.2813
vn -0.4577 -0.8059 -0.3756
vn -0.4577 0.8059 -0.3756
vn -0.3428 -0.8963 -0.2813
vn -0.5667 -0.4495 -0.6905
vn -0.1946 0.9518 -0.2371
vn -0.4747 -0.6634 -0.5784
vn -0.2813 0.8963 -0.3428
vn -0.3756 -0.8059 -0.4577
vn -0.3756 0.8059 -0.4577
vn -0.2813 -0.8963 -0.3428
vn -0.4747 0.6634 -0.5784
vn -0.1946 -0.9518 -0.2371
vn -0.5667 0.4495 -0.6905
vn -0.1141 -0.9837 -0.1391
vn -0.6261 0.1612 -0.7629
vn -0.0376 0.9982 -0.0458
vn -0.0376 -0.9982 -0.0458
vn -0.6261 -0.1612 -0.7629
vn -0.1141 0.9837 -0.1391
vn -0.1446 -0.9518 -0.2705
vn -0.4211 0.4495 -0.7878
vn -0.0848 -0.9837 -0.1587
vn -0.4652 0.1612 -0.8704
vn -0.0279 0.9982 -0.0523
vn -0.0279 -0.9982 -0.0523
vn -0.4652 -0.1612 -0.8704
vn -0.0848 0.9837 -0.1587
vn -0.4211 -0.4495 -0.7878
vn -0.1446 0.9518 -0.2705
vn -0.3527 -0.6634 -0.6599
vn -0.2091 0.8963 -0.3911
vn -0.2791 -0.8059 -0.5221
vn -0.2791 0.8059 -0.5221
vn -0.2091 -0.8963 -0.3911
vn -0.3527 0.6634 -0.6599
vn -0.2172 -0.6634 -0.7161
vn -0.1287 0.8963 -0.4244
vn -0.1719 -0.8059 -0.5666
vn -0.1719 0.8059 -0.5666
vn -0.1287 -0.8963 -0.4244
vn -0.2172 0.6634 -0.7161
vn -0.0890 -0.9518 -0.2935
vn -0.2593 0.4495 -0.8548
vn -0.0522 -0.9837 -0.1722
vn -0.2865 0.1612 -0.9444
vn -0.0172 0.9982 -0.0567
vn -0.0172 -0.9982 -0.0567
vn -0.2865 -0.1612 -0.9444
vn -0.0522 0.9837 -0.1722
vn -0.2593 -0.4495 -0.8548
vn -0.0890 0.9518 -0.2935
vn -0.0176 -0.9837 -0.1790
vn -0.0967 0.1612 -0.9822
vn -0.0058 0.9982 -0.0590
vn -0.0058 -0.9982 -0.0590
vn -0.0967 -0.1612 -0.9822
vn -0.0176 0.9837 -0.1790
vn -0.0876 -0.4495 -0.8890
vn -0.0301 0.9518 -0.3052
vn -0.0733 -0.6634 -0.7447
vn -0.0435 0.8963 -0.4413
vn -0.0580 -0.8059 -0.5892
vn -0.0580 0.8059 -0.5892
vn -0.0435 -0.8963 -0.4413
vn -0.0733 0.6634 -0.7447
vn -0.0301 -0.9518 -0.3052
vn -0.0876 0.4495 -0.8890
vt 0.750000 0.562500
vt 0.750000 0.625000
vt 0.718750 0.625000
vt 0.718750 0.562500
vt 0.750000 0.062500
vt 0.750000 0.125000
vt 0.718750 0.125000
vt 0.718750 0.062500
vt 0.750000 0.500000
vt 0.718750 0.500000
vt 0.750000 0.937500
vt 0.734375 1.000000
vt 0.718750 0.937500
vt 0.734375 0.000000
vt 0.750000 0.437500
vt 0.718750 0.437500
vt 0.750000 0.875000
vt 0.718750 0.875000
vt 0.750000 0.375000
vt 0.718750 0.375000
vt 0.750000 0.812500
vt 0.718750 0.812500
vt 0.750000 0.312500
vt 0.718750 0.312500
vt 0.750000 0.750000
vt 0.718750 0.750000
vt 0.750000 0.250000
vt 0.718750 0.250000
vt 0.750000 0.687500
vt 0.718750 0.687500
vt 0.750000 0.187500
vt 0.718750 0.187500
vt 0.687500 0.250000
vt 0.687500 0.187500
vt 0.687500 0.687500
vt 0.687500 0.625000
vt 0.687500 0.125000
vt 0.687500 0.562500
vt 0.687500 0.062500
vt 0.687500 0.500000
vt 0.703125 1.000000
vt 0.687500 0.937500
vt 0.703125 0.000000
vt 0.687500 0.437500
vt 0.687500 0.875000
vt 0.687500 0.375000
vt 0.687500 0.812500
vt 0.687500 0.312500
vt 0.687500 0.750000
vt 0.656250 0.437500
vt 0.656250 0.375000
vt 0.656250 0.875000
vt 0.656250 0.812500
vt 0.656250 0.312500
vt 0.656250 0.750000
vt 0.656250 0.250000
vt 0.656250 0.687500
vt 0.656250 0.187500
vt 0.656250 0.625000
vt 0.656250 0.125000
vt 0.656250 0.562500
vt 0.656250 0.062500
vt 0.656250 0.500000
vt 0.671875 1.000000
vt 0.656250 0.937500
vt 0.671875 0.000000
vt 0.625000 0.187500
vt 0.625000 0.125000
vt 0.625000 0.625000
vt 0.625000 0.562500
vt 0.625000 0.062500
vt 0.625000 0.500000
vt 0.640625 1.000000
vt 0.625000 0.937500
vt 0.640625 0.000000
vt 0.625000 0.437500
vt 0.625000 0.875000
vt 0.625000 0.375000
vt 0.625000 0.812500
vt 0.625000 0.312500
vt 0.625000 0.750000
vt 0.625000 0.250000
vt 0.625000 0.687500
vt 0.593750 0.875000
vt 0.593750 0.812500
vt 0.593750 0.375000
vt 0.593750 0.312500
vt 0.593750 0.750000
vt 0.593750 0.250000
vt 0.593750 0.687500
vt 0.593750 0.187500
vt 0.593750 0.625000
vt 0.593750 0.125000
vt 0.593750 0.562500
vt 0.593750 0.062500
vt 0.593750 0.500000
vt 0.609375 1.000000
vt 0.593750 0.937500
vt 0.609375 0.000000
vt 0.593750 0.437500
vt 0.562500 0.625000
vt 0.562500 0.562500
vt 0.562500 0.125000
vt 0.562500 0.062500
vt 0.562500 0.500000
vt 0.578125 1.000000
vt 0.562500 0.937500
vt 0.578125 0.000000
vt 0.562500 0.437500
vt 0.562500 0.875000
vt 0.562500 0.375000
vt 0.562500 0.812500
vt 0.562500 0.312500
vt 0.562500 0.750000
vt 0.562500 0.250000
vt 0.562500 0.687500
vt 0.562500 0.187500
vt 0.531250 0.375000
vt 0.531250 0.312500
vt 0.531250 0.812500
vt 0.531250 0.750000
vt 0.531250 0.250000
vt 0.531250 0.687500
vt 0.531250 0.187500
vt 0.531250 0.625000
vt 0.531250 0.125000
vt 0.531250 0.562500
vt 0.531250 0.062500
vt 0.531250 0.500000
vt 0.546875 1.000000
vt 0.531250 0.937500
vt 0.546875 0.000000
vt 0.531250 0.437500
vt 0.531250 0.875000
vt 0.500000 0.125000
vt 0.500000 0.062500
vt 0.500000 0.562500
vt 0.500000 0.500000
vt 0.515625 1.000000
vt 0.500000 0.937500
vt 0.515625 0.000000
vt 0.500000 0.437500
vt 0.500000 0.875000
vt 0.500000 0.375000
vt 0.500000 0.812500
vt 0.500000 0.312500
vt 0.500000 0.750000
vt 0.500000 0.250000
vt 0.500000 0.687500
vt 0.500000 0.187500
vt 0.500000 0.625000
vt 0.468750 0.812500
vt 0.468750 0.750000
vt 0.468750 0.312500
vt 0.468750 0.250000
vt 0.468750 0.687500
vt 0.468750 0.187500
vt 0.468750 0.625000
vt 0.468750 0.125000
vt 0.468750 0.562500
vt 0.468750 0.062500
vt 0.468750 0.500000
vt 0.484375 1.000000
vt 0.468750 0.937500
vt 0.484375 0.000000
vt 0.468750 0.437500
vt 0.468750 0.875000
vt 0.468750 0.375000
vt 0.437500 0.562500
vt 0.437500 0.500000
vt 0.453125 1.000000
vt 0.437500 0.937500
vt 0.453125 0.000000
vt 0.437500 0.062500
vt 0.437500 0.437500
vt 0.437500 0.875000
vt 0.437500 0.375000
vt 0.437500 0.812500
vt 0.437500 0.312500
vt 0.437500 0.750000
vt 0.437500 0.250000
vt 0.437500 0.687500
vt 0.437500 0.187500
vt 0.437500 0.625000
vt 0.437500 0.125000
vt 0.406250 0.312500
vt 0.406250 0.250000
vt 0.406250 0.750000
vt 0.406250 0.687500
vt 0.406250 0.187500
vt 0.406250 0.625000
vt 0.406250 0.125000
vt 0.406250 0.562500
vt 0.406250 0.062500
vt 0.406250 0.500000
vt 0.421875 1.000000
vt 0.406250 0.937500
vt 0.421875 0.000000
vt 0.406250 0.437500
vt 0.406250 0.875000
vt 0.406250 0.375000
vt 0.406250 0.812500
vt 0.390625 0.000000
vt 0.375000 0.062500
vt 0.375000 0.500000
vt 0.375000 0.437500
vt 0.375000 0.937500
vt 0.375000 0.875000
vt 0.375000 0.375000
vt 0.375000 0.812500
vt 0.375000 0.312500
vt 0.375000 0.750000
vt 0.375000 0.250000
vt 0.375000 0.687500
vt 0.375000 0.187500
vt 0.375000 0.625000
vt 0.375000 0.125000
vt 0.375000 0.562500
vt 0.390625 1.000000
vt 0.343750 0.250000
vt 0.343750 0.187500
vt 0.343750 0.687500
vt 0.343750 0.625000
vt 0.343750 0.125000
vt 0.343750 0.562500
vt 0.343750 0.062500
vt 0.343750 0.500000
vt 0.359375 1.000000
vt 0.343750 0.937500
vt 0.359375 0.000000
vt 0.343750 0.437500
vt 0.343750 0.875000
vt 0.343750 0.375000
vt 0.343750 0.812500
vt 0.343750 0.312500
vt 0.343750 0.750000
vt 0.312500 0.937500
vt 0.312500 0.875000
vt 0.312500 0.437500
vt 0.312500 0.375000
vt 0.312500 0.812500
vt 0.312500 0.312500
vt 0.312500 0.750000
vt 0.312500 0.250000
vt 0.312500 0.687500
vt 0.312500 0.187500
vt 0.312500 0.625000
vt 0.312500 0.125000
vt 0.312500 0.562500
vt 0.312500 0.062500
vt 0.312500 0.500000
vt 0.328125 1.000000
vt 0.328125 0.000000
vt 0.281250 0.687500
vt 0.281250 0.625000
vt 0.281250 0.187500
vt 0.281250 0.125000
vt 0.281250 0.562500
vt 0.281250 0.062500
vt 0.281250 0.500000
vt 0.296875 1.000000
vt 0.281250 0.937500
vt 0.296875 0.000000
vt 0.281250 0.437500
vt 0.281250 0.875000
vt 0.281250 0.375000
vt 0.281250 0.812500
vt 0.281250 0.312500
vt 0.281250 0.750000
vt 0.281250 0.250000
vt 0.250000 0.437500
vt 0.250000 0.375000
vt 0.250000 0.875000
vt 0.250000 0.812500
vt 0.250000 0.312500
vt 0.250000 0.750000
vt 0.250000 0.250000
vt 0.250000 0.687500
vt 0.250000 0.187500
vt 0.250000 0.625000
vt 0.250000 0.125000
vt 0.250000 0.562500
vt 0.250000 0.062500
vt 0.250000 0.500000
vt 0.265625 1.000000
vt 0.250000 0.937500
vt 0.265625 0.000000
vt 0.218750 0.187500
vt 0.218750 0.125000
vt 0.218750 0.625000
vt 0.218750 0.562500
vt 0.218750 0.062500
vt 0.218750 0.500000
vt 0.234375 1.000000
vt 0.218750 0.937500
vt 0.234375 0.000000
vt 0.218750 0.437500
vt 0.218750 0.875000
vt 0.218750 0.375000
vt 0.218750 0.812500
vt 0.218750 0.312500
vt 0.218750 0.750000
vt 0.218750 0.250000
vt 0.218750 0.687500
vt 0.187500 0.875000
vt 0.187500 0.812500
vt 0.187500 0.375000
vt 0.187500 0.312500
vt 0.187500 0.750000
vt 0.187500 0.250000
vt 0.187500 0.687500
vt 0.187500 0.187500
vt 0.187500 0.625000
vt 0.187500 0.125000
vt 0.187500 0.562500
vt 0.187500 0.062500
vt 0.187500 0.500000
vt 0.203125 1.000000
vt 0.187500 0.937500
vt 0.203125 0.000000
vt 0.187500 0.437500
vt 0.156250 0.625000
vt 0.156250 0.562500
vt 0.156250 0.125000
vt 0.156250 0.062500
vt 0.156250 0.500000
vt 0.171875 1.000000
vt 0.156250 0.937500
vt 0.171875 0.000000
vt 0.156250 0.437500
vt 0.156250 0.875000
vt 0.156250 0.375000
vt 0.156250 0.812500
vt 0.156250 0.312500
vt 0.156250 0.750000
vt 0.156250 0.250000
vt 0.156250 0.687500
vt 0.156250 0.187500
vt 0.125000 0.375000
vt 0.125000 0.312500
vt 0.125000 0.812500
vt 0.125000 0.750000
vt 0.125000 0.250000
vt 0.125000 0.687500
vt 0.125000 0.187500
vt 0.125000 0.625000
vt 0.125000 0.125000
vt 0.125000 0.562500
vt 0.125000 0.062500
vt 0.125000 0.500000
vt 0.140625 1.000000
vt 0.125000 0.937500
vt 0.140625 0.000000
vt 0.125000 0.437500
vt 0.125000 0.875000
vt 0.093750 0.125000
vt 0.093750 0.062500
vt 0.093750 0.562500
vt 0.093750 0.500000
vt 0.109375 1.000000
vt 0.093750 0.937500
vt 0.109375 0.000000
vt 0.093750 0.437500
vt 0.093750 0.875000
vt 0.093750 0.375000
vt 0.093750 0.812500
vt 0.093750 0.312500
vt 0.093750 0.750000
vt 0.093750 0.250000
vt 0.093750 0.687500
vt 0.093750 0.187500
vt 0.093750 0.625000
vt 0.062500 0.312500
vt 0.062500 0.250000
vt 0.062500 0.750000
vt 0.062500 0.687500
vt 0.062500 0.187500
vt 0.062500 0.625000
vt 0.062500 0.125000
vt 0.062500 0.562500
vt 0.062500 0.062500
vt 0.062500 0.500000
vt 0.078125 1.000000
vt 0.062500 0.937500
vt 0.078125 0.000000
vt 0.062500 0.437500
vt 0.062500 0.875000
vt 0.062500 0.375000
vt 0.062500 0.812500
vt 0.046875 1.000000
vt 0.031250 0.937500
vt 0.046875 0.000000
vt 0.031250 0.062500
vt 0.031250 0.500000
vt 0.031250 0.437500
vt 0.031250 0.875000
vt 0.031250 0.375000
vt 0.031250 0.812500
vt 0.031250 0.312500
vt 0.031250 0.750000
vt 0.031250 0.250000
vt 0.031250 0.687500
vt 0.031250 0.187500
vt 0.031250 0.625000
vt 0.031250 0.125000
vt 0.031250 0.562500
vt 0.000000 0.750000
vt 0.000000 0.687500
vt 0.000000 0.250000
vt 0.000000 0.187500
vt 0.000000 0.625000
vt 0.000000 0.125000
vt 0.000000 0.562500
vt 0.000000 0.062500
vt 0.000000 0.500000
vt 0.015625 1.000000
vt 0.000000 0.937500
vt 0.015625 0.000000
vt 0.000000 0.437500
vt 0.000000 0.875000
vt 0.000000 0.375000
vt 0.000000 0.812500
vt 0.000000 0.312500
vt 1.000000 0.437500
vt 1.000000 0.500000
vt 0.968750 0.500000
vt 0.968750 0.437500
vt 1.000000 0.875000
vt 1.000000 0.937500
vt 0.968750 0.937500
vt 0.968750 0.875000
vt 1.000000 0.375000
vt 0.968750 0.375000
vt 1.000000 0.812500
vt 0.968750 0.812500
vt 1.000000 0.312500
vt 0.968750 0.312500
vt 1.000000 0.750000
vt 0.968750 0.750000
vt 1.000000 0.250000
vt 0.968750 0.250000
vt 1.000000 0.687500
vt 0.968750 0.687500
vt 1.000000 0.187500
vt 0.968750 0.187500
vt 1.000000 0.625000
vt 0.968750 0.625000
vt 1.000000 0.125000
vt 0.968750 0.125000
vt 1.000000 0.562500
vt 0.968750 0.562500
vt 1.000000 0.062500
vt 0.968750 0.062500
vt 0.984375 1.000000
vt 0.984375 0.000000
vt 0.937500 0.250000
vt 0.937500 0.187500
vt 0.937500 0.687500
vt 0.937500 0.625000
vt 0.937500 0.125000
vt 0.937500 0.562500
vt 0.937500 0.062500
vt 0.937500 0.500000
vt 0.953125 1.000000
vt 0.937500 0.937500
vt 0.953125 0.000000
vt 0.937500 0.437500
vt 0.937500 0.875000
vt 0.937500 0.375000
vt 0.937500 0.812500
vt 0.937500 0.312500
vt 0.937500 0.750000
vt 0.906250 0.937500
vt 0.906250 0.875000
vt 0.906250 0.437500
vt 0.906250 0.375000
vt 0.906250 0.812500
vt 0.906250 0.312500
vt 0.906250 0.750000
vt 0.906250 0.250000
vt 0.906250 0.687500
vt 0.906250 0.187500
vt 0.906250 0.625000
vt 0.906250 0.125000
vt 0.906250 0.562500
vt 0.906250 0.062500
vt 0.906250 0.500000
vt 0.921875 1.000000
vt 0.921875 0.000000
vt 0.875000 0.687500
vt 0.875000 0.625000
vt 0.875000 0.187500
vt 0.875000 0.125000
vt 0.875000 0.562500
vt 0.875000 0.062500
vt 0.875000 0.500000
vt 0.890625 1.000000
vt 0.875000 0.937500
vt 0.890625 0.000000
vt 0.875000 0.437500
vt 0.875000 0.875000
vt 0.875000 0.375000
vt 0.875000 0.812500
vt 0.875000 0.312500
vt 0.875000 0.750000
vt 0.875000 0.250000
vt 0.843750 0.437500
vt 0.843750 0.375000
vt 0.843750 0.875000
vt 0.843750 0.812500
vt 0.843750 0.312500
vt 0.843750 0.750000
vt 0.843750 0.250000
vt 0.843750 0.687500
vt 0.843750 0.187500
vt 0.843750 0.625000
vt 0.843750 0.125000
vt 0.843750 0.562500
vt 0.843750 0.062500
vt 0.843750 0.500000
vt 0.859375 1.000000
vt 0.843750 0.937500
vt 0.859375 0.000000
vt 0.812500 0.187500
vt 0.812500 0.125000
vt 0.812500 0.625000
vt 0.812500 0.562500
vt 0.812500 0.062500
vt 0.812500 0.500000
vt 0.828125 1.000000
vt 0.812500 0.937500
vt 0.828125 0.000000
vt 0.812500 0.437500
vt 0.812500 0.875000
vt 0.812500 0.375000
vt 0.812500 0.812500
vt 0.812500 0.312500
vt 0.812500 0.750000
vt 0.812500 0.250000
vt 0.812500 0.687500
vt 0.781250 0.375000
vt 0.781250 0.312500
vt 0.781250 0.812500
vt 0.781250 0.750000
vt 0.781250 0.250000
vt 0.781250 0.687500
vt 0.781250 0.187500
vt 0.781250 0.625000
vt 0.781250 0.125000
vt 0.781250 0.562500
vt 0.781250 0.062500
vt 0.781250 0.500000
vt 0.796875 1.000000
vt 0.781250 0.937500
vt 0.796875 0.000000
vt 0.781250 0.437500
vt 0.781250 0.875000
vt 0.765625 1.000000
vt 0.765625 0.000000
s 0
f 115/215/71 589/216/71 124/217/71 125/218/71
f 594/219/72 593/220/72 132/221/72 133/222/72
f 116/223/73 115/215/73 125/218/73 126/224/73
f 586/225/74 194/226/74 119/227/74
f 420/228/75 594/219/75 133/222/75
f 117/229/76 116/223/76 126/224/76 127/230/76
f 587/231/77 586/225/77 119/227/77 120/232/77
f 590/233/78 117/229/78 127/230/78 128/234/78
f 113/235/79 587/231/79 120/232/79 121/236/79
f 118/237/80 590/233/80 128/234/80 129/238/80
f 588/239/81 113/235/81 121/236/81 122/240/81
f 591/241/82 118/237/82 129/238/82 130/242/82
f 114/243/83 588/239/83 122/240/83 123/244/83
f 592/245/84 591/241/84 130/242/84 131/246/84
f 589/216/85 114/243/85 123/244/85 124/217/85
f 593/220/86 592/245/86 131/246/86 132/221/86
f 131/246/87 130/242/87 145/247/87 146/248/87
f 124/217/88 123/244/88 138/249/88 139/250/88
f 132/221/89 131/246/89 146/248/89 147/251/89
f 125/218/90 124/217/90 139/250/90 140/252/90
f 133/222/91 132/221/91 147/251/91 148/253/91
f 126/224/92 125/218/92 140/252/92 141/254/92
f 119/227/93 194/255/93 134/256/93
f 420/257/94 133/222/94 148/253/94
f 127/230/95 126/224/95 141/254/95 142/258/95
f 120/232/96 119/227/96 134/256/96 135/259/96
f 128/234/97 127/230/97 142/258/97 143/260/97
f 121/236/98 120/232/98 135/259/98 136/261/98
f 129/238/99 128/234/99 143/260/99 144/262/99
f 122/240/100 121/236/100 136/261/100 137/263/100
f 130/242/101 129/238/101 144/262/101 145/247/101
f 123/244/102 122/240/102 137/263/102 138/249/102
f 143/260/103 142/258/103 157/264/103 158/265/103
f 136/261/104 135/259/104 150/266/104 151/267/104
f 144/262/105 143/260/105 158/265/105 159/268/105
f 137/263/106 136/261/106 151/267/106 152/269/106
f 145/247/107 144/262/107 159/268/107 160/270/107
f 138/249/108 137/263/108 152/269/108 153/271/108
f 146/248/109 145/247/109 160/270/109 161/272/109
f 139/250/110 138/249/110 153/271/110 154/273/110
f 147/251/111 146/248/111 161/272/111 162/274/111
f 140/252/112 139/250/112 154/273/112 155/275/112
f 148/253/113 147/251/113 162/274/113 163/276/113
f 141/254/114 140/252/114 155/275/114 156/277/114
f 134/256/115 194/278/115 149/279/115
f 420/280/116 148/253/116 163/276/116
f 142/258/117 141/254/117 156/277/117 157/264/117
f 135/259/118 134/256/118 149/279/118 150/266/118
f 162/274/119 161/272/119 176/281/119 177/282/119
f 155/275/120 154/273/120 169/283/120 170/284/120
f 163/276/121 162/274/121 177/282/121 178/285/121
f 156/277/122 155/275/122 170/284/122 171/286/122
f 149/279/123 194/287/123 164/288/123
f 420/289/124 163/276/124 178/285/124
f 157/264/125 156/277/125 171/286/125 172/290/125
f 150/266/126 149/279/126 164/288/126 165/291/126
f 158/265/127 157/264/127 172/290/127 173/292/127
f 151/267/128 150/266/128 165/291/128 166/293/128
f 159/268/129 158/265/129 173/292/129 174/294/129
f 152/269/130 151/267/130 166/293/130 167/295/130
f 160/270/131 159/268/131 174/294/131 175/296/131
f 153/271/132 152/269/132 167/295/132 168/297/132
f 161/272/133 160/270/133 175/296/133 176/281/133
f 154/273/134 153/271/134 168/297/134 169/283/134
f 166/293/135 165/291/135 180/298/135 181/299/135
f 174/294/136 173/292/136 188/300/136 189/301/136
f 167/295/137 166/293/137 181/299/137 182/302/137
f 175/296/138 174/294/138 189/301/138 190/303/138
f 168/297/139 167/295/139 182/302/139 183/304/139
f 176/281/140 175/296/140 190/303/140 191/305/140
f 169/283/141 168/297/141 183/304/141 184/306/141
f 177/282/142 176/281/142 191/305/142 192/307/142
f 170/284/143 169/283/143 184/306/143 185/308/143
f 178/285/144 177/282/144 192/307/144 193/309/144
f 171/286/145 170/284/145 185/308/145 186/310/145
f 164/288/146 194/311/146 179/312/146
f 420/313/147 178/285/147 193/309/147
f 172/290/148 171/286/148 186/310/148 187/314/148
f 165/291/149 164/288/149 179/312/149 180/298/149
f 173/292/150 172/290/150 187/314/150 188/300/150
f 185/308/151 184/306/151 200/315/151 201/316/151
f 193/309/152 192/307/152 208/317/152 209/318/152
f 186/310/153 185/308/153 201/316/153 202/319/153
f 179/312/154 194/320/154 195/321/154
f 420/322/155 193/309/155 209/318/155
f 187/314/156 186/310/156 202/319/156 203/323/156
f 180/298/157 179/312/157 195/321/157 196/324/157
f 188/300/158 187/314/158 203/323/158 204/325/158
f 181/299/159 180/298/159 196/324/159 197/326/159
f 189/301/160 188/300/160 204/325/160 205/327/160
f 182/302/161 181/299/161 197/326/161 198/328/161
f 190/303/162 189/301/162 205/327/162 206/329/162
f 183/304/163 182/302/163 198/328/163 199/330/163
f 191/305/164 190/303/164 206/329/164 207/331/164
f 184/306/165 183/304/165 199/330/165 200/315/165
f 192/307/166 191/305/166 207/331/166 208/317/166
f 205/327/167 204/325/167 219/332/167 220/333/167
f 198/328/168 197/326/168 212/334/168 213/335/168
f 206/329/169 205/327/169 220/333/169 221/336/169
f 199/330/170 198/328/170 213/335/170 214/337/170
f 207/331/171 206/329/171 221/336/171 222/338/171
f 200/315/172 199/330/172 214/337/172 215/339/172
f 208/317/173 207/331/173 222/338/173 223/340/173
f 201/316/174 200/315/174 215/339/174 216/341/174
f 209/318/175 208/317/175 223/340/175 224/342/175
f 202/319/176 201/316/176 216/341/176 217/343/176
f 195/321/177 194/344/177 210/345/177
f 420/346/178 209/318/178 224/342/178
f 203/323/179 202/319/179 217/343/179 218/347/179
f 196/324/180 195/321/180 210/345/180 211/348/180
f 204/325/181 203/323/181 218/347/181 219/332/181
f 197/326/182 196/324/182 211/348/182 212/334/182
f 224/342/183 223/340/183 238/349/183 239/350/183
f 217/343/184 216/341/184 231/351/184 232/352/184
f 210/345/185 194/353/185 225/354/185
f 420/355/186 224/342/186 239/350/186
f 218/347/187 217/343/187 232/352/187 233/356/187
f 211/348/188 210/345/188 225/354/188 226/357/188
f 219/332/189 218/347/189 233/356/189 234/358/189
f 212/334/190 211/348/190 226/357/190 227/359/190
f 220/333/191 219/332/191 234/358/191 235/360/191
f 213/335/192 212/334/192 227/359/192 228/361/192
f 221/336/193 220/333/193 235/360/193 236/362/193
f 214/337/194 213/335/194 228/361/194 229/363/194
f 222/338/195 221/336/195 236/362/195 237/364/195
f 215/339/196 214/337/196 229/363/196 230/365/196
f 223/340/197 222/338/197 237/364/197 238/349/197
f 216/341/198 215/339/198 230/365/198 231/351/198
f 228/361/199 227/359/199 242/366/199 243/367/199
f 236/362/200 235/360/200 250/368/200 251/369/200
f 229/363/201 228/361/201 243/367/201 244/370/201
f 237/364/202 236/362/202 251/369/202 252/371/202
f 230/365/203 229/363/203 244/370/203 245/372/203
f 238/349/204 237/364/204 252/371/204 253/373/204
f 231/351/205 230/365/205 245/372/205 246/374/205
f 239/350/206 238/349/206 253/373/206 254/375/206
f 232/352/207 231/351/207 246/374/207 247/376/207
f 225/354/208 194/377/208 240/378/208
f 420/379/209 239/350/209 254/375/209
f 233/356/210 232/352/210 247/376/210 248/380/210
f 226/357/211 225/354/211 240/378/211 241/381/211
f 234/358/212 233/356/212 248/380/212 249/382/212
f 227/359/213 226/357/213 241/381/213 242/366/213
f 235/360/214 234/358/214 249/382/214 250/368/214
f 247/376/215 246/374/215 261/383/215 262/384/215
f 240/378/216 194/385/216 255/386/216
f 420/387/217 254/375/217 269/388/217
f 248/380/218 247/376/218 262/384/218 263/389/218
f 241/381/219 240/378/219 255/386/219 256/390/219
f 249/382/220 248/380/220 263/389/220 264/391/220
f 242/366/221 241/381/221 256/390/221 257/392/221
f 250/368/222 249/382/222 264/391/222 265/393/222
f 243/367/223 242/366/223 257/392/223 258/394/223
f 251/369/224 250/368/224 265/393/224 266/395/224
f 244/370/225 243/367/225 258/394/225 259/396/225
f 252/371/226 251/369/226 266/395/226 267/397/226
f 245/372/227 244/370/227 259/396/227 260/398/227
f 253/373/228 252/371/228 267/397/228 268/399/228
f 246/374/229 245/372/229 260/398/229 261/383/229
f 254/375/230 253/373/230 268/399/230 269/388/230
f 266/395/231 265/393/231 280/400/231 281/401/231
f 259/396/232 258/394/232 273/402/232 274/403/232
f 267/397/233 266/395/233 281/401/233 282/404/233
f 260/398/234 259/396/234 274/403/234 275/405/234
f 268/399/235 267/397/235 282/404/235 283/406/235
f 261/383/236 260/398/236 275/405/236 276/407/236
f 269/388/237 268/399/237 283/406/237 284/408/237
f 262/384/238 261/383/238 276/407/238 277/409/238
f 255/386/239 194/410/239 270/411/239
f 420/412/240 269/388/240 284/408/240
f 263/389/241 262/384/241 277/409/241 278/413/241
f 256/390/242 255/386/242 270/411/242 271/414/242
f 264/391/243 263/389/243 278/413/243 279/415/243
f 257/392/244 256/390/244 271/414/244 272/416/244
f 265/393/245 264/391/245 279/415/245 280/400/245
f 258/394/246 257/392/246 272/416/246 273/402/246
f 420/417/247 284/408/247 299/418/247
f 278/413/248 277/409/248 292/419/248 293/420/248
f 271/414/249 270/411/249 285/421/249 286/422/249
f 279/415/250 278/413/250 293/420/250 294/423/250
f 272/416/251 271/414/251 286/422/251 287/424/251
f 280/400/252 279/415/252 294/423/252 295/425/252
f 273/402/253 272/416/253 287/424/253 288/426/253
f 281/401/254 280/400/254 295/425/254 296/427/254
f 274/403/255 273/402/255 288/426/255 289/428/255
f 282/404/256 281/401/256 296/427/256 297/429/256
f 275/405/257 274/403/257 289/428/257 290/430/257
f 283/406/258 282/404/258 297/429/258 298/431/258
f 276/407/259 275/405/259 290/430/259 291/432/259
f 284/408/260 283/406/260 298/431/260 299/418/260
f 277/409/261 276/407/261 291/432/261 292/419/261
f 270/411/262 194/433/262 285/421/262
f 297/429/263 296/427/263 311/434/263 312/435/263
f 290/430/264 289/428/264 304/436/264 305/437/264
f 298/431/265 297/429/265 312/435/265 313/438/265
f 291/432/266 290/430/266 305/437/266 306/439/266
f 299/418/267 298/431/267 313/438/267 314/440/267
f 292/419/268 291/432/268 306/439/268 307/441/268
f 285/421/269 194/442/269 300/443/269
f 420/444/270 299/418/270 314/440/270
f 293/420/271 292/419/271 307/441/271 308/445/271
f 286/422/272 285/421/272 300/443/272 301/446/272
f 294/423/273 293/420/273 308/445/273 309/447/273
f 287/424/274 286/422/274 301/446/274 302/448/274
f 295/425/275 294/423/275 309/447/275 310/449/275
f 288/426/276 287/424/276 302/448/276 303/450/276
f 296/427/277 295/425/277 310/449/277 311/434/277
f 289/428/278 288/426/278 303/450/278 304/436/278
f 301/446/279 300/443/279 315/451/279 316/452/279
f 309/447/280 308/445/280 323/453/280 324/454/280
f 302/448/281 301/446/281 316/452/281 317/455/281
f 310/449/282 309/447/282 324/454/282 325/456/282
f 303/450/283 302/448/283 317/455/283 318/457/283
f 311/434/284 310/449/284 325/456/284 326/458/284
f 304/436/285 303/450/285 318/457/285 319/459/285
f 312/435/286 311/434/286 326/458/286 327/460/286
f 305/437/287 304/436/287 319/459/287 320/461/287
f 313/438/288 312/435/288 327/460/288 328/462/288
f 306/439/289 305/437/289 320/461/289 321/463/289
f 314/440/290 313/438/290 328/462/290 329/464/290
f 307/441/291 306/439/291 321/463/291 322/465/291
f 300/443/292 194/466/292 315/451/292
f 420/467/293 314/440/293 329/464/293
f 308/445/294 307/441/294 322/465/294 323/453/294
f 320/461/295 319/459/295 334/468/295 335/469/295
f 328/462/296 327/460/296 342/470/296 343/471/296
f 321/463/297 320/461/297 335/469/297 336/472/297
f 329/464/298 328/462/298 343/471/298 344/473/298
f 322/465/299 321/463/299 336/472/299 337/474/299
f 315/451/300 194/475/300 330/476/300
f 420/477/301 329/464/301 344/473/301
f 323/453/302 322/465/302 337/474/302 338/478/302
f 316/452/303 315/451/303 330/476/303 331/479/303
f 324/454/304 323/453/304 338/478/304 339/480/304
f 317/455/305 316/452/305 331/479/305 332/481/305
f 325/456/306 324/454/306 339/480/306 340/482/306
f 318/457/307 317/455/307 332/481/307 333/483/307
f 326/458/308 325/456/308 340/482/308 341/484/308
f 319/459/309 318/457/309 333/483/309 334/468/309
f 327/460/310 326/458/310 341/484/310 342/470/310
f 339/480/311 338/478/311 353/485/311 354/486/311
f 332/481/312 331/479/312 346/487/312 347/488/312
f 340/482/313 339/480/313 354/486/313 355/489/313
f 333/483/314 332/481/314 347/488/314 348/490/314
f 341/484/315 340/482/315 355/489/315 356/491/315
f 334/468/316 333/483/316 348/490/316 349/492/316
f 342/470/317 341/484/317 356/491/317 357/493/317
f 335/469/318 334/468/318 349/492/318 350/494/318
f 343/471/319 342/470/319 357/493/319 358/495/319
f 336/472/320 335/469/320 350/494/320 351/496/320
f 344/473/321 343/471/321 358/495/321 359/497/321
f 337/474/322 336/472/322 351/496/322 352/498/322
f 330/476/323 194/499/323 345/500/323
f 420/501/324 344/473/324 359/497/324
f 338/478/325 337/474/325 352/498/325 353/485/325
f 331/479/326 330/476/326 345/500/326 346/487/326
f 358/495/327 357/493/327 372/502/327 373/503/327
f 351/496/328 350/494/328 365/504/328 366/505/328
f 359/497/329 358/495/329 373/503/329 374/506/329
f 352/498/330 351/496/330 366/505/330 367/507/330
f 345/500/331 194/508/331 360/509/331
f 420/510/332 359/497/332 374/506/332
f 353/485/333 352/498/333 367/507/333 368/511/333
f 346/487/334 345/500/334 360/509/334 361/512/334
f 354/486/335 353/485/335 368/511/335 369/513/335
f 347/488/336 346/487/336 361/512/336 362/514/336
f 355/489/337 354/486/337 369/513/337 370/515/337
f 348/490/338 347/488/338 362/514/338 363/516/338
f 356/491/339 355/489/339 370/515/339 371/517/339
f 349/492/340 348/490/340 363/516/340 364/518/340
f 357/493/341 356/491/341 371/517/341 372/502/341
f 350/494/342 349/492/342 364/518/342 365/504/342
f 362/514/343 361/512/343 376/519/343 377/520/343
f 370/515/344 369/513/344 384/521/344 385/522/344
f 363/516/345 362/514/345 377/520/345 378/523/345
f 371/517/346 370/515/346 385/522/346 386/524/346
f 364/518/347 363/516/347 378/523/347 379/525/347
f 372/502/348 371/517/348 386/524/348 387/526/348
f 365/504/349 364/518/349 379/525/349 380/527/349
f 373/503/350 372/502/350 387/526/350 388/528/350
f 366/505/351 365/504/351 380/527/351 381/529/351
f 374/506/352 373/503/352 388/528/352 389/530/352
f 367/507/353 366/505/353 381/529/353 382/531/353
f 360/509/354 194/532/354 375/533/354
f 420/534/355 374/506/355 389/530/355
f 368/511/356 367/507/356 382/531/356 383/535/356
f 361/512/357 360/509/357 375/533/357 376/519/357
f 369/513/358 368/511/358 383/535/358 384/521/358
f 381/529/359 380/527/359 395/536/359 396/537/359
f 389/530/360 388/528/360 403/538/360 404/539/360
f 382/531/361 381/529/361 396/537/361 397/540/361
f 375/533/362 194/541/362 390/542/362
f 420/543/363 389/530/363 404/539/363
f 383/535/364 382/531/364 397/540/364 398/544/364
f 376/519/365 375/533/365 390/542/365 391/545/365
f 384/521/366 383/535/366 398/544/366 399/546/366
f 377/520/367 376/519/367 391/545/367 392/547/367
f 385/522/368 384/521/368 399/546/368 400/548/368
f 378/523/369 377/520/369 392/547/369 393/549/369
f 386/524/370 385/522/370 400/548/370 401/550/370
f 379/525/371 378/523/371 393/549/371 394/551/371
f 387/526/372 386/524/372 401/550/372 402/552/372
f 380/527/373 379/525/373 394/551/373 395/536/373
f 388/528/374 387/526/374 402/552/374 403/538/374
f 400/548/375 399/546/375 414/553/375 415/554/375
f 393/549/376 392/547/376 407/555/376 408/556/376
f 401/550/377 400/548/377 415/554/377 416/557/377
f 394/551/378 393/549/378 408/556/378 409/558/378
f 402/552/379 401/550/379 416/557/379 417/559/379
f 395/536/380 394/551/380 409/558/380 410/560/380
f 403/538/381 402/552/381 417/559/381 418/561/381
f 396/537/382 395/536/382 410/560/382 411/562/382
f 404/539/383 403/538/383 418/561/383 419/563/383
f 397/540/384 396/537/384 411/562/384 412/564/384
f 390/542/385 194/565/385 405/566/385
f 420/567/386 404/539/386 419/563/386
f 398/544/387 397/540/387 412/564/387 413/568/387
f 391/545/388 390/542/388 405/566/388 406/569/388
f 399/546/389 398/544/389 413/568/389 414/553/389
f 392/547/390 391/545/390 406/569/390 407/555/390
f 419/563/391 418/561/391 434/570/391 435/571/391
f 412/564/392 411/562/392 427/572/392 428/573/392
f 405/566/393 194/574/393 421/575/393
f 420/576/394 419/563/394 435/571/394
f 413/568/395 412/564/395 428/573/395 429/577/395
f 406/569/396 405/566/396 421/575/396 422/578/396
f 414/553/397 413/568/397 429/577/397 430/579/397
f 407/555/398 406/569/398 422/578/398 423/580/398
f 415/554/399 414/553/399 430/579/399 431/581/399
f 408/556/400 407/555/400 423/580/400 424/582/400
f 416/557/401 415/554/401 431/581/401 432/583/401
f 409/558/402 408/556/402 424/582/402 425/584/402
f 417/559/403 416/557/403 432/583/403 433/585/403
f 410/560/404 409/558/404 425/584/404 426/586/404
f 418/561/405 417/559/405 433/585/405 434/570/405
f 411/562/406 410/560/406 426/586/406 427/572/406
f 432/583/407 431/581/407 446/587/407 447/588/407
f 425/584/408 424/582/408 439/589/408 440/590/408
f 433/585/409 432/583/409 447/588/409 448/591/409
f 426/586/410 425/584/410 440/590/410 441/592/410
f 434/570/411 433/585/411 448/591/411 449/593/411
f 427/572/412 426/586/412 441/592/412 442/594/412
f 435/571/413 434/570/413 449/593/413 450/595/413
f 428/573/414 427/572/414 442/594/414 443/596/414
f 421/575/415 194/597/415 436/598/415
f 420/599/416 435/571/416 450/595/416
f 429/577/417 428/573/417 443/596/417 444/600/417
f 422/578/418 421/575/418 436/598/418 437/601/418
f 430/579/419 429/577/419 444/600/419 445/602/419
f 423/580/420 422/578/420 437/601/420 438/603/420
f 431/581/421 430/579/421 445/602/421 446/587/421
f 424/582/422 423/580/422 438/603/422 439/589/422
f 436/598/423 194/604/423 451/605/423
f 420/606/424 450/595/424 465/607/424
f 444/600/425 443/596/425 458/608/425 459/609/425
f 437/601/426 436/598/426 451/605/426 452/610/426
f 445/602/427 444/600/427 459/609/427 460/611/427
f 438/603/428 437/601/428 452/610/428 453/612/428
f 446/587/429 445/602/429 460/611/429 461/613/429
f 439/589/430 438/603/430 453/612/430 454/614/430
f 447/588/431 446/587/431 461/613/431 462/615/431
f 440/590/432 439/589/432 454/614/432 455/616/432
f 448/591/433 447/588/433 462/615/433 463/617/433
f 441/592/434 440/590/434 455/616/434 456/618/434
f 449/593/435 448/591/435 463/617/435 464/619/435
f 442/594/436 441/592/436 456/618/436 457/620/436
f 450/595/437 449/593/437 464/619/437 465/607/437
f 443/596/438 442/594/438 457/620/438 458/608/438
f 455/616/439 454/614/439 469/621/439 470/622/439
f 463/617/440 462/615/440 477/623/440 478/624/440
f 456/618/441 455/616/441 470/622/441 471/625/441
f 464/619/442 463/617/442 478/624/442 479/626/442
f 457/620/443 456/618/443 471/625/443 472/627/443
f 465/607/444 464/619/444 479/626/444 480/628/444
f 458/608/445 457/620/445 472/627/445 473/629/445
f 451/605/446 194/630/446 466/631/446
f 420/632/447 465/607/447 480/628/447
f 459/609/448 458/608/448 473/629/448 474/633/448
f 452/610/449 451/605/449 466/631/449 467/634/449
f 460/611/450 459/609/450 474/633/450 475/635/450
f 453/612/451 452/610/451 467/634/451 468/636/451
f 461/613/452 460/611/452 475/635/452 476/637/452
f 454/614/453 453/612/453 468/636/453 469/621/453
f 462/615/454 461/613/454 476/637/454 477/623/454
f 474/638/455 473/639/455 488/640/455 489/641/455
f 467/642/456 466/643/456 481/644/456 482/645/456
f 475/646/457 474/638/457 489/641/457 490/647/457
f 468/648/458 467/642/458 482/645/458 483/649/458
f 476/650/459 475/646/459 490/647/459 491/651/459
f 469/652/460 468/648/460 483/649/460 484/653/460
f 477/654/461 476/650/461 491/651/461 492/655/461
f 470/656/462 469/652/462 484/653/462 485/657/462
f 478/658/463 477/654/463 492/655/463 493/659/463
f 471/660/464 470/656/464 485/657/464 486/661/464
f 479/662/465 478/658/465 493/659/465 494/663/465
f 472/664/466 471/660/466 486/661/466 487/665/466
f 480/666/467 479/662/467 494/663/467 495/667/467
f 473/639/468 472/664/468 487/665/468 488/640/468
f 466/643/469 194/668/469 481/644/469
f 420/669/470 480/666/470 495/667/470
f 493/659/471 492/655/471 507/670/471 508/671/471
f 486/661/472 485/657/472 500/672/472 501/673/472
f 494/663/473 493/659/473 508/671/473 509/674/473
f 487/665/474 486/661/474 501/673/474 502/675/474
f 495/667/475 494/663/475 509/674/475 510/676/475
f 488/640/476 487/665/476 502/675/476 503/677/476
f 481/644/477 194/678/477 496/679/477
f 420/680/478 495/667/478 510/676/478
f 489/641/479 488/640/479 503/677/479 504/681/479
f 482/645/480 481/644/480 496/679/480 497/682/480
f 490/647/481 489/641/481 504/681/481 505/683/481
f 483/649/482 482/645/482 497/682/482 498/684/482
f 491/651/483 490/647/483 505/683/483 506/685/483
f 484/653/484 483/649/484 498/684/484 499/686/484
f 492/655/485 491/651/485 506/685/485 507/670/485
f 485/657/486 484/653/486 499/686/486 500/672/486
f 497/682/487 496/679/487 511/687/487 512/688/487
f 505/683/488 504/681/488 519/689/488 520/690/488
f 498/684/489 497/682/489 512/688/489 513/691/489
f 506/685/490 505/683/490 520/690/490 521/692/490
f 499/686/491 498/684/491 513/691/491 514/693/491
f 507/670/492 506/685/492 521/692/492 522/694/492
f 500/672/493 499/686/493 514/693/493 515/695/493
f 508/671/494 507/670/494 522/694/494 523/696/494
f 501/673/495 500/672/495 515/695/495 516/697/495
f 509/674/496 508/671/496 523/696/496 524/698/496
f 502/675/497 501/673/497 516/697/497 517/699/497
f 510/676/498 509/674/498 524/698/498 525/700/498
f 503/677/499 502/675/499 517/699/499 518/701/499
f 496/679/500 194/702/500 511/687/500
f 420/703/501 510/676/501 525/700/501
f 504/681/502 503/677/502 518/701/502 519/689/502
f 516/697/503 515/695/503 530/704/503 531/705/503
f 524/698/504 523/696/504 538/706/504 539/707/504
f 517/699/505 516/697/505 531/705/505 532/708/505
f 525/700/506 524/698/506 539/707/506 540/709/506
f 518/701/507 517/699/507 532/708/507 533/710/507
f 511/687/508 194/711/508 526/712/508
f 420/713/509 525/700/509 540/709/509
f 519/689/510 518/701/510 533/710/510 534/714/510
f 512/688/511 511/687/511 526/712/511 527/715/511
f 520/690/512 519/689/512 534/714/512 535/716/512
f 513/691/513 512/688/513 527/715/513 528/717/513
f 521/692/514 520/690/514 535/716/514 536/718/514
f 514/693/515 513/691/515 528/717/515 529/719/515
f 522/694/516 521/692/516 536/718/516 537/720/516
f 515/695/517 514/693/517 529/719/517 530/704/517
f 523/696/518 522/694/518 537/720/518 538/706/518
f 535/716/519 534/714/519 549/721/519 550/722/519
f 528/717/520 527/715/520 542/723/520 543/724/520
f 536/718/521 535/716/521 550/722/521 551/725/521
f 529/719/522 528/717/522 543/724/522 544/726/522
f 537/720/523 536/718/523 551/725/523 552/727/523
f 530/704/524 529/719/524 544/726/524 545/728/524
f 538/706/525 537/720/525 552/727/525 553/729/525
f 531/705/526 530/704/526 545/728/526 546/730/526
f 539/707/527 538/706/527 553/729/527 554/731/527
f 532/708/528 531/705/528 546/730/528 547/732/528
f 540/709/529 539/707/529 554/731/529 555/733/529
f 533/710/530 532/708/530 547/732/530 548/734/530
f 526/712/531 194/735/531 541/736/531
f 420/737/532 540/709/532 555/733/532
f 534/714/533 533/710/533 548/734/533 549/721/533
f 527/715/534 526/712/534 541/736/534 542/723/534
f 554/731/535 553/729/535 568/738/535 569/739/535
f 547/732/536 546/730/536 561/740/536 562/741/536
f 555/733/537 554/731/537 569/739/537 570/742/537
f 548/734/538 547/732/538 562/741/538 563/743/538
f 541/736/539 194/744/539 556/745/539
f 420/746/540 555/733/540 570/742/540
f 549/721/541 548/734/541 563/743/541 564/747/541
f 542/723/542 541/736/542 556/745/542 557/748/542
f 550/722/543 549/721/543 564/747/543 565/749/543
f 543/724/544 542/723/544 557/748/544 558/750/544
f 551/725/545 550/722/545 565/749/545 566/751/545
f 544/726/546 543/724/546 558/750/546 559/752/546
f 552/727/547 551/725/547 566/751/547 567/753/547
f 545/728/548 544/726/548 559/752/548 560/754/548
f 553/729/549 552/727/549 567/753/549 568/738/549
f 546/730/550 545/728/550 560/754/550 561/740/550
f 566/751/551 565/749/551 580/755/551 581/756/551
f 559/752/552 558/750/552 573/757/552 574/758/552
f 567/753/553 566/751/553 581/756/553 582/759/553
f 560/754/554 559/752/554 574/758/554 575/760/554
f 568/738/555 567/753/555 582/759/555 583/761/555
f 561/740/556 560/754/556 575/760/556 576/762/556
f 569/739/557 568/738/557 583/761/557 584/763/557
f 562/741/558 561/740/558 576/762/558 577/764/558
f 570/742/559 569/739/559 584/763/559 585/765/559
f 563/743/560 562/741/560 577/764/560 578/766/560
f 556/745/561 194/767/561 571/768/561
f 420/769/562 570/742/562 585/765/562
f 564/747/563 563/743/563 578/766/563 579/770/563
f 557/748/564 556/745/564 571/768/564 572/771/564
f 565/749/565 564/747/565 579/770/565 580/755/565
f 558/750/566 557/748/566 572/771/566 573/757/566
f 585/765/567 584/763/567 593/220/567 594/219/567
f 578/766/568 577/764/568 115/215/568 116/223/568
f 571/768/569 194/772/569 586/225/569
f 420/773/570 585/765/570 594/219/570
f 579/770/571 578/766/571 116/223/571 117/229/571
f 572/771/572 571/768/572 586/225/572 587/231/572
f 580/755/573 579/770/573 117/229/573 590/233/573
f 573/757/574 572/771/574 587/231/574 113/235/574
f 581/756/575 580/755/575 590/233/575 118/237/575
f 574/758/576 573/757/576 113/235/576 588/239/576
f 582/759/577 581/756/577 118/237/577 591/241/577
f 575/760/578 574/758/578 588/239/578 114/243/578
f 583/761/579 582/759/579 591/241/579 592/245/579
f 576/762/580 575/760/580 114/243/580 589/216/580
f 584/763/581 583/761/581 592/245/581 593/220/581
f 577/764/582 576/762/582 589/216/582 115/215/582
o Cono.001
v -103.077103 272.156799 59.868954
v -101.776848 272.115356 55.867195
v -100.526566 271.992615 52.019218
v -99.374298 271.793304 48.472904
v -98.364334 271.525085 45.364536
v -97.535461 271.198242 42.813560
v -96.919571 270.825378 40.918018
v -96.540298 270.420776 39.750748
v -96.412231 270.000000 39.356609
v -96.540298 269.579224 39.750748
v -96.919571 269.174622 40.918018
v -97.535461 268.801758 42.813560
v -98.364334 268.474915 45.364536
v -99.374298 268.206696 48.472904
v -100.526566 268.007385 52.019218
v -101.776848 267.884644 55.867195
v -103.077103 267.843201 59.868954
v -104.377350 267.884644 63.870712
v -105.627632 268.007385 67.718689
v -106.779900 268.206696 71.264999
v -107.789871 268.474915 74.373367
v -108.618729 268.801758 76.924347
v -109.234634 269.174622 78.819885
v -109.613899 269.579224 79.987160
v -109.741959 270.000000 80.381302
v -109.613899 270.420776 79.987160
v -109.234634 270.825378 78.819885
v -108.618729 271.198242 76.924347
v -107.789871 271.525085 74.373367
v -106.779900 271.793304 71.264999
v -105.627632 271.992615 67.718689
v -104.377350 272.115356 63.870712
v -0.515392 270.000000 93.193268
vn 0.0221 0.9998 -0.0032
vn 0.0291 0.9993 -0.0224
vn 0.0379 0.9983 -0.0438
vn 0.0497 0.9963 -0.0698
vn 0.0670 0.9922 -0.1054
vn 0.0962 0.9821 -0.1619
vn 0.1583 0.9477 -0.2770
vn 0.3521 0.6947 -0.6272
vn 0.3521 -0.6947 -0.6272
vn 0.1583 -0.9477 -0.2770
vn 0.0962 -0.9821 -0.1619
vn 0.0670 -0.9922 -0.1054
vn 0.0497 -0.9963 -0.0698
vn 0.0379 -0.9983 -0.0438
vn 0.0291 -0.9993 -0.0224
vn 0.0221 -0.9998 -0.0032
vn 0.0160 -0.9998 0.0155
vn 0.0104 -0.9993 0.0353
vn 0.0049 -0.9983 0.0577
vn -0.0009 -0.9963 0.0857
vn -0.0078 -0.9922 0.1246
vn -0.0173 -0.9821 0.1876
vn -0.0347 -0.9477 0.3172
vn -0.0838 -0.6947 0.7144
vn -0.0838 0.6947 0.7144
vn -0.0347 0.9477 0.3172
vn -0.0173 0.9821 0.1876
vn -0.0078 0.9922 0.1246
vn -0.0009 0.9963 0.0857
vn 0.0049 0.9983 0.0577
vn -0.9511 -0.0000 -0.3090
vn 0.0104 0.9993 0.0353
vn 0.0160 0.9998 0.0155
vt 0.250000 0.490000
vt 0.250000 0.250000
vt 0.296822 0.485388
vt 0.341844 0.471731
vt 0.383337 0.449553
vt 0.419706 0.419706
vt 0.449553 0.383337
vt 0.471731 0.341844
vt 0.485388 0.296822
vt 0.490000 0.250000
vt 0.485388 0.203178
vt 0.471731 0.158156
vt 0.449553 0.116663
vt 0.419706 0.080294
vt 0.383337 0.050447
vt 0.341844 0.028269
vt 0.296822 0.014612
vt 0.250000 0.010000
vt 0.203178 0.014612
vt 0.158156 0.028269
vt 0.116663 0.050447
vt 0.080294 0.080294
vt 0.050447 0.116663
vt 0.028269 0.158156
vt 0.014612 0.203178
vt 0.010000 0.250000
vt 0.014612 0.296822
vt 0.028269 0.341844
vt 0.050447 0.383337
vt 0.080294 0.419706
vt 0.116663 0.449553
vt 0.158156 0.471731
vt 0.750000 0.490000
vt 0.796822 0.485388
vt 0.841844 0.471731
vt 0.883337 0.449553
vt 0.919706 0.419706
vt 0.949553 0.383337
vt 0.971731 0.341844
vt 0.985388 0.296822
vt 0.990000 0.250000
vt 0.985388 0.203178
vt 0.971731 0.158156
vt 0.949553 0.116663
vt 0.919706 0.080294
vt 0.883337 0.050447
vt 0.841844 0.028269
vt 0.796822 0.014612
vt 0.750000 0.010000
vt 0.703178 0.014612
vt 0.658156 0.028269
vt 0.616663 0.050447
vt 0.580294 0.080294
vt 0.550447 0.116663
vt 0.528269 0.158156
vt 0.514612 0.203178
vt 0.510000 0.250000
vt 0.514612 0.296822
vt 0.528269 0.341844
vt 0.550447 0.383337
vt 0.580294 0.419706
vt 0.616663 0.449553
vt 0.658156 0.471731
vt 0.703178 0.485388
vt 0.203178 0.485388
s 0
f 595/774/583 627/775/583 596/776/583
f 596/776/584 627/775/584 597/777/584
f 597/777/585 627/775/585 598/778/585
f 598/778/586 627/775/586 599/779/586
f 599/779/587 627/775/587 600/780/587
f 600/780/588 627/775/588 601/781/588
f 601/781/589 627/775/589 602/782/589
f 602/782/590 627/775/590 603/783/590
f 603/783/591 627/775/591 604/784/591
f 604/784/592 627/775/592 605/785/592
f 605/785/593 627/775/593 606/786/593
f 606/786/594 627/775/594 607/787/594
f 607/787/595 627/775/595 608/788/595
f 608/788/596 627/775/596 609/789/596
f 609/789/597 627/775/597 610/790/597
f 610/790/598 627/775/598 611/791/598
f 611/791/599 627/775/599 612/792/599
f 612/792/600 627/775/600 613/793/600
f 613/793/601 627/775/601 614/794/601
f 614/794/602 627/775/602 615/795/602
f 615/795/603 627/775/603 616/796/603
f 616/796/604 627/775/604 617/797/604
f 617/797/605 627/775/605 618/798/605
f 618/798/606 627/775/606 619/799/606
f 619/799/607 627/775/607 620/800/607
f 620/800/608 627/775/608 621/801/608
f 621/801/609 627/775/609 622/802/609
f 622/802/610 627/775/610 623/803/610
f 623/803/611 627/775/611 624/804/611
f 624/804/612 627/775/612 625/805/612
f 595/806/613 596/807/613 597/808/613 598/809/613 599/810/613 600/811/613 601/812/613 602/813/613 603/814/613 604/815/613 605/816/613 606/817/613 607/818/613 608/819/613 609/820/613 610/821/613 611/822/613 612/823/613 613/824/613 614/825/613 615/826/613 616/827/613 617/828/613 618/829/613 619/830/613 620/831/613 621/832/613 622/833/613 623/834/613 624/835/613 625/836/613 626/837/613
f 625/805/614 627/775/614 626/838/614
f 626/838/615 627/775/615 595/774/615
o Cono.002
v -67.766518 272.156799 168.465439
v -71.170616 272.115356 165.992218
v -74.443901 271.992615 163.614044
v -77.460571 271.793304 161.422302
v -80.104706 271.525085 159.501221
v -82.274696 271.198242 157.924622
v -83.887146 270.825378 156.753113
v -84.880081 270.420776 156.031708
v -85.215363 270.000000 155.788116
v -84.880081 269.579224 156.031708
v -83.887146 269.174622 156.753113
v -82.274696 268.801758 157.924622
v -80.104706 268.474915 159.501221
v -77.460571 268.206696 161.422302
v -74.443901 268.007385 163.614044
v -71.170616 267.884644 165.992218
v -67.766518 267.843201 168.465439
v -64.362411 267.884644 170.938660
v -61.089134 268.007385 173.316833
v -58.072456 268.206696 175.508575
v -55.428322 268.474915 177.429657
v -53.258331 268.801758 179.006256
v -51.645889 269.174622 180.177765
v -50.652946 269.579224 180.899170
v -50.317673 270.000000 181.142761
v -50.652946 270.420776 180.899170
v -51.645889 270.825378 180.177765
v -53.258331 271.198242 179.006256
v -55.428322 271.525085 177.429657
v -58.072456 271.793304 175.508575
v -61.089134 271.992615 173.316833
v -64.362411 272.115356 170.938660
v -4.379892 270.000000 81.221222
vn 0.0038 0.9998 -0.0220
vn -0.0123 0.9993 -0.0346
vn -0.0299 0.9983 -0.0496
vn -0.0511 0.9963 -0.0688
vn -0.0795 0.9922 -0.0962
vn -0.1243 0.9821 -0.1415
vn -0.2146 0.9477 -0.2362
vn -0.4877 0.6947 -0.5287
vn -0.4877 -0.6947 -0.5287
vn -0.2146 -0.9477 -0.2362
vn -0.1243 -0.9821 -0.1415
vn -0.0795 -0.9922 -0.0962
vn -0.0511 -0.9963 -0.0688
vn -0.0299 -0.9983 -0.0496
vn -0.0123 -0.9993 -0.0346
vn 0.0038 -0.9998 -0.0220
vn 0.0197 -0.9998 -0.0104
vn 0.0367 -0.9993 0.0010
vn 0.0564 -0.9983 0.0131
vn 0.0812 -0.9963 0.0273
vn 0.1161 -0.9922 0.0459
vn 0.1730 -0.9821 0.0745
vn 0.2909 -0.9477 0.1311
vn 0.6535 -0.6947 0.3005
vn 0.6535 0.6947 0.3005
vn 0.2909 0.9477 0.1311
vn 0.1730 0.9821 0.0745
vn 0.1161 0.9922 0.0459
vn 0.0812 0.9963 0.0273
vn 0.0564 0.9983 0.0131
vn -0.5878 -0.0000 0.8090
vn 0.0367 0.9993 0.0010
vn 0.0197 0.9998 -0.0104
vt 0.250000 0.490000
vt 0.250000 0.250000
vt 0.296822 0.485388
vt 0.341844 0.471731
vt 0.383337 0.449553
vt 0.419706 0.419706
vt 0.449553 0.383337
vt 0.471731 0.341844
vt 0.485388 0.296822
vt 0.490000 0.250000
vt 0.485388 0.203178
vt 0.471731 0.158156
vt 0.449553 0.116663
vt 0.419706 0.080294
vt 0.383337 0.050447
vt 0.341844 0.028269
vt 0.296822 0.014612
vt 0.250000 0.010000
vt 0.203178 0.014612
vt 0.158156 0.028269
vt 0.116663 0.050447
vt 0.080294 0.080294
vt 0.050447 0.116663
vt 0.028269 0.158156
vt 0.014612 0.203178
vt 0.010000 0.250000
vt 0.014612 0.296822
vt 0.028269 0.341844
vt 0.050447 0.383337
vt 0.080294 0.419706
vt 0.116663 0.449553
vt 0.158156 0.471731
vt 0.750000 0.490000
vt 0.796822 0.485388
vt 0.841844 0.471731
vt 0.883337 0.449553
vt 0.919706 0.419706
vt 0.949553 0.383337
vt 0.971731 0.341844
vt 0.985388 0.296822
vt 0.990000 0.250000
vt 0.985388 0.203178
vt 0.971731 0.158156
vt 0.949553 0.116663
vt 0.919706 0.080294
vt 0.883337 0.050447
vt 0.841844 0.028269
vt 0.796822 0.014612
vt 0.750000 0.010000
vt 0.703178 0.014612
vt 0.658156 0.028269
vt 0.616663 0.050447
vt 0.580294 0.080294
vt 0.550447 0.116663
vt 0.528269 0.158156
vt 0.514612 0.203178
vt 0.510000 0.250000
vt 0.514612 0.296822
vt 0.528269 0.341844
vt 0.550447 0.383337
vt 0.580294 0.419706
vt 0.616663 0.449553
vt 0.658156 0.471731
vt 0.703178 0.485388
vt 0.203178 0.485388
s 0
f 628/839/616 660/840/616 629/841/616
f 629/841/617 660/840/617 630/842/617
f 630/842/618 660/840/618 631/843/618
f 631/843/619 660/840/619 632/844/619
f 632/844/620 660/840/620 633/845/620
f 633/845/621 660/840/621 634/846/621
f 634/846/622 660/840/622 635/847/622
f 635/847/623 660/840/623 636/848/623
f 636/848/624 660/840/624 637/849/624
f 637/849/625 660/840/625 638/850/625
f 638/850/626 660/840/626 639/851/626
f 639/851/627 660/840/627 640/852/627
f 640/852/628 660/840/628 641/853/628
f 641/853/629 660/840/629 642/854/629
f 642/854/630 660/840/630 643/855/630
f 643/855/631 660/840/631 644/856/631
f 644/856/632 660/840/632 645/857/632
f 645/857/633 660/840/633 646/858/633
f 646/858/634 660/840/634 647/859/634
f 647/859/635 660/840/635 648/860/635
f 648/860/636 660/840/636 649/861/636
f 649/861/637 660/840/637 650/862/637
f 650/862/638 660/840/638 651/863/638
f 651/863/639 660/840/639 652/864/639
f 652/864/640 660/840/640 653/865/640
f 653/865/641 660/840/641 654/866/641
f 654/866/642 660/840/642 655/867/642
f 655/867/643 660/840/643 656/868/643
f 656/868/644 660/840/644 657/869/644
f 657/869/645 660/840/645 658/870/645
f 628/871/646 629/872/646 630/873/646 631/874/646 632/875/646 633/876/646 634/877/646 635/878/646 636/879/646 637/880/646 638/881/646 639/882/646 640/883/646 641/884/646 642/885/646 643/886/646 644/887/646 645/888/646 646/889/646 647/890/646 648/891/646 649/892/646 650/893/646 651/894/646 652/895/646 653/896/646 654/897/646 655/898/646 656/899/646 657/900/646 658/901/646 659/902/646
f 658/870/647 660/840/647 659/903/647
f 659/903/648 660/840/648 628/839/648
o Cono.003
v 45.947289 272.156799 168.912064
v 42.543186 272.115356 171.385284
v 39.269905 271.992615 173.763458
v 36.253231 271.793304 175.955200
v 33.609093 271.525085 177.876282
v 31.439106 271.198242 179.452881
v 29.826660 270.825378 180.624390
v 28.833721 270.420776 181.345795
v 28.498447 270.000000 181.589386
v 28.833721 269.579224 181.345795
v 29.826660 269.174622 180.624390
v 31.439106 268.801758 179.452881
v 33.609093 268.474915 177.876282
v 36.253231 268.206696 175.955200
v 39.269905 268.007385 173.763458
v 42.543186 267.884644 171.385284
v 45.947289 267.843201 168.912064
v 49.351387 267.884644 166.438843
v 52.624672 268.007385 164.060669
v 55.641346 268.206696 161.868927
v 58.285484 268.474915 159.947845
v 60.455467 268.801758 158.371246
v 62.067917 269.174622 157.199738
v 63.060852 269.579224 156.478333
v 63.396130 270.000000 156.234741
v 63.060852 270.420776 156.478333
v 62.067917 270.825378 157.199738
v 60.455467 271.198242 158.371246
v 58.285484 271.525085 159.947845
v 55.641346 271.793304 161.868927
v 52.624672 271.992615 164.060669
v 49.351387 272.115356 166.438843
v -17.439354 270.000000 81.667862
vn -0.0197 0.9998 -0.0104
vn -0.0367 0.9993 0.0010
vn -0.0564 0.9983 0.0131
vn -0.0812 0.9963 0.0273
vn -0.1161 0.9922 0.0459
vn -0.1730 0.9821 0.0745
vn -0.2909 0.9477 0.1311
vn -0.6535 0.6947 0.3005
vn -0.6535 -0.6947 0.3005
vn -0.2909 -0.9477 0.1311
vn -0.1730 -0.9821 0.0745
vn -0.1161 -0.9922 0.0459
vn -0.0812 -0.9963 0.0273
vn -0.0564 -0.9983 0.0131
vn -0.0367 -0.9993 0.0010
vn -0.0197 -0.9998 -0.0104
vn -0.0038 -0.9998 -0.0220
vn 0.0123 -0.9993 -0.0346
vn 0.0299 -0.9983 -0.0496
vn 0.0511 -0.9963 -0.0688
vn 0.0795 -0.9922 -0.0962
vn 0.1243 -0.9821 -0.1415
vn 0.2146 -0.9477 -0.2362
vn 0.4877 -0.6947 -0.5287
vn 0.4877 0.6947 -0.5287
vn 0.2146 0.9477 -0.2362
vn 0.1243 0.9821 -0.1415
vn 0.0795 0.9922 -0.0962
vn 0.0511 0.9963 -0.0688
vn 0.0299 0.9983 -0.0496
vn 0.5878 -0.0000 0.8090
vn 0.0123 0.9993 -0.0346
vn -0.0038 0.9998 -0.0220
vt 0.250000 0.490000
vt 0.250000 0.250000
vt 0.296822 0.485388
vt 0.341844 0.471731
vt 0.383337 0.449553
vt 0.419706 0.419706
vt 0.449553 0.383337
vt 0.471731 0.341844
vt 0.485388 0.296822
vt 0.490000 0.250000
vt 0.485388 0.203178
vt 0.471731 0.158156
vt 0.449553 0.116663
vt 0.419706 0.080294
vt 0.383337 0.050447
vt 0.341844 0.028269
vt 0.296822 0.014612
vt 0.250000 0.010000
vt 0.203178 0.014612
vt 0.158156 0.028269
vt 0.116663 0.050447
vt 0.080294 0.080294
vt 0.050447 0.116663
vt 0.028269 0.158156
vt 0.014612 0.203178
vt 0.010000 0.250000
vt 0.014612 0.296822
vt 0.028269 0.341844
vt 0.050447 0.383337
vt 0.080294 0.419706
vt 0.116663 0.449553
vt 0.158156 0.471731
vt 0.750000 0.490000
vt 0.796822 0.485388
vt 0.841844 0.471731
vt 0.883337 0.449553
vt 0.919706 0.419706
vt 0.949553 0.383337
vt 0.971731 0.341844
vt 0.985388 0.296822
vt 0.990000 0.250000
vt 0.985388 0.203178
vt 0.971731 0.158156
vt 0.949553 0.116663
vt 0.919706 0.080294
vt 0.883337 0.050447
vt 0.841844 0.028269
vt 0.796822 0.014612
vt 0.750000 0.010000
vt 0.703178 0.014612
vt 0.658156 0.028269
vt 0.616663 0.050447
vt 0.580294 0.080294
vt 0.550447 0.116663
vt 0.528269 0.158156
vt 0.514612 0.203178
vt 0.510000 0.250000
vt 0.514612 0.296822
vt 0.528269 0.341844
vt 0.550447 0.383337
vt 0.580294 0.419706
vt 0.616663 0.449553
vt 0.658156 0.471731
vt 0.703178 0.485388
vt 0.203178 0.485388
s 0
f 661/904/649 693/905/649 662/906/649
f 662/906/650 693/905/650 663/907/650
f 663/907/651 693/905/651 664/908/651
f 664/908/652 693/905/652 665/909/652
f 665/909/653 693/905/653 666/910/653
f 666/910/654 693/905/654 667/911/654
f 667/911/655 693/905/655 668/912/655
f 668/912/656 693/905/656 669/913/656
f 669/913/657 693/905/657 670/914/657
f 670/914/658 693/905/658 671/915/658
f 671/915/659 693/905/659 672/916/659
f 672/916/660 693/905/660 673/917/660
f 673/917/661 693/905/661 674/918/661
f 674/918/662 693/905/662 675/919/662
f 675/919/663 693/905/663 676/920/663
f 676/920/664 693/905/664 677/921/664
f 677/921/665 693/905/665 678/922/665
f 678/922/666 693/905/666 679/923/666
f 679/923/667 693/905/667 680/924/667
f 680/924/668 693/905/668 681/925/668
f 681/925/669 693/905/669 682/926/669
f 682/926/670 693/905/670 683/927/670
f 683/927/671 693/905/671 684/928/671
f 684/928/672 693/905/672 685/929/672
f 685/929/673 693/905/673 686/930/673
f 686/930/674 693/905/674 687/931/674
f 687/931/675 693/905/675 688/932/675
f 688/932/676 693/905/676 689/933/676
f 689/933/677 693/905/677 690/934/677
f 690/934/678 693/905/678 691/935/678
f 661/936/679 662/937/679 663/938/679 664/939/679 665/940/679 666/941/679 667/942/679 668/943/679 669/944/679 670/945/679 671/946/679 672/947/679 673/948/679 674/949/679 675/950/679 676/951/679 677/952/679 678/953/679 679/954/679 680/955/679 681/956/679 682/957/679 683/958/679 684/959/679 685/960/679 686/961/679 687/962/679 688/963/679 689/964/679 690/965/679 691/966/679 692/967/679
f 691/935/680 693/905/680 692/968/680
f 692/968/681 693/905/681 661/904/681
o Cono.004
v 81.615387 272.156799 59.868946
v 82.915634 272.115356 63.870705
v 84.165916 271.992615 67.718681
v 85.318184 271.793304 71.264992
v 86.328156 271.525085 74.373360
v 87.157013 271.198242 76.924332
v 87.772919 270.825378 78.819878
v 88.152191 270.420776 79.987152
v 88.280251 270.000000 80.381287
v 88.152191 269.579224 79.987152
v 87.772919 269.174622 78.819878
v 87.157013 268.801758 76.924332
v 86.328156 268.474915 74.373360
v 85.318184 268.206696 71.264992
v 84.165916 268.007385 67.718681
v 82.915634 267.884644 63.870705
v 81.615387 267.843201 59.868946
v 80.315132 267.884644 55.867188
v 79.064850 268.007385 52.019211
v 77.912582 268.206696 48.472900
v 76.902611 268.474915 45.364529
v 76.073746 268.801758 42.813557
v 75.457848 269.174622 40.918015
v 75.078583 269.579224 39.750744
v 74.950516 270.000000 39.356606
v 75.078583 270.420776 39.750744
v 75.457848 270.825378 40.918015
v 76.073746 271.198242 42.813557
v 76.902611 271.525085 45.364529
v 77.912582 271.793304 48.472900
v 79.064850 271.992615 52.019211
v 80.315132 272.115356 55.867188
v -20.946316 270.000000 93.193283
vn -0.0160 0.9998 0.0155
vn -0.0104 0.9993 0.0353
vn -0.0049 0.9983 0.0577
vn 0.0009 0.9963 0.0857
vn 0.0078 0.9922 0.1246
vn 0.0173 0.9821 0.1876
vn 0.0347 0.9477 0.3172
vn 0.0838 0.6947 0.7144
vn 0.0838 -0.6947 0.7144
vn 0.0347 -0.9477 0.3172
vn 0.0173 -0.9821 0.1876
vn 0.0078 -0.9922 0.1246
vn 0.0009 -0.9963 0.0857
vn -0.0049 -0.9983 0.0577
vn -0.0104 -0.9993 0.0353
vn -0.0160 -0.9998 0.0155
vn -0.0221 -0.9998 -0.0032
vn -0.0291 -0.9993 -0.0224
vn -0.0379 -0.9983 -0.0438
vn -0.0497 -0.9963 -0.0698
vn -0.0670 -0.9922 -0.1054
vn -0.0962 -0.9821 -0.1619
vn -0.1583 -0.9477 -0.2770
vn -0.3521 -0.6947 -0.6272
vn -0.3521 0.6947 -0.6272
vn -0.1583 0.9477 -0.2770
vn -0.0962 0.9821 -0.1619
vn -0.0670 0.9922 -0.1054
vn -0.0497 0.9963 -0.0698
vn -0.0379 0.9983 -0.0438
vn 0.9511 -0.0000 -0.3090
vn -0.0291 0.9993 -0.0224
vn -0.0221 0.9998 -0.0032
vt 0.250000 0.490000
vt 0.250000 0.250000
vt 0.296822 0.485388
vt 0.341844 0.471731
vt 0.383337 0.449553
vt 0.419706 0.419706
vt 0.449553 0.383337
vt 0.471731 0.341844
vt 0.485388 0.296822
vt 0.490000 0.250000
vt 0.485388 0.203178
vt 0.471731 0.158156
vt 0.449553 0.116663
vt 0.419706 0.080294
vt 0.383337 0.050447
vt 0.341844 0.028269
vt 0.296822 0.014612
vt 0.250000 0.010000
vt 0.203178 0.014612
vt 0.158156 0.028269
vt 0.116663 0.050447
vt 0.080294 0.080294
vt 0.050447 0.116663
vt 0.028269 0.158156
vt 0.014612 0.203178
vt 0.010000 0.250000
vt 0.014612 0.296822
vt 0.028269 0.341844
vt 0.050447 0.383337
vt 0.080294 0.419706
vt 0.116663 0.449553
vt 0.158156 0.471731
vt 0.750000 0.490000
vt 0.796822 0.485388
vt 0.841844 0.471731
vt 0.883337 0.449553
vt 0.919706 0.419706
vt 0.949553 0.383337
vt 0.971731 0.341844
vt 0.985388 0.296822
vt 0.990000 0.250000
vt 0.985388 0.203178
vt 0.971731 0.158156
vt 0.949553 0.116663
vt 0.919706 0.080294
vt 0.883337 0.050447
vt 0.841844 0.028269
vt 0.796822 0.014612
vt 0.750000 0.010000
vt 0.703178 0.014612
vt 0.658156 0.028269
vt 0.616663 0.050447
vt 0.580294 0.080294
vt 0.550447 0.116663
vt 0.528269 0.158156
vt 0.514612 0.203178
vt 0.510000 0.250000
vt 0.514612 0.296822
vt 0.528269 0.341844
vt 0.550447 0.383337
vt 0.580294 0.419706
vt 0.616663 0.449553
vt 0.658156 0.471731
vt 0.703178 0.485388
vt 0.203178 0.485388
s 0
f 694/969/682 726/970/682 695/971/682
f 695/971/683 726/970/683 696/972/683
f 696/972/684 726/970/684 697/973/684
f 697/973/685 726/970/685 698/974/685
f 698/974/686 726/970/686 699/975/686
f 699/975/687 726/970/687 700/976/687
f 700/976/688 726/970/688 701/977/688
f 701/977/689 726/970/689 702/978/689
f 702/978/690 726/970/690 703/979/690
f 703/979/691 726/970/691 704/980/691
f 704/980/692 726/970/692 705/981/692
f 705/981/693 726/970/693 706/982/693
f 706/982/694 726/970/694 707/983/694
f 707/983/695 726/970/695 708/984/695
f 708/984/696 726/970/696 709/985/696
f 709/985/697 726/970/697 710/986/697
f 710/986/698 726/970/698 711/987/698
f 711/987/699 726/970/699 712/988/699
f 712/988/700 726/970/700 713/989/700
f 713/989/701 726/970/701 714/990/701
f 714/990/702 726/970/702 715/991/702
f 715/991/703 726/970/703 716/992/703
f 716/992/704 726/970/704 717/993/704
f 717/993/705 726/970/705 718/994/705
f 718/994/706 726/970/706 719/995/706
f 719/995/707 726/970/707 720/996/707
f 720/996/708 726/970/708 721/997/708
f 721/997/709 726/970/709 722/998/709
f 722/998/710 726/970/710 723/999/710
f 723/999/711 726/970/711 724/1000/711
f 694/1001/712 695/1002/712 696/1003/712 697/1004/712 698/1005/712 699/1006/712 700/1007/712 701/1008/712 702/1009/712 703/1010/712 704/1011/712 705/1012/712 706/1013/712 707/1014/712 708/1015/712 709/1016/712 710/1017/712 711/1018/712 712/1019/712 713/1020/712 714/1021/712 715/1022/712 716/1023/712 717/1024/712 718/1025/712 719/1026/712 720/1027/712 721/1028/712 722/1029/712 723/1030/712 724/1031/712 725/1032/712
f 724/1000/713 726/970/713 725/1033/713
f 725/1033/714 726/970/714 694/969/714
o Cono.005
v -10.730866 272.156799 -7.152557
v -6.523167 272.115356 -7.152557
v -2.477167 271.992615 -7.152557
v 1.251648 271.793304 -7.152561
v 4.519980 271.525085 -7.152561
v 7.202233 271.198242 -7.152561
v 9.195325 270.825378 -7.152561
v 10.422666 270.420776 -7.152561
v 10.837089 270.000000 -7.152561
v 10.422666 269.579224 -7.152561
v 9.195325 269.174622 -7.152561
v 7.202233 268.801758 -7.152561
v 4.519980 268.474915 -7.152561
v 1.251648 268.206696 -7.152561
v -2.477167 268.007385 -7.152557
v -6.523167 267.884644 -7.152557
v -10.730866 267.843201 -7.152557
v -14.938566 267.884644 -7.152557
v -18.984566 268.007385 -7.152557
v -22.713381 268.206696 -7.152554
v -25.981712 268.474915 -7.152554
v -28.663967 268.801758 -7.152554
v -30.657059 269.174622 -7.152554
v -31.884399 269.579224 -7.152554
v -32.298820 270.000000 -7.152554
v -31.884399 270.420776 -7.152554
v -30.657059 270.825378 -7.152554
v -28.663967 271.198242 -7.152554
v -25.981712 271.525085 -7.152554
v -22.713381 271.793304 -7.152554
v -18.984566 271.992615 -7.152557
v -14.938566 272.115356 -7.152557
v -10.730847 270.000000 100.687218
vn 0.0098 0.9998 0.0200
vn 0.0303 0.9993 0.0208
vn 0.0534 0.9983 0.0225
vn 0.0818 0.9963 0.0257
vn 0.1209 0.9922 0.0311
vn 0.1837 0.9821 0.0415
vn 0.3124 0.9477 0.0650
vn 0.7053 0.6947 0.1411
vn 0.7053 -0.6947 0.1411
vn 0.3124 -0.9477 0.0650
vn 0.1837 -0.9821 0.0415
vn 0.1209 -0.9922 0.0311
vn 0.0818 -0.9963 0.0257
vn 0.0534 -0.9983 0.0225
vn 0.0303 -0.9993 0.0208
vn 0.0098 -0.9998 0.0200
vn -0.0098 -0.9998 0.0200
vn -0.0303 -0.9993 0.0208
vn -0.0534 -0.9983 0.0225
vn -0.0818 -0.9963 0.0257
vn -0.1209 -0.9922 0.0311
vn -0.1837 -0.9821 0.0415
vn -0.3124 -0.9477 0.0650
vn -0.7053 -0.6947 0.1411
vn -0.7053 0.6947 0.1411
vn -0.3124 0.9477 0.0650
vn -0.1837 0.9821 0.0415
vn -0.1209 0.9922 0.0311
vn -0.0818 0.9963 0.0257
vn -0.0534 0.9983 0.0225
vn -0.0000 -0.0000 -1.0000
vn -0.0303 0.9993 0.0208
vn -0.0098 0.9998 0.0200
vt 0.250000 0.490000
vt 0.250000 0.250000
vt 0.296822 0.485388
vt 0.341844 0.471731
vt 0.383337 0.449553
vt 0.419706 0.419706
vt 0.449553 0.383337
vt 0.471731 0.341844
vt 0.485388 0.296822
vt 0.490000 0.250000
vt 0.485388 0.203178
vt 0.471731 0.158156
vt 0.449553 0.116663
vt 0.419706 0.080294
vt 0.383337 0.050447
vt 0.341844 0.028269
vt 0.296822 0.014612
vt 0.250000 0.010000
vt 0.203178 0.014612
vt 0.158156 0.028269
vt 0.116663 0.050447
vt 0.080294 0.080294
vt 0.050447 0.116663
vt 0.028269 0.158156
vt 0.014612 0.203178
vt 0.010000 0.250000
vt 0.014612 0.296822
vt 0.028269 0.341844
vt 0.050447 0.383337
vt 0.080294 0.419706
vt 0.116663 0.449553
vt 0.158156 0.471731
vt 0.750000 0.490000
vt 0.796822 0.485388
vt 0.841844 0.471731
vt 0.883337 0.449553
vt 0.919706 0.419706
vt 0.949553 0.383337
vt 0.971731 0.341844
vt 0.985388 0.296822
vt 0.990000 0.250000
vt 0.985388 0.203178
vt 0.971731 0.158156
vt 0.949553 0.116663
vt 0.919706 0.080294
vt 0.883337 0.050447
vt 0.841844 0.028269
vt 0.796822 0.014612
vt 0.750000 0.010000
vt 0.703178 0.014612
vt 0.658156 0.028269
vt 0.616663 0.050447
vt 0.580294 0.080294
vt 0.550447 0.116663
vt 0.528269 0.158156
vt 0.514612 0.203178
vt 0.510000 0.250000
vt 0.514612 0.296822
vt 0.528269 0.341844
vt 0.550447 0.383337
vt 0.580294 0.419706
vt 0.616663 0.449553
vt 0.658156 0.471731
vt 0.703178 0.485388
vt 0.203178 0.485388
s 0
f 727/1034/715 759/1035/715 728/1036/715
f 728/1036/716 759/1035/716 729/1037/716
f 729/1037/717 759/1035/717 730/1038/717
f 730/1038/718 759/1035/718 731/1039/718
f 731/1039/719 759/1035/719 732/1040/719
f 732/1040/720 759/1035/720 733/1041/720
f 733/1041/721 759/1035/721 734/1042/721
f 734/1042/722 759/1035/722 735/1043/722
f 735/1043/723 759/1035/723 736/1044/723
f 736/1044/724 759/1035/724 737/1045/724
f 737/1045/725 759/1035/725 738/1046/725
f 738/1046/726 759/1035/726 739/1047/726
f 739/1047/727 759/1035/727 740/1048/727
f 740/1048/728 759/1035/728 741/1049/728
f 741/1049/729 759/1035/729 742/1050/729
f 742/1050/730 759/1035/730 743/1051/730
f 743/1051/731 759/1035/731 744/1052/731
f 744/1052/732 759/1035/732 745/1053/732
f 745/1053/733 759/1035/733 746/1054/733
f 746/1054/734 759/1035/734 747/1055/734
f 747/1055/735 759/1035/735 748/1056/735
f 748/1056/736 759/1035/736 749/1057/736
f 749/1057/737 759/1035/737 750/1058/737
f 750/1058/738 759/1035/738 751/1059/738
f 751/1059/739 759/1035/739 752/1060/739
f 752/1060/740 759/1035/740 753/1061/740
f 753/1061/741 759/1035/741 754/1062/741
f 754/1062/742 759/1035/742 755/1063/742
f 755/1063/743 759/1035/743 756/1064/743
f 756/1064/744 759/1035/744 757/1065/744
f 727/1066/745 728/1067/745 729/1068/745 730/1069/745 731/1070/745 732/1071/745 733/1072/745 734/1073/745 735/1074/745 736/1075/745 737/1076/745 738/1077/745 739/1078/745 740/1079/745 741/1080/745 742/1081/745 743/1082/745 744/1083/745 745/1084/745 746/1085/745 747/1086/745 748/1087/745 749/1088/745 750/1089/745 751/1090/745 752/1091/745 753/1092/745 754/1093/745 755/1094/745 756/1095/745 757/1096/745 758/1097/745
f 757/1065/746 759/1035/746 758/1098/746
f 758/1098/747 759/1035/747 727/1034/747
o Cubo.007
v -230.000000 0.000000 290.000000
v -230.000000 180.000000 290.000000
v -230.000000 0.000000 210.000000
v -230.000000 180.000000 210.000000
v -150.000000 0.000000 290.000000
v -150.000000 180.000000 290.000000
v -150.000000 0.000000 210.000000
v -150.000000 180.000000 210.000000
vn -1.0000 -0.0000 -0.0000
vn -0.0000 -0.0000 -1.0000
vn 1.0000 -0.0000 -0.0000
vn -0.0000 -0.0000 1.0000
vn -0.0000 -1.0000 -0.0000
vn -0.0000 1.0000 -0.0000
vt 0.375000 0.000000
vt 0.625000 0.000000
vt 0.625000 0.250000
vt 0.375000 0.250000
vt 0.625000 0.500000
vt 0.375000 0.500000
vt 0.625000 0.750000
vt 0.375000 0.750000
vt 0.625000 1.000000
vt 0.375000 1.000000
vt 0.125000 0.500000
vt 0.125000 0.750000
vt 0.875000 0.500000
vt 0.875000 0.750000
s 0
f 760/1099/748 761/1100/748 763/1101/748 762/1102/748
f 762/1102/749 763/1101/749 767/1103/749 766/1104/749
f 766/1104/750 767/1103/750 765/1105/750 764/1106/750
f 764/1106/751 765/1105/751 761/1107/751 760/1108/751
f 762/1109/752 766/1104/752 764/1106/752 760/1110/752
f 767/1103/753 763/1111/753 761/1112/753 765/1105/753
o Cubo.008
v -40.000000 0.000000 -23.431458
v -40.000000 70.000000 -23.431458
v -96.568542 0.000000 -80.000000
v -96.568542 70.000000 -80.000000
v 16.568542 0.000000 -80.000000
v 16.568542 70.000000 -80.000000
v -40.000000 0.000000 -136.568542
v -40.000000 70.000000 -136.568542
vn -0.7071 -0.0000 0.7071
vn -0.7071 -0.0000 -0.7071
vn 0.7071 -0.0000 -0.7071
vn 0.7071 -0.0000 0.7071
vn -0.0000 -1.0000 -0.0000
vn -0.0000 1.0000 -0.0000
vt 0.375000 0.000000
vt 0.625000 0.000000
vt 0.625000 0.250000
vt 0.375000 0.250000
vt 0.625000 0.500000
vt 0.375000 0.500000
vt 0.625000 0.750000
vt 0.375000 0.750000
vt 0.625000 1.000000
vt 0.375000 1.000000
vt 0.125000 0.500000
vt 0.125000 0.750000
vt 0.875000 0.500000
vt 0.875000 0.750000
s 0
f 768/1113/754 769/1114/754 771/1115/754 770/1116/754
f 770/1116/755 771/1115/755 775/1117/755 774/1118/755
f 774/1118/756 775/1117/756 773/1119/756 772/1120/756
f 772/1120/757 773/1119/757 769/1121/757 768/1122/757
f 770/1123/758 774/1118/758 772/1120/758 768/1124/758
f 775/1117/759 771/1125/759 769/1126/759 773/1119/759
o Cubo.009
v -240.000000 110.000000 130.000000
v -240.000000 140.000000 130.000000
v -240.000000 110.000000 50.000000
v -240.000000 140.000000 50.000000
v -200.000000 110.000000 130.000000
v -200.000000 140.000000 130.000000
v -200.000000 110.000000 50.000000
v -200.000000 140.000000 50.000000
vn -1.0000 -0.0000 -0.0000
vn -0.0000 -0.0000 -1.0000
vn 1.0000 -0.0000 -0.0000
vn -0.0000 -0.0000 1.0000
vn -0.0000 -1.0000 -0.0000
vn -0.0000 1.0000 -0.0000
vt 0.375000 0.000000
vt 0.625000 0.000000
vt 0.625000 0.250000
vt 0.375000 0.250000
vt 0.625000 0.500000
vt 0.375000 0.500000
vt 0.625000 0.750000
vt 0.375000 0.750000
vt 0.625000 1.000000
vt 0.375000 1.000000
vt 0.125000 0.500000
vt 0.125000 0.750000
vt 0.875000 0.500000
vt 0.875000 0.750000
s 0
f 776/1127/760 777/1128/760 779/1129/760 778/1130/760
f 778/1130/761 779/1129/761 783/1131/761 782/1132/761
f 782/1132/762 783/1131/762 781/1133/762 780/1134/762
f 780/1134/763 781/1133/763 777/1135/763 776/1136/763
f 778/1137/764 782/1132/764 780/1134/764 776/1138/764
f 783/1131/765 779/1139/765 777/1140/765 781/1133/765
o Cubo.010
v 10.000000 0.000000 300.000000
v 10.000000 280.000000 300.000000
v 10.000000 0.000000 290.000000
v 10.000000 280.000000 290.000000
v 170.000000 0.000000 300.000000
v 170.000000 280.000000 300.000000
v 170.000000 0.000000 290.000000
v 170.000000 280.000000 290.000000
vn -1.0000 -0.0000 -0.0000
vn -0.0000 -0.0000 -1.0000
vn 1.0000 -0.0000 -0.0000
vn -0.0000 -0.0000 1.0000
vn -0.0000 -1.0000 -0.0000
vn -0.0000 1.0000 -0.0000
vt 0.375000 0.000000
vt 0.625000 0.000000
vt 0.625000 0.250000
vt 0.375000 0.250000
vt 0.625000 0.500000
vt 0.375000 0.500000
vt 0.625000 0.750000
vt 0.375000 0.750000
vt 0.625000 1.000000
vt 0.375000 1.000000
vt 0.125000 0.500000
vt 0.125000 0.750000
vt 0.875000 0.500000
vt 0.875000 0.750000
s 0
f 784/1141/766 785/1142/766 787/1143/766 786/1144/766
f 786/1144/767 787/1143/767 791/1145/767 790/1146/767
f 790/1146/768 791/1145/768 789/1147/768 788/1148/768
f 788/1148/769 789/1147/769 785/1149/769 784/1150/769
f 786/1151/770 790/1146/770 788/1148/770 784/1152/770
f 791/1145/771 787/1153/771 785/1154/771 789/1147/771
o Cubo.011
v -130.000000 197.000000 300.000000
v -130.000000 203.000000 300.000000
v -130.000000 197.000000 260.000000
v -130.000000 203.000000 260.000000
v -10.000000 197.000000 300.000000
v -10.000000 203.000000 300.000000
v -10.000000 197.000000 260.000000
v -10.000000 203.000000 260.000000
vn -1.0000 -0.0000 -0.0000
vn -0.0000 -0.0000 -1.0000
vn 1.0000 -0.0000 -0.0000
vn -0.0000 -0.0000 1.0000
vn -0.0000 -1.0000 -0.0000
vn -0.0000 1.0000 -0.0000
vt 0.375000 0.000000
vt 0.625000 0.000000
vt 0.625000 0.250000
vt 0.375000 0.250000
vt 0.625000 0.500000
vt 0.375000 0.500000
vt 0.625000 0.750000
vt 0.375000 0.750000
vt 0.625000 1.000000
vt 0.375000 1.000000
vt 0.125000 0.500000
vt 0.125000 0.750000
vt 0.875000 0.500000
vt 0.875000 0.750000
s 0
f 792/1155/772 793/1156/772 795/1157/772 794/1158/772
f 794/1158/773 795/1157/773 799/1159/773 798/1160/773
f 798/1160/774 799/1159/774 797/1161/774 796/1162/774
f 796/1162/775 797/1161/775 793/1163/775 792/1164/775
f 794/1165/776 798/1160/776 796/1162/776 792/1166/776
f 799/1159/777 795/1167/777 793/1168/777 797/1161/777
o Cubo.012
v -190.000000 257.000000 300.000000
v -190.000000 263.000000 300.000000
v -190.000000 257.000000 260.000000
v -190.000000 263.000000 260.000000
v -70.000000 257.000000 300.000000
v -70.000000 263.000000 300.000000
v -70.000000 257.000000 260.000000
v -70.000000 263.000000 260.000000
vn -1.0000 -0.0000 -0.0000
vn -0.0000 -0.0000 -1.0000
vn 1.0000 -0.0000 -0.0000
vn -0.0000 -0.0000 1.0000
vn -0.0000 -1.0000 -0.0000
vn -0.0000 1.0000 -0.0000
vt 0.375000 0.000000
vt 0.625000 0.000000
vt 0.625000 0.250000
vt 0.375000 0.250000
vt 0.625000 0.500000
vt 0.375000 0.500000
vt 0.625000 0.750000
vt 0.375000 0.750000
vt 0.625000 1.000000
vt 0.375000 1.000000
vt 0.125000 0.500000
vt 0.125000 0.750000
vt 0.875000 0.500000
vt 0.875000 0.750000
s 0
f 800/1169/778 801/1170/778 803/1171/778 802/1172/778
f 802/1172/779 803/1171/779 807/1173/779 806/1174/779
f 806/1174/780 807/1173/780 805/1175/780 804/1176/780
f 804/1176/781 805/1175/781 801/1177/781 800/1178/781
f 802/1179/782 806/1174/782 804/1176/782 800/1180/782
f 807/1173/783 803/1181/783 801/1182/783 805/1175/783
o Cubo.013
v 10.000000 280.000000 300.000000
v 10.000000 286.000000 300.000000
v 10.000000 280.000000 270.000000
v 10.000000 286.000000 270.000000
v 170.000000 280.000000 300.000000
v 170.000000 286.000000 300.000000
v 170.000000 280.000000 270.000000
v 170.000000 286.000000 270.000000
vn -1.0000 -0.0000 -0.0000
vn -0.0000 -0.0000 -1.0000
vn 1.0000 -0.0000 -0.0000
vn -0.0000 -0.0000 1.0000
vn -0.0000 -1.0000 -0.0000
vn -0.0000 1.0000 -0.0000
vt 0.375000 0.000000
vt 0.625000 0.000000
vt 0.625000 0.250000
vt 0.375000 0.250000
vt 0.625000 0.500000
vt 0.375000 0.500000
vt 0.625000 0.750000
vt 0.375000 0.750000
vt 0.625000 1.000000
vt 0.375000 1.000000
vt 0.125000 0.500000
vt 0.125000 0.750000
vt 0.875000 0.500000
vt 0.875000 0.750000
s 0
f 808/1183/784 809/1184/784 811/1185/784 810/1186/784
f 810/1186/785 811/1185/785 815/1187/785 814/1188/785
f 814/1188/786 815/1187/786 813/1189/786 812/1190/786
f 812/1190/787 813/1189/787 809/1191/787 808/1192/787
f 810/1193/788 814/1188/788 812/1190/788 808/1194/788
f 815/1187/789 811/1195/789 809/1196/789 813/1189/789
