# Blender 4.5.3 LTS
# www.blender.org
mtllib tree.mtl
o fattree_Mesh.003
v -5.770427 18.764872 1.598510
v -6.341630 19.523357 1.718142
v -6.007924 18.077709 2.070982
v -6.338041 17.937330 1.950271
v -5.343954 16.090746 1.714375
v -6.367094 17.757954 1.414890
v -5.589661 15.711567 1.941549
v -5.956498 15.773140 1.586217
v -4.716867 20.220615 4.843215
v -4.689721 19.426945 5.113098
v -3.846222 18.537037 4.449101
v -4.766687 18.910225 4.730829
v -4.066503 17.813253 4.202554
v -3.542813 17.912817 4.735296
v -4.117159 17.864763 4.639511
v -5.136840 19.314316 -0.998900
v -5.210404 21.489510 -0.936053
v -4.741375 19.904465 -1.294462
v -4.943535 20.194244 -0.628867
v -4.968854 19.136452 -1.714478
v -4.176226 19.125572 -1.312919
v -5.587661 16.183264 1.395078
v -6.893312 14.867922 -0.694949
v -6.963563 16.460859 -1.218751
v -6.440618 15.841675 -0.778783
v -4.268445 16.332714 3.913904
v -3.974164 16.563572 3.695650
v -4.154693 16.214306 4.198205
v -3.945919 14.964035 2.318682
v -3.486651 15.028225 2.090571
v -3.468454 16.188349 3.830729
v -3.459141 15.026133 3.042629
v -4.046579 19.005341 -1.902030
v -3.899098 18.646969 -2.275947
v -4.122303 18.329365 -1.726584
v -3.797427 18.644001 -1.310904
v -3.188145 18.679728 -0.991407
v -2.737583 17.338188 -0.979888
v -3.473205 16.798994 -1.005225
v -2.235674 17.126766 -1.502969
v -2.474309 16.567265 -2.708165
v -2.319772 18.735115 -1.509497
v -3.975594 16.348785 -2.079644
v -6.869181 22.530163 -5.411169
v -7.296169 20.815334 -5.260990
v -5.904608 18.529440 -5.581357
v -6.490370 20.361996 -5.894861
v -6.589008 20.425602 -5.228068
v -5.809279 19.195477 -5.982203
v -6.794486 19.255260 -6.053728
v -5.086911 17.902763 -5.869742
v -6.435114 18.334984 -6.057766
v -5.029253 18.233864 -6.989640
v -2.066196 21.792496 -5.269671
v -5.393623 18.763075 -6.475482
v -3.881351 19.843029 -5.619786
v -1.727543 22.157955 -5.471058
v -3.689258 19.342289 -6.393744
v -2.412030 20.554043 -5.448540
v -3.735544 19.356495 -5.861182
v -4.990298 18.897535 -5.973639
v -4.104066 18.453846 -5.899333
v -3.836559 17.282625 -5.632226
v -5.083122 17.864878 -6.502465
v -4.683998 18.017437 -5.582039
v -3.981529 17.795519 -5.465581
v -4.285797 17.577415 -6.350976
v -4.320954 16.300570 -4.618195
v -4.174583 16.958563 -4.031359
v -2.331343 15.709871 -2.842695
v -3.587782 17.143820 -4.149245
v -4.201273 16.288935 -3.471019
v -3.396475 16.941282 -2.965819
v -1.934756 21.719852 -0.900945
v -2.292234 20.352844 -0.653137
v -1.840564 20.755840 -1.009870
v -2.667503 19.437225 -1.823800
v -3.308977 19.214935 -1.394931
v 0.252740 21.704403 -0.766091
v 0.570622 18.690756 -0.709273
v -0.031523 20.145252 -1.219099
v -0.194992 19.094719 -0.313028
v 0.147971 19.573147 -0.274762
v 0.660574 18.938961 -0.412137
v 0.108836 18.508070 -0.620220
v 0.604482 18.299013 0.452474
v -2.388025 14.759344 0.260427
v -3.693348 14.124533 0.534837
v -1.190956 14.523275 -0.015458
v -0.594852 14.439486 -0.742237
v -1.588123 15.871855 -1.792170
v -0.001897 14.267286 0.182144
v -1.104392 13.533846 1.092988
v 2.749403 14.294802 0.963802
v 1.724573 14.849722 0.634993
v 0.762554 14.564537 -0.887488
v 1.690891 14.274572 -1.442139
v 0.853913 14.208565 -1.779623
v 0.904935 13.541656 -2.220604
v 0.461425 12.992691 -2.358017
v 0.687616 11.312527 -1.456188
v 2.352406 13.302006 -1.240366
v 3.719660 15.555098 -1.153532
v 2.580704 14.832472 -1.187285
v 3.855718 14.308451 -0.615010
v 4.663538 14.999601 -0.297027
v 5.615648 15.994507 0.393716
v 5.351743 16.085157 1.019874
v 6.741041 16.161095 1.846240
v 5.231750 15.573959 1.376746
v 6.804025 17.207003 2.249731
v 6.429957 17.211121 0.965713
v 7.112513 17.219631 0.958735
v 6.077285 16.749931 0.089477
v 7.271737 16.389423 1.380195
v 5.836201 14.559185 0.490868
v 6.439616 15.809172 0.519392
v 5.588296 14.402395 1.057376
v 3.440239 13.740074 0.085113
v 4.855814 14.517050 1.323594
v 4.458753 15.641542 0.774517
v 4.884005 15.526007 0.141030
v 4.204607 15.764973 0.069730
v 3.992486 16.499823 -0.051516
v 3.689137 15.753170 0.856747
v 3.294996 16.772627 0.949332
v 3.391594 17.151052 -0.195010
v 2.079552 17.532160 -1.117847
v 3.845975 17.830391 -2.717912
v 4.079540 17.239014 -3.179426
v 5.183432 18.361429 -3.659703
v 4.766704 17.710203 -3.716589
v 3.619896 16.377333 -2.124735
v 3.127945 16.740545 -3.319352
v 2.231928 15.664310 -1.535512
v 1.529513 15.727949 -0.961551
v 1.465420 16.930197 -1.156401
v 0.995755 17.490141 -0.402604
v 1.494941 16.154484 0.223756
v 0.712122 17.496998 1.014320
v 1.620643 15.050499 -1.000036
v 3.922598 16.757771 -1.538188
v 2.773784 17.804438 -2.862100
v 2.511633 17.213163 -3.251765
v 2.576360 17.680756 1.626666
v 1.533449 18.082785 0.791305
v 2.632616 17.270367 2.073891
v 2.763439 16.157522 1.253990
v 3.125705 13.927551 0.660801
v 3.804774 14.892097 1.142850
v 1.937986 11.744928 0.339018
v 1.644070 8.315988 0.458327
v 1.083988 8.001587 -1.312945
v 2.337445 7.065862 -0.176318
v 1.455201 11.212589 -0.549254
v -1.120754 11.460716 -2.035602
v -1.352850 10.063706 -1.926974
v -2.299930 5.505830 -2.809926
v -1.472206 5.304372 -3.047705
v -0.356226 7.239385 -2.434363
v -0.251409 10.077165 -1.881251
v 0.742883 4.925554 -2.908103
v -0.403987 1.772054 -4.420161
v 0.370355 0.751235 -4.454404
v -0.789585 -1.172515 1.190342
v -2.949395 -0.911013 2.708866
v -2.540664 -0.006732 3.847686
v -3.038334 -0.402631 4.656362
v 0.983886 0.329540 2.717048
v -1.708478 4.401419 3.338670
v -3.333664 3.318937 2.973772
v -4.009987 3.324197 2.168827
v -4.484065 1.610879 4.426632
v -5.258143 0.842654 3.951096
v -4.632256 -0.204871 4.162210
v -3.572985 -0.686295 3.873599
v -3.746621 -0.704547 1.642836
v -3.557002 -0.138258 0.583897
v -4.566780 0.233741 1.202455
v -4.091389 1.132059 -0.245497
v -4.263426 4.307016 -1.210572
v -4.410377 1.829223 0.580158
v -3.898872 4.956022 0.249042
v -5.126241 2.034910 3.162232
v -5.826090 0.324360 3.880333
v -5.274317 -0.428182 3.330312
v -6.770158 -0.268538 4.248428
v -7.674946 -1.238119 3.349197
v -7.091408 -0.007115 2.249377
v -6.530340 1.135936 1.949444
v -6.483027 1.438998 2.578937
v -6.172884 1.066789 3.664157
v -7.477727 0.491031 3.550416
v -7.184655 -1.194517 3.908834
v -7.598688 -0.788283 4.112959
v -4.802370 2.382087 2.109894
v -4.876862 1.527585 1.155036
v -4.337759 3.203798 0.968284
v -5.746232 -0.547846 2.895004
v -2.730841 6.944986 -1.495476
v -2.854269 6.740908 0.254500
v -3.222831 8.495085 0.192572
v -2.863591 9.598273 0.622775
v -4.224199 9.736909 -0.038676
v -3.990181 10.367544 -0.160299
v -3.799296 10.674765 -0.744660
v -4.020175 10.563070 -1.309065
v -4.668174 11.138735 -0.034520
v -4.068812 9.928833 -1.745490
v -3.668584 8.512719 -0.858091
v -3.138327 8.710915 -1.597169
v -2.095904 7.610560 -2.222712
v -2.674644 9.592277 -1.625222
v -5.841849 10.641357 -1.186383
v -2.841861 10.544876 -0.775279
v -2.970010 10.485019 0.049342
v -2.748713 12.145256 -0.369925
v -3.114644 12.936852 -0.215202
v -2.147139 11.862001 -1.472441
v -3.341537 14.573755 -0.492252
v -3.463400 13.978302 -1.415684
v -3.092210 13.505106 -1.991233
v -2.327101 14.683485 -2.537527
v -3.653367 15.489042 -2.852284
v -1.536463 14.691143 -2.188023
v -2.985834 15.309414 -2.954030
v -2.665146 12.843407 0.608409
v -2.075379 11.893461 1.495036
v -0.849936 9.265859 2.047123
v -2.013304 7.459857 1.521718
v -0.439861 7.822881 2.434238
v -0.247536 12.307493 1.752022
v -2.036839 12.990698 1.139126
v 1.051769 11.121286 1.196240
v 0.298290 11.574923 1.648980
v 0.913823 7.682115 2.240473
v 1.494930 1.095432 2.856799
v 1.151170 -0.333143 1.852204
v 2.630805 -0.284745 2.159741
v 1.225161 -0.814604 0.657704
v 1.240583 -0.511771 -0.956732
v 0.531055 -0.389874 -4.092223
v 1.623349 -0.557415 -2.771241
v 3.497930 0.739253 -2.325466
v 2.744857 1.934906 -2.528417
v 2.803306 0.727329 -0.716226
v 2.285803 -0.066582 -0.736959
v 5.321140 -0.519169 2.929458
v 2.421602 3.425922 2.247931
v 2.279756 4.285684 2.267816
v 2.197074 6.837745 2.335984
v 1.819604 7.761535 1.081320
v 1.419514 10.854305 0.666842
v 2.768196 7.171302 0.639684
v 1.891193 5.601144 -1.690851
v 2.087486 4.334851 -1.619002
v 1.208069 3.542089 -3.730385
v 2.226278 1.282758 -3.509336
v 4.305429 0.288529 -3.305995
v 3.003938 0.256300 -1.663034
v 4.310157 -0.714130 -2.691440
v 4.041009 -0.679179 -3.411035
v 1.972723 -0.119975 -3.618646
v 3.515798 6.533148 0.715952
v 3.241040 5.562953 1.013680
v 2.663280 4.087862 0.527239
v 2.810207 3.507797 1.125744
v 4.449014 0.701009 1.348290
v 3.610567 -0.643425 1.580290
v 4.171827 -0.253103 1.284494
v 5.199325 -0.866038 2.712073
v 5.425756 -0.815868 2.131015
v 5.506284 -0.127707 2.611558
v 3.184998 5.572567 1.672966
v 2.835682 5.964518 2.264882
v 3.525052 7.331298 2.345968
v 2.728884 7.427988 1.275741
v 3.179018 7.642566 1.807294
v 4.137764 8.309747 1.221189
v 1.583903 5.135519 3.153397
v 1.272444 3.326472 2.964904
v 2.896876 -0.340640 -2.024728
v -1.108183 -0.726571 -0.132051
v -0.801491 -1.041430 2.503889
v -0.193325 3.765181 3.407955
v -1.434631 6.713988 2.866539
v 0.094207 5.957318 3.749116
v -4.437891 2.481225 -2.774282
v -4.483674 1.272123 -2.094624
v -3.671440 -0.820616 -3.499767
v -2.137190 -1.060702 -2.760221
v -2.794952 -0.389134 0.262017
v -3.886751 0.027546 -1.803904
v -3.214139 -0.698577 -4.299268
v -3.472657 0.084991 -4.996063
v -3.735199 2.133985 -4.884300
v -4.082966 2.876150 -4.121506
v 0.056926 -0.782919 -3.394054
v -1.568964 -0.881671 -4.233288
v -1.955401 -0.363187 -4.497042
v -2.105705 0.867486 -4.600670
v -1.354228 -0.014198 -4.989876
v -1.402083 3.496976 -3.904078
v -0.783940 -0.574039 -6.071402
v -0.468564 -0.896793 -6.001811
v -0.491751 -1.185194 -5.401440
v -1.168265 -1.115301 -5.648989
v -5.095025 1.029045 -3.022002
v -4.927924 -0.232527 -3.423102
v -5.960757 -1.143538 -5.049515
v -6.093166 0.147848 -3.847258
v -5.116045 1.780595 -4.270309
v -6.125277 1.019577 -4.648420
v -6.390352 0.092805 -5.740667
v -6.788551 -0.898632 -5.319924
v -6.364764 -0.942897 -4.534394
v -5.551324 0.717191 -5.792917
v -5.936728 -0.789896 -5.989777
v -3.702435 1.328294 4.938713
v -3.174987 1.014004 4.663816
v -3.024731 2.195100 3.793188
v -2.255009 1.489918 3.799850
v -0.342054 12.961197 -2.511623
v 0.706971 13.433990 -3.146317
v -0.967251 14.265684 -2.229082
v -10.998697 14.219082 1.012146
v -10.189347 14.165329 0.496382
v -9.351735 13.483818 0.560222
v -9.419914 13.824696 0.433637
v -9.677176 13.530268 0.333666
v -9.030090 13.318157 -0.373367
v -7.831823 14.183308 0.764396
v -8.520035 13.183573 0.522536
v -7.336561 14.229864 0.317810
v -7.898458 13.663565 0.306326
v -9.480086 13.755186 -1.578443
v -9.325707 13.535908 -1.923827
v -9.417433 13.138861 -0.231852
v -7.077015 14.955248 -0.350583
v -8.994442 12.895731 -0.262272
v -8.679535 11.806820 1.074831
v -8.275988 13.016748 0.206256
v -7.926968 12.566788 0.830335
v -8.389093 11.560186 0.678537
v -8.301992 12.803909 0.959380
v -7.345891 11.504278 0.702637
v -7.081893 11.859249 1.260905
v -6.631709 11.577297 0.795357
v -7.403641 11.646772 1.801623
v -7.518331 11.013365 1.467132
v -6.829320 11.067816 2.315031
v -6.401247 11.111237 0.650875
v -5.413611 10.811295 0.827014
v -5.607398 10.528723 0.206931
v -6.149043 11.161070 -0.190390
v -6.256873 10.885162 -1.471399
v -5.481674 11.871645 0.831246
v -5.880945 11.549667 -0.045143
v -6.001538 10.915060 1.939255
v -5.630012 10.927755 -2.013084
v -6.268450 11.360462 -1.788062
v -5.615017 11.327698 -1.080718
v -4.502952 14.778616 1.743575
v -3.977981 15.019249 1.736265
v -3.609390 14.599001 0.919441
v -3.020191 14.709084 2.131900
v -3.915522 14.376066 2.349800
v -2.111574 14.021477 1.450970
v -3.976409 13.809055 0.981668
v -3.630974 13.619864 1.785204
v -2.700960 14.530037 0.984103
v -6.165069 11.372351 3.730828
v -5.550253 11.335640 3.666728
v -5.210192 11.042999 4.523245
v -5.450769 10.632574 4.502253
v -6.125360 11.552288 2.871612
v -5.535783 11.315365 2.008044
v -5.353922 11.789902 1.273636
v -5.684131 12.554380 4.612287
v -5.553891 12.516172 4.226239
v -5.373755 12.166788 4.930672
v -5.494539 11.143274 4.831757
v -5.950129 10.943546 4.575456
v -4.303040 12.774694 5.521411
v -4.833401 12.004305 4.685256
v -4.353647 12.952784 5.086277
v -5.110518 10.601303 5.392089
v -4.471218 10.867069 5.476898
v -5.478889 10.874065 -1.358270
v -4.919198 9.738351 -0.572069
v -5.817659 11.239706 -1.811377
v -5.674520 10.822872 -2.612886
v -4.913690 11.225618 -3.208940
v -1.841751 13.577988 -2.408674
v -1.199290 13.586988 -2.674565
v 0.602707 14.248468 -2.089613
v -2.243281 14.115035 -7.126178
v -2.114337 14.037295 -6.769532
v -1.529835 13.985570 -6.851897
v -0.280729 15.080931 -6.172446
v -0.682464 14.406745 -6.443883
v -0.625798 14.576731 -5.978305
v 0.034886 14.423521 -5.465032
v 0.795828 14.459955 -5.635994
v 0.985272 13.563875 -4.426397
v 0.128057 13.938431 -4.368316
v 1.022952 13.957842 -3.264164
v 1.118233 14.071388 -4.080012
v 0.470002 14.427441 -4.192653
v 2.029825 13.299828 -4.203917
v 0.709131 14.608595 -5.021941
v 2.546547 13.590807 -3.963028
v -2.310786 20.456326 5.450312
v -1.990532 18.814484 5.616671
v -1.037880 18.300695 3.837811
v -1.413637 19.090771 4.796195
v -0.305436 18.578693 3.986708
v 0.809290 17.568718 3.726294
v -0.796746 17.512856 5.075511
v 1.130527 17.013454 2.553740
v -1.044649 19.432774 5.762606
v -1.123671 19.419075 5.117441
v -2.058157 21.462845 5.396760
v -2.023446 20.568733 5.938761
v -1.479103 18.984425 6.009874
v -0.196491 18.387880 5.185856
v -0.713028 17.442524 3.533467
v 0.930594 18.143452 3.463700
v -0.013751 18.254831 2.181164
v 0.618242 18.513975 2.385674
v 1.980427 18.383028 2.378235
v 1.014638 18.114523 1.195994
v 2.005000 16.102926 1.126471
v 2.287071 16.966173 2.411998
v 2.190448 17.317362 3.355062
v 3.387595 18.830530 4.218516
v 4.300365 18.894655 4.064656
v 4.920619 20.665375 4.039783
v 3.174559 19.184933 3.301555
v 3.590054 19.671528 4.021987
v 1.672248 17.649315 3.538458
v 1.778883 18.220110 3.277523
v 3.211823 18.685801 2.753669
v 1.709860 17.783960 -0.227751
v 3.896996 18.652849 3.111000
v 4.769218 21.632133 4.526777
v 6.817018 20.695141 5.140746
v 7.181458 17.951506 4.198693
v 7.443052 18.395428 4.161098
v 7.350731 18.366001 4.750988
v 7.255898 17.888346 3.279122
v 7.506302 17.770607 2.006641
v 8.039563 17.703209 3.279305
v 2.850750 11.873186 5.033848
v 3.012592 12.224123 4.698765
v 3.881614 11.894451 4.595026
v 4.024326 11.285440 3.757620
v 4.093396 11.587610 3.629472
v 4.600244 11.948015 3.848776
v 5.042324 11.170801 4.059336
v 4.425705 10.937504 4.051385
v 5.255134 10.995148 3.567145
v 4.190022 9.696680 5.881301
v 4.538787 10.333617 5.275094
v 4.828281 9.839395 5.724224
v 5.512505 10.380605 4.349806
v 4.628679 9.769265 4.606118
v 6.161895 10.645376 3.844909
v 4.992290 10.572796 4.405388
v 4.746364 10.238465 3.972383
v 5.335244 9.832280 3.256966
v 5.208426 9.055280 3.363639
v 6.346663 10.961336 4.225992
v 7.372139 11.260141 3.996873
v 5.450560 9.692574 3.876276
v 7.636919 11.017889 3.723194
v 7.750936 10.803013 3.985442
v 8.825603 11.419867 4.027423
v 1.264381 15.001526 -0.203993
v 2.780946 17.816984 -4.414907
v 4.601733 18.049423 -4.182591
v 2.510751 20.462769 -4.813390
v 2.445263 19.641830 -4.009993
v 2.832563 21.943310 -4.765173
v 3.206519 18.786875 -3.486049
v 2.650233 18.130079 -3.730016
v 3.501839 18.551191 -4.579625
v 4.288010 18.411964 -3.486373
v 4.257350 18.441860 -4.128448
v 5.493902 19.104870 -4.298633
v 5.562168 19.529816 -5.085149
v 5.976088 19.144447 -4.778831
v 5.368806 18.853308 -4.929440
v 6.396234 20.719540 -4.795041
v 7.699115 18.306099 3.455273
v 8.245312 21.138920 3.010931
v 8.215254 20.150410 3.672348
v 8.516896 18.578257 2.703514
v 7.840049 19.391319 2.853554
v 8.148006 17.506720 2.161144
v 7.103846 21.546879 -0.375280
v 6.723831 18.703510 -0.928717
v 7.354445 17.546423 -0.712591
v 7.377207 19.950325 -1.202545
v 7.622026 20.333485 -0.527059
v 7.004433 19.199673 -0.152300
v 8.112944 17.495247 -0.653920
v 7.232389 16.767860 0.164636
v 7.717903 17.951687 -0.590467
v 7.771901 18.034487 -0.208759
v 6.561642 17.926636 0.062416
v 7.257761 17.759230 0.376459
v 9.326424 19.984695 -1.773246
v 8.935462 18.966091 -1.666059
v 8.671081 18.445127 -0.936068
v 8.822424 18.051840 -0.398547
v 8.020191 17.031427 2.449720
v 7.570336 17.074648 2.928328
v 7.600406 17.180462 0.238653
v 9.038872 17.823952 -0.736493
v 3.567624 14.319828 -4.485484
v 2.274354 13.739563 -4.276292
v 3.372245 13.992861 -4.575721
v 6.326613 12.960022 2.627395
v 6.036655 12.492477 1.909726
v 6.138056 11.580309 1.446654
v 5.873344 11.323244 1.768524
v 5.141026 10.427628 0.603532
v 5.073535 10.278978 0.034729
v 5.458453 10.319695 0.574156
v 5.860171 9.496815 -0.088074
v 8.019886 11.242670 0.033597
v 7.536190 10.205679 -0.118097
v 6.650368 9.678217 -0.138192
v -3.555727 -1.255095 6.408072
v -3.029990 -1.009073 6.465581
v -3.948580 0.351495 5.747589
v -3.545078 -0.990212 5.082524
v -2.832349 -1.048549 6.005593
v 4.525459 9.541086 6.260070
v 4.800361 9.461763 3.389960
v 4.833846 9.048968 2.343009
v 5.500250 8.886263 1.859137
v 4.564003 8.383932 2.658729
v 5.174961 8.131717 2.412883
v 5.025350 9.369534 0.578438
v 5.261643 8.114905 1.537452
v 4.206692 7.454113 1.057032
v 5.052349 8.318880 0.807056
v 6.040941 8.971800 -0.125124
v 5.220861 9.085816 0.027425
v 5.511588 9.663751 0.574306
v 5.988725 9.314896 0.393929
v 6.735523 9.420300 0.191625
v 3.261650 0.178735 -3.766638
v -0.907800 18.886175 6.047655
v 1.424503 21.894211 6.997303
v -3.534265 21.517616 2.325336
v -4.784225 21.175671 5.835691
v -1.402594 23.941254 6.542636
v -4.042194 23.144627 4.928320
v -1.450942 23.543369 3.269774
v 0.782090 23.155342 3.537073
v -1.671753 22.501526 8.302786
v 1.169309 23.089180 6.126235
v 0.177778 21.533173 1.857630
v -0.869666 22.441250 2.122480
v -1.132271 20.626732 8.215500
v -2.285878 20.804321 1.531999
v -4.025388 21.823414 7.308443
v 1.148158 20.086132 5.881516
v 1.331793 20.783978 2.998099
v -4.361512 19.541759 4.921836
v -2.184703 19.510902 7.228868
v -1.708640 18.993992 3.089839
v 9.707304 17.270603 0.732047
v 8.157407 17.721083 -3.152567
v 12.431269 20.710735 1.787574
v 6.757015 20.279800 -3.558493
v 5.326706 19.888523 0.458356
v 9.196260 23.053143 1.267303
v 7.344225 22.761784 -0.160760
v 9.883020 22.824169 -1.818635
v 7.966313 21.943630 -2.947786
v 11.696163 22.153835 -2.171920
v 5.867129 21.589756 -1.063852
v 8.888266 21.405678 3.281419
v 12.139252 22.078125 0.790820
v 11.004658 20.297604 -4.093682
v 9.806085 21.336704 -3.790622
v 6.423376 21.336704 1.991371
v 9.505587 19.260380 3.181535
v 8.185529 19.463593 -4.466300
v 6.226258 19.950706 2.163574
v 12.115049 18.641777 0.510795
v 12.325182 19.440311 -2.788661
v 5.810408 18.018862 -0.587355
v 8.301303 17.983553 2.052551
v 9.820284 17.390327 -1.840877
v -2.844121 12.405691 -5.976347
v -6.894870 13.579992 -6.170787
v -4.105110 14.019276 -5.327074
v -6.119361 13.968887 -3.303565
v -7.841076 12.956575 -2.891481
v -6.400865 12.086743 -7.519003
v -8.703403 11.628170 -5.303054
v -6.378356 12.148314 -1.333644
v -5.930375 13.139853 -1.980373
v -6.066393 10.401775 -6.996746
v -3.571211 12.506104 -1.741071
v -4.006430 12.410558 -7.156546
v -7.312335 9.809422 -4.311550
v -7.228961 10.953306 -1.898145
v -2.361638 11.132561 -4.822340
v -4.731793 9.552367 -5.745976
v -4.017648 10.311444 -2.469207
v 0.882060 13.564934 3.927792
v 5.042729 11.872925 4.047604
v 3.676598 10.504673 4.152177
v 4.663822 11.471946 6.514353
v 2.904884 10.313347 5.614591
v 4.856588 12.277255 6.504551
v 3.808701 12.696165 2.700771
v 4.705054 13.608744 4.713856
v 3.275922 12.054084 7.180914
v 1.565000 13.388647 2.669284
v 2.006743 11.081916 6.543676
v 2.527160 11.569555 2.499569
v 2.428224 14.066982 4.800899
v 3.039966 13.113284 6.790935
v 0.752439 11.309076 3.396732
v 0.727134 12.393398 5.568521
v 2.246089 29.620304 0.002379
v 0.783196 21.683254 2.884867
v 3.995605 20.630123 -0.053992
v -2.310824 22.093723 1.155539
v 2.960320 22.818623 -5.779101
v 7.002919 25.568657 -2.773455
v 6.034942 22.228287 -3.050516
v -3.362679 25.796261 2.322242
v -0.850878 26.255615 4.354114
v -4.407198 24.421864 0.094239
v 6.352772 27.333775 -0.108718
v 3.597361 28.260204 -2.701105
v -0.288881 28.412769 -0.942287
v -0.335962 26.186275 -4.697572
v 1.856852 24.894981 -5.946990
v -3.698291 26.042309 -0.934785
v -1.147502 27.231144 2.561916
v 2.098835 27.128113 4.007317
v 5.971553 26.424961 2.884910
v 4.663929 25.708286 -4.809058
v -0.516389 23.143417 -5.945895
v 3.312593 25.314014 5.400738
v 7.748322 24.405548 0.073322
v 5.350445 23.086452 -4.713173
v -3.476544 24.092258 -3.739732
v -1.623364 21.797592 -3.742069
v -0.841856 25.218571 5.085142
v -3.343316 24.161880 2.700005
v 6.559576 24.742916 3.371264
v 3.494691 23.710815 4.754318
v 7.067542 22.886711 -1.097157
v 2.758391 21.131859 -4.255620
v -3.764225 23.038708 -1.873857
v -0.533665 23.931419 4.638142
v 4.797317 23.118706 3.695555
v 0.900468 20.456444 -0.025454
v 12.261993 13.888956 -2.163389
v 10.737954 11.393045 -1.877204
v 9.271493 11.875607 -3.869453
v 5.791466 11.776590 -3.021746
v 7.208481 10.673794 1.617700
v 11.721153 13.083611 2.740714
v 11.368118 11.521229 0.913485
v 11.721335 12.936913 -3.137069
v 6.104562 12.639734 4.013255
v 10.175024 12.443617 3.871335
v 4.879826 13.474880 -0.336058
v 6.357274 12.950060 -2.582981
v 9.306709 13.857613 -3.073629
v 11.631378 14.501768 -0.162906
v 5.927695 14.652216 2.764911
v 6.924627 14.692781 -0.793774
v 4.615294 13.879353 1.581999
v 9.223289 13.965530 4.302344
v 9.719347 14.722075 3.127935
v 8.056214 13.368162 4.756061
v 12.488286 13.941406 0.788634
v 4.855828 12.223297 0.840620
v 8.819518 11.631092 3.552048
v 12.773410 13.067987 -0.198708
v 10.500363 13.612280 -3.996846
v 8.031482 12.720991 -4.587318
v 5.360997 11.169973 -0.340343
v 6.997975 10.808867 -2.204190
v 10.660750 11.802404 0.391321
v 7.384473 11.451685 5.179088
v 7.775533 12.152781 1.407151
v 7.038338 14.027693 5.936832
v 8.755381 15.313570 5.854844
v 9.857322 10.471723 2.516772
v 12.567755 11.240675 5.262779
v 10.560902 10.915728 6.171501
v 13.014847 12.112146 1.533691
v 11.642419 13.069876 0.430214
v 13.705226 12.506350 3.720767
v 7.564916 12.808219 6.716876
v 12.071175 12.910102 7.125822
v 6.606228 13.649958 3.022175
v 9.175824 13.896536 0.482721
v 12.794051 14.845625 3.011876
v -2.999057 19.385044 6.052092
v -5.595736 19.119320 3.903661
v -6.282923 20.954990 3.741513
v -5.954651 22.329430 4.891841
v -4.188497 18.312159 5.513478
v -6.388052 18.660624 6.453216
v -3.339746 19.802433 7.212065
v -5.154381 20.007484 7.745737
v -7.094385 20.426079 6.644162
v -3.606852 20.477314 3.693644
v -2.978149 21.176918 5.240973
v -4.652771 21.881435 7.237369
v 8.499353 22.888981 -2.236767
v 10.834309 24.919022 3.838422
v 7.105051 18.437346 6.108717
v 11.455498 21.425152 7.272182
v 5.893414 20.913795 8.656719
v 7.583502 21.614578 9.086171
v 1.578951 22.532906 3.732169
v 11.024546 22.036659 -0.965369
v 5.500787 24.406540 3.505907
v 8.762245 24.014751 -1.101902
v 10.603027 19.287437 4.915361
v 10.280015 19.681114 7.482376
v 6.002772 20.038422 -1.449098
v 3.400288 23.231384 -0.027051
v 11.430812 20.048809 1.884757
v 3.437450 24.402454 1.693162
v 11.266131 23.844196 1.785943
v 5.392691 18.912516 6.812219
v 4.564816 23.535061 6.550651
v 8.170894 19.874489 8.517663
v 6.365142 22.466496 -2.242675
v 8.056568 25.324753 5.479394
v 10.121119 24.359783 7.538916
v 5.923741 24.396439 -0.612727
v 6.133166 24.974613 5.900606
v 12.404853 22.984768 5.400273
v 9.231585 21.559605 -2.474089
v 2.102681 23.590908 2.896946
v 3.946790 23.546932 4.530124
v 3.891605 21.425995 7.103857
v 6.344009 23.710430 8.104021
v 9.836175 21.576950 8.650849
v 8.692061 23.890438 8.165209
v 9.311616 19.548759 -1.088713
v 3.827951 20.047142 0.412035
v 1.941926 20.395870 3.402404
v 2.309840 20.513218 5.213933
v 12.220853 21.047195 4.262874
v 6.133979 18.561396 1.516863
v 3.677906 18.816835 4.289583
v 8.492847 18.915030 3.267627
v 8.044446 20.034065 2.812886
v 7.473810 20.802486 4.113860
v 8.471535 17.969393 5.438342
v 5.796674 17.822433 6.198575
v 10.717514 19.920513 4.670342
v 9.220771 18.804384 6.705750
v 6.314417 18.858057 7.613330
v 4.942808 18.990864 6.282837
v 10.899019 19.673985 2.765079
v 6.561727 20.098942 7.296090
v 8.936317 20.711437 5.626800
v -12.259741 21.793262 -3.879006
v -5.804026 21.492939 -11.455283
v -5.649074 23.188347 -10.701517
v -3.646966 19.937111 -9.194576
v -8.674369 19.383957 -4.382591
v -9.022931 24.172146 -9.405025
v -10.531754 22.649197 -9.511604
v -6.638113 24.660736 -8.576535
v -11.106171 19.690563 -4.508366
v -10.740922 21.287724 -3.124938
v -11.204135 23.105064 -4.445329
v -8.907100 23.120415 -3.819235
v -6.786086 22.173229 -4.207813
v -9.509519 24.531902 -6.368884
v -11.527388 23.149796 -6.986249
v -11.963284 21.379219 -7.348334
v -11.077148 19.446629 -6.813956
v -8.101811 20.688541 -3.694979
v -4.756605 23.088402 -6.001273
v -10.579521 20.429741 -9.317691
v -7.243723 18.573078 -6.731821
v -4.858553 20.436031 -5.888776
v -6.439995 24.529015 -6.651270
v -4.014702 23.293182 -8.505228
v -9.422007 18.874468 -8.347215
v -8.205035 20.059700 -10.342067
v -5.151447 19.495213 -10.182588
v -3.235093 21.079113 -8.228038
v -8.645399 22.270802 -10.663707
v -3.710457 21.543365 -10.970049
v -0.831070 20.952850 -8.020499
v -3.427751 20.687126 -10.168925
v -4.114938 22.522800 -10.331080
v -3.786665 23.897232 -9.180751
v -2.020511 19.879963 -8.559114
v -4.220061 20.228424 -7.619371
v -1.171758 21.370243 -6.860528
v -2.986395 21.575291 -6.326852
v -4.926399 21.993881 -7.428430
v -1.438867 22.045120 -10.378943
v -0.810164 22.744724 -8.831617
v -2.484784 23.449249 -6.835220
v -8.104868 21.164883 -8.437158
v -8.670576 17.934477 -8.903197
v -8.400268 19.844494 -9.938476
v -11.168016 17.695686 -9.254975
v -12.748345 18.892534 -8.765029
v -7.286540 19.778889 -7.953020
v -8.791652 18.905851 -5.950467
v -8.887146 21.715439 -7.274549
v -9.996078 20.797981 -5.873106
v -11.242326 18.815552 -5.959232
v -10.210402 19.037193 -10.486263
v -10.109314 21.009354 -9.741627
v -11.929137 21.181934 -7.142758
v -7.506449 15.870911 3.105436
v -5.782490 16.233877 -1.697620
v -7.308359 16.059195 -2.256694
v -10.249290 15.942835 -0.850224
v -5.363190 15.803688 0.827047
v -5.829101 14.214294 -0.452231
v -7.529707 14.287888 2.634754
v -7.882212 13.861084 -0.570764
v -7.213374 17.399971 -0.032615
v -8.173480 16.791052 1.536215
v -9.713076 14.690174 2.088565
v -14.863649 16.184374 3.307876
v -12.823448 18.364655 2.008159
v -8.903254 16.408762 -0.985001
v -11.478448 15.776335 -3.134242
v -13.125504 14.936213 3.742281
v -9.531699 16.322731 2.205936
v -12.652225 12.785707 2.202395
v -10.741843 13.719877 2.958008
v -15.473226 17.427853 2.180243
v -15.866935 14.139025 1.069494
v -15.756093 15.551805 0.015554
v -14.535733 12.791647 0.285943
v -8.527851 15.678801 0.705194
v -10.855303 12.509262 -0.425266
v -13.630175 18.074598 -0.705434
v -14.273814 13.338900 -2.357778
v -14.379045 15.105810 -2.820570
v -9.752327 15.000505 -2.682818
v -6.857552 13.765511 5.174728
v -5.053483 12.766784 7.495065
v -3.739599 13.752435 7.641633
v -3.163937 12.219828 5.563149
v -6.483122 12.937385 6.745133
v -2.714850 13.576893 3.699433
v -5.100172 12.650623 3.298629
v -3.431143 15.024372 3.642723
v -4.545266 15.947462 5.501770
v -2.885766 15.073265 5.180032
v -4.914585 14.197876 2.959532
v -4.166186 13.719786 2.705011
v -6.566817 13.322245 4.165475
v -2.768631 13.085250 6.566275
v -3.780481 12.298885 4.010530
v -6.528558 12.557177 4.813026
v -6.247891 14.135026 6.780568
v -5.101699 13.989995 7.847035
v -4.856349 11.822380 5.442494
v -2.303586 10.559129 6.909208
v -4.650523 10.109532 4.881909
v -5.195116 11.210445 4.708526
v -5.133419 12.045130 5.453655
v -3.416507 9.607270 6.099844
v -5.355696 10.088926 6.552078
v -3.041576 10.435447 7.457775
v -3.114520 10.944304 4.916280
v -2.493407 11.375504 6.002407
v -3.749156 11.784701 7.326703
v -6.900387 13.926895 4.148755
v -5.357219 13.331963 4.646768
v -5.552881 12.504499 4.789675
v -6.652845 13.515625 5.607523
v -7.928578 12.798456 3.950183
v -7.272940 12.155716 4.884023
v -6.311789 13.113577 3.501578
v -6.963109 12.485790 3.555215
v -10.055770 13.781435 -0.703024
v -10.319912 13.062515 -1.046236
v -8.131967 13.877863 -4.000104
v -10.164406 15.073036 -2.267807
v -8.570712 13.253269 -4.499063
v -10.150500 13.819994 -4.078907
v -11.201835 13.985123 -2.524797
v -8.125451 13.670013 -1.891247
v -7.945458 13.046612 -2.960647
v -9.666333 12.608191 -3.333131
v 3.554466 10.784004 5.292612
v 3.653165 11.846879 6.487284
v 4.311453 11.869060 7.701305
v 4.436465 9.453134 5.220070
v 3.059537 9.375605 6.435287
v 5.756100 9.239691 6.341115
v 4.440868 9.212877 7.524386
v 3.117260 10.199320 7.769583
v 5.335866 11.305882 5.432340
v 6.101721 10.814252 6.433278
v 5.306859 10.307560 8.225275
v 8.345703 14.135176 1.425195
v 7.311059 14.834518 1.782017
v 6.105621 15.000191 3.352062
v 9.014375 13.139666 2.375567
v 7.288760 13.316122 1.164861
v 8.577271 14.018381 4.628516
v 8.309985 12.984587 4.440754
v 6.554334 12.782000 2.631716
v 5.495988 13.666912 2.089686
v 9.159793 14.459785 3.446006
v 5.724185 13.596132 4.402171
v 6.772084 14.199080 5.016334
v 2.214059 16.929379 6.699819
v 1.783623 18.125788 3.436363
v 0.314198 19.007252 3.981467
v -1.194688 19.214634 5.946739
v 2.446295 16.885746 4.724431
v 0.286284 17.106627 3.208953
v 1.899163 17.985666 7.544519
v 1.068402 16.683565 7.374765
v -0.633015 16.438051 5.045066
v -1.957781 17.545721 4.366583
v 2.628327 18.538185 6.064334
v -1.673929 17.456240 7.261472
v -0.360449 18.211855 8.029966
v 6.479449 16.697731 -4.583188
v 4.578918 16.046446 -7.324223
v 4.658795 17.086487 -5.682880
v 2.693434 15.864830 -5.222612
v 2.593580 15.260177 -6.436338
v 6.495925 15.572503 -6.990988
v 4.649170 14.233891 -7.331077
v 2.710068 14.686079 -4.753227
v 7.348477 14.657135 -5.995411
v 3.639972 15.900341 -3.508694
v 6.872144 16.500820 -5.614220
v 5.700062 13.508436 -5.489418
v 3.462325 13.819876 -5.013826
v 6.685273 15.962450 -3.420676
v 7.507577 14.437075 -4.497085
v 5.239515 14.596478 -3.210753
v -2.276920 20.879387 -0.019104
v -6.236613 20.578014 -3.295258
v -2.866903 21.203037 -2.710336
v -6.882164 23.041885 -3.488468
v -6.935095 24.205200 -1.847550
v -4.066214 19.656689 -0.892729
v -7.489683 20.062946 0.622066
v -2.794817 21.367516 1.725420
v -5.563587 21.585339 2.563549
v -7.653809 21.866032 -3.174961
v -8.503469 21.994022 0.859297
v -4.178439 22.650333 -3.758842
v -2.208126 22.843922 -1.295592
v -4.870703 23.702179 1.840257
v -11.833988 15.108191 -5.273744
v -14.363770 14.711361 -2.400290
v -13.162022 15.056690 -0.721050
v -10.961667 15.140020 -0.646670
v -13.497762 14.379282 -4.737694
v -13.206059 13.067278 -3.342924
v -11.191184 16.072361 -4.063180
v -10.695916 14.527653 -5.299480
v -9.613079 13.850210 -3.309392
v -11.587577 13.238024 -1.873522
v -12.955727 16.425617 -3.405499
v -9.590912 15.422546 -2.959899
v -3.396507 23.651524 -4.895689
v -6.977753 22.410755 1.302758
v -6.911390 22.872463 -3.521734
v -3.186327 27.310658 3.042912
v -8.857602 25.287491 1.892569
v -7.209779 27.627460 -0.450927
v -3.563317 22.061287 -2.010269
v -0.913856 24.546825 1.152638
v -3.033316 23.385429 2.442752
v -0.881283 25.233822 -3.646244
v -2.998762 25.546986 -5.085054
v -0.327864 26.295685 -1.015452
v -7.557965 24.246460 3.012741
v -2.271481 25.725597 3.260954
v -9.120399 24.262951 -1.661662
v -6.263924 25.382381 -5.026591
v -2.000808 28.284714 -1.340125
v -4.015843 28.080620 -2.889142
v -7.096128 27.382309 2.175888
v 4.290086 20.235775 -3.355073
v 2.053078 19.254696 -8.430474
v 5.104012 19.619770 -6.222270
v 2.581051 21.529331 -9.898826
v 2.252374 23.303410 -8.879687
v 2.503033 18.980209 -4.747327
v -0.769853 20.943687 -4.480631
v -0.574042 20.025372 -6.416759
v 2.280980 21.486893 -2.305561
v 4.219637 21.734512 -3.015410
v 0.333500 22.326511 -3.132191
v 1.239673 20.706188 -9.569566
v -1.365414 22.484058 -6.422464
v 4.978722 20.719227 -8.471590
v 5.745757 21.621811 -5.131525
v 2.200851 24.026276 -4.131758
v 6.022466 22.747055 -9.960377
v 10.821524 23.211185 -4.432284
v 8.882953 24.990948 -4.707440
v 7.882216 18.038618 -4.226042
v 9.088368 19.292645 -2.384084
v 1.474157 22.031822 -5.563087
v 4.899957 21.421658 -9.685273
v 9.599301 22.986584 -2.303634
v 2.714387 24.049740 -6.754558
v 10.200256 24.380310 -5.542770
v 2.630526 22.263241 8.189377
v 5.252628 21.935726 2.792330
v 5.456731 22.614960 6.705343
v 5.303242 24.613304 2.017649
v 3.497033 25.872524 2.357030
v 3.138058 20.939014 5.935011
v -0.126076 21.743958 3.565147
v 1.802267 21.406364 2.296346
v 0.025482 22.623562 7.476314
v 1.604976 23.550053 8.341662
v -1.054362 23.030422 5.345880
v 4.761847 23.335461 1.259677
v 0.073088 23.429779 1.573445
v 6.284737 24.187790 4.929029
v 4.085631 24.374634 7.880572
v -0.561711 24.972427 5.339104
v 1.155734 25.501789 6.384822
v -4.406842 15.383187 -10.683962
v -3.859278 13.832986 -8.880405
v -4.576550 14.487622 -7.667758
v -2.270024 14.818750 -5.879211
v -3.752857 15.624966 -6.061934
v -1.233114 13.852065 -7.054008
v -2.148450 13.471600 -9.784595
v 1.065729 15.466641 -7.943857
v -0.142446 14.367404 -10.869163
v -3.281152 16.782820 -7.068885
v -2.387497 15.923018 -11.370003
v 0.649391 17.221123 -8.766037
v -2.090580 18.326454 -8.610522
v -0.683166 17.281645 -7.041399
v 0.374015 16.213034 -10.869685
v 1.153537 15.657224 -10.265675
v -0.842019 15.859099 -6.469894
v 0.001066 13.924453 -8.866800
v -2.558173 14.752831 -11.556540
v -4.644619 16.158381 -9.515897
v -5.004081 15.988797 -7.508845
v 0.580777 14.005139 -11.549120
v 2.233210 15.725390 -7.321673
v 2.488903 14.413121 -10.251815
v 3.032768 14.339939 -5.695700
v 2.322142 13.135723 -5.626167
v 0.363336 15.183919 -10.205840
v -0.078610 16.430262 -7.081219
v -0.506438 13.434087 -11.287155
v -1.591697 14.399955 -8.741642
v -0.570619 14.665155 -5.872968
v 3.531999 13.957452 -8.320506
v 2.147562 13.109267 -10.662997
v -0.099109 12.372764 -8.695182
v -12.196128 14.475225 3.410418
v -12.849910 16.122635 1.043860
v -12.903065 13.153347 2.042104
v -14.479307 13.444578 0.542228
v -12.167998 16.409346 4.135643
v -11.656686 16.954639 2.335104
v -14.921368 14.999533 4.319784
v -14.243522 16.354105 2.075314
v -14.281967 16.926983 4.163258
v -16.645761 15.503319 1.469790
v -15.652051 14.100748 3.086663
v -12.317906 14.629324 0.941114
v -15.457914 15.514639 0.282992
v 11.618632 16.477999 1.283285
v 13.256742 13.761072 2.638802
v 12.568811 12.441458 1.290916
v 10.943970 12.617336 -0.121254
v 12.285600 15.788855 2.864939
v 10.208982 14.406574 4.042530
v 11.956745 15.646006 -0.220105
v 9.542868 16.537634 1.549177
v 8.094740 14.789810 1.230571
v 9.799474 13.249062 2.359357
v 13.645254 14.956005 0.380827
v 10.189369 14.705311 -0.741265
v -10.925574 12.837198 -3.394616
v -7.605322 12.461390 -5.821487
v -10.511631 12.480783 -5.313409
v -7.914656 10.401075 -5.942502
v -8.718964 9.397161 -4.766805
v -9.153719 13.361521 -3.826693
v -6.072521 13.218988 -4.126993
v -10.841195 12.334570 -2.194443
v -8.142162 12.206713 -1.756824
v -6.517029 11.055353 -2.941069
v -10.044951 11.152159 -6.106892
v -11.618902 11.439245 -4.378145
v -10.152056 10.209371 -2.192895
v 7.432773 17.916842 -7.030550
v 2.682192 21.981209 -8.158916
v 10.548765 19.968075 -6.219615
v 9.557532 22.177792 -8.931571
v 8.190969 20.479336 -0.549543
v 4.290747 23.580044 -9.032090
v 10.167183 23.517384 -7.836292
v 3.556463 24.542915 -5.062001
v 6.256302 24.024715 -2.138659
v 5.387636 18.703398 -1.374123
v 1.531940 22.594784 -3.641442
v 5.222368 20.993523 0.201399
v 11.224920 22.036385 -6.432294
v 7.050373 25.023937 -8.252537
v 8.957500 23.852451 -8.713863
v 1.963119 20.263580 -2.413909
v 3.640535 23.841908 -2.532349
v 5.220656 22.491726 -0.304518
v 10.940238 21.846470 -3.735856
v 8.337962 20.986687 -9.340052
v 7.704191 18.995968 -8.416533
v 3.764874 18.569225 -7.825374
v 2.542487 20.318336 -7.516508
v 2.900908 18.604200 -6.024372
v 3.171627 21.367321 -0.705786
v 4.612227 20.036724 -0.130205
v 7.124978 22.166870 -0.343707
v 4.613846 17.520817 -6.357970
v -3.860803 17.667351 3.183901
v -4.434060 19.260727 -1.162369
v -3.021892 19.040447 2.064877
v -6.639277 20.720608 0.534219
v -8.400574 20.710846 2.180954
v -3.551509 17.609249 0.553081
v -6.428214 17.903408 -1.465234
v -4.280183 19.074112 4.308879
v -5.386595 17.339975 4.082798
v -7.652541 17.013002 0.980101
v -6.416623 20.027599 -0.978287
v -9.416864 18.488195 0.076503
v -4.416968 20.380840 2.042649
v -9.038830 18.369024 3.931915
v -7.289540 19.375347 4.955394
v -4.924617 26.431866 -4.618859
v -0.504951 24.475975 -2.681206
v 0.198626 23.843548 -6.023112
v -7.162716 23.770992 -5.276713
v -3.588838 24.389217 -1.627599
v -5.016388 20.852921 -4.370850
v -4.803205 21.787090 -2.313390
v -6.289679 25.495064 -6.859217
v -5.496608 22.206238 -7.763378
v -4.522120 23.619019 -8.195910
v -4.199876 20.858860 -6.988330
v -1.814248 23.746014 -1.501805
v -1.944394 20.576199 -4.075687
v -2.916044 26.141811 -6.691539
v -1.762839 21.406113 -8.087459
v -1.409699 23.173885 -8.413579
v 0.593971 23.067719 -4.280386
v 3.970788 18.438038 -1.153369
v 1.483319 15.035440 -6.057762
v 4.928008 16.378502 -3.827290
v 2.248436 17.366638 -8.800131
v 1.952424 20.134525 -8.677313
v 1.895698 16.245893 -2.010563
v -1.725031 19.018524 -2.873055
v -1.510326 16.980125 -4.422587
v 1.730503 20.580429 -0.772219
v 3.968621 20.546818 -1.593474
v -0.420229 21.376961 -2.150742
v 0.666233 16.467518 -8.056390
v -2.270580 20.216206 -5.759502
v 4.899778 16.854425 -6.789531
v 5.748505 19.449013 -3.720215
v 1.826483 23.120880 -4.051666
vn 0.5783 0.3170 0.7517
vn -0.9986 0.0054 0.0524
vn -0.3018 -0.1052 0.9476
vn -0.1385 -0.2529 0.9575
vn -0.9745 -0.1915 0.1170
vn 0.6198 0.0668 0.7819
vn -0.5854 -0.4240 0.6910
vn -0.9784 0.1592 -0.1322
vn 0.1577 0.2751 -0.9484
vn -0.9359 -0.0709 0.3449
vn 0.4806 0.3599 -0.7997
vn 0.4191 -0.4075 0.8114
vn 0.5249 0.7056 -0.4759
vn 0.4510 0.3217 -0.8325
vn 0.2072 -0.4176 0.8847
vn 0.8087 0.5854 0.0585
vn -0.3438 -0.5997 0.7226
vn 0.7819 0.4918 -0.3831
vn 0.8515 0.2059 -0.4822
vn 0.3666 0.2964 -0.8819
vn -0.8706 -0.1481 0.4692
vn -0.1208 0.9671 -0.2240
vn 0.0015 0.0869 0.9962
vn -0.1777 -0.2419 0.9539
vn 0.8255 0.1996 0.5279
vn -0.7171 0.1184 -0.6868
vn -0.1712 0.1859 -0.9675
vn -0.9238 -0.3613 0.1264
vn -0.5167 -0.4192 0.7465
vn -0.6717 0.5331 0.5144
vn -0.7502 0.6576 -0.0682
vn 0.7005 -0.2898 0.6521
vn 0.6556 -0.7511 0.0770
vn -0.6688 0.6483 0.3638
vn 0.8598 0.0814 -0.5040
vn -0.4309 -0.6958 -0.5746
vn -0.4809 0.4178 -0.7708
vn 0.3064 0.8288 -0.4683
vn -0.3118 -0.9486 0.0549
vn -0.1649 -0.7774 -0.6070
vn -0.5780 0.5729 0.5811
vn 0.4876 -0.6284 -0.6061
vn -0.9136 -0.1379 0.3825
vn 0.6882 0.0161 -0.7253
vn 0.6335 -0.0255 0.7733
vn -0.5701 -0.5894 -0.5724
vn -0.1930 -0.7039 0.6836
vn 0.9410 -0.1707 0.2922
vn 0.0828 0.3945 -0.9151
vn -0.3008 0.9527 0.0438
vn -0.2345 -0.0704 0.9696
vn 0.7307 0.0643 -0.6797
vn -0.4110 0.2239 0.8837
vn -0.8752 -0.2306 -0.4253
vn 0.7632 0.6384 -0.0994
vn -0.8308 -0.0199 -0.5562
vn -0.6367 0.0909 0.7657
vn -0.3777 0.8888 0.2594
vn 0.2018 0.9780 0.0528
vn -0.0555 0.4340 0.8992
vn -0.0569 0.4402 0.8961
vn -0.0551 0.4318 0.9003
vn -0.3820 0.8498 0.3633
vn 0.5185 -0.3492 -0.7806
vn 0.3998 -0.0279 -0.9162
vn 0.7896 -0.6129 -0.0290
vn 0.4874 -0.2160 -0.8461
vn -0.1525 -0.3477 0.9251
vn -0.7522 0.4867 0.4443
vn -0.0034 0.7841 0.6206
vn -0.9104 0.3786 0.1672
vn 0.0438 -0.8681 0.4945
vn 0.7060 -0.6694 -0.2313
vn -0.3637 0.8879 -0.2818
vn 0.3270 0.9438 0.0474
vn 0.8053 0.2631 0.5314
vn 0.8396 0.4906 0.2331
vn 0.3518 0.9288 -0.1161
vn 0.3518 0.9288 -0.1166
vn 0.3519 0.9290 -0.1147
vn 0.2781 -0.7271 -0.6277
vn 0.0627 -0.8682 -0.4923
vn -0.8805 -0.1212 -0.4582
vn -0.8804 -0.1212 -0.4585
vn -0.8809 -0.1211 -0.4575
vn -0.8170 0.5227 -0.2436
vn 0.3519 0.9292 -0.1127
vn 0.4713 0.8650 -0.1721
vn 0.1547 0.9811 0.1160
vn -0.2588 -0.2798 0.9245
vn 0.7608 -0.4786 0.4383
vn 0.8345 -0.5348 -0.1331
vn 0.9547 -0.0403 -0.2947
vn 0.7652 0.0639 -0.6406
vn -0.2851 0.1994 -0.9375
vn 0.6253 -0.7802 -0.0146
vn 0.1448 -0.9871 0.0688
vn 0.5070 -0.7543 0.4170
vn -0.4978 0.7570 0.4232
vn -0.7135 0.3395 0.6129
vn -0.4510 -0.7510 -0.4824
vn -0.5438 -0.6957 -0.4694
vn -0.9040 -0.3958 0.1618
vn -0.9331 -0.3544 -0.0612
vn -0.7617 0.6316 0.1446
vn -0.4447 -0.7177 0.5359
vn 0.0362 -0.9729 0.2282
vn -0.5081 0.7597 0.4058
vn -0.3992 0.8262 0.3975
vn -0.7781 0.5868 -0.2240
vn -0.8655 0.3248 -0.3813
vn -0.2875 0.4890 0.8236
vn -0.4407 0.6857 -0.5793
vn -0.9421 0.2830 -0.1797
vn 0.2775 -0.9311 -0.2366
vn -0.3702 -0.1225 -0.9209
vn -0.5305 0.7787 -0.3350
vn -0.2607 0.1556 0.9528
vn -0.8725 -0.4744 -0.1169
vn -0.7851 -0.1437 0.6025
vn -0.4448 -0.1959 0.8739
vn 0.6753 0.7375 0.0103
vn 0.1456 0.5532 -0.8202
vn 0.1454 0.5520 -0.8211
vn 0.1449 0.5490 -0.8232
vn -0.5762 -0.3250 0.7499
vn -0.9071 -0.1771 0.3819
vn -0.3720 0.1667 -0.9131
vn -0.6445 -0.7186 0.2614
vn -0.5374 -0.6344 -0.5557
vn 0.3178 0.6617 -0.6791
vn -0.9641 -0.1463 0.2215
vn -0.9072 0.3978 -0.1368
vn 0.3191 -0.2689 -0.9088
vn -0.2858 -0.6790 -0.6762
vn 0.1038 -0.4730 -0.8749
vn -0.8268 -0.5327 -0.1809
vn -0.8631 -0.4778 -0.1638
vn -0.8051 -0.4481 0.3886
vn 0.2441 0.0456 0.9687
vn 0.2038 -0.2699 0.9411
vn 0.0309 0.1549 0.9874
vn 0.5939 0.2118 0.7761
vn 0.1742 0.6001 0.7807
vn 0.2350 -0.1795 0.9553
vn 0.2813 -0.8951 -0.3461
vn 0.3717 -0.9228 0.1016
vn 0.9613 0.1299 -0.2429
vn 0.9950 0.0836 0.0538
vn 0.8479 0.1767 0.4999
vn 0.7585 0.3424 -0.5546
vn 0.7061 0.0695 -0.7047
vn 0.7570 0.2836 -0.5887
vn 0.7984 0.3174 0.5116
vn -0.0574 -0.9980 -0.0270
vn -0.0651 -0.9231 0.3791
vn 0.2411 -0.5342 0.8103
vn 0.4567 -0.0132 -0.8895
vn 0.3432 -0.2399 -0.9081
vn 0.6562 -0.2160 0.7230
vn 0.7678 -0.1820 -0.6143
vn 0.8092 0.4417 -0.3874
vn 0.8177 0.2621 -0.5124
vn 0.8347 -0.4715 0.2846
vn -0.2963 -0.6135 0.7320
vn 0.0178 -0.0682 0.9975
vn 0.8936 0.4294 0.1304
vn 0.6748 -0.1905 0.7130
vn 0.2951 -0.1491 0.9437
vn 0.2993 0.5436 0.7841
vn 0.4710 0.2382 0.8493
vn 0.5240 0.0668 0.8491
vn -0.0411 -0.0524 0.9978
vn -0.0921 -0.9089 0.4068
vn 0.7824 -0.4193 0.4605
vn 0.7857 0.3955 -0.4757
vn 0.1076 -0.9931 0.0477
vn -0.7239 0.4222 0.5456
vn -0.4852 0.6592 0.5744
vn 0.0190 0.1529 0.9881
vn 0.2018 -0.3045 0.9309
vn 0.2020 -0.3046 0.9308
vn 0.2387 -0.0493 0.9698
vn 0.0252 -0.9826 -0.1841
vn 0.0781 -0.9388 -0.3354
vn 0.7732 0.1557 0.6148
vn -0.9915 0.1301 -0.0081
vn -0.1249 0.9908 0.0525
vn -0.8441 0.1773 -0.5061
vn -0.7093 -0.6624 0.2412
vn -0.1516 -0.9714 0.1829
vn -0.2400 -0.9462 -0.2170
vn -0.3738 -0.8477 0.3765
vn 0.1733 -0.9836 -0.0510
vn -0.1031 0.5527 -0.8270
vn 0.0575 0.3166 -0.9468
vn -0.1490 0.2903 -0.9453
vn 0.5638 0.3944 -0.7257
vn -0.1457 -0.9819 0.1208
vn -0.0160 -0.4628 -0.8863
vn -0.4023 0.8006 -0.4441
vn -0.3170 -0.9411 0.1180
vn -0.1583 -0.9228 -0.3511
vn -0.4364 0.7914 -0.4280
vn -0.6425 0.6517 0.4032
vn -0.3066 -0.7341 0.6059
vn -0.7806 -0.2395 0.5774
vn -0.4154 -0.3251 0.8496
vn -0.4543 0.5260 -0.7189
vn -0.0637 -0.9805 -0.1861
vn -0.7780 0.4540 0.4342
vn -0.5661 -0.6042 -0.5607
vn -0.5922 0.6306 0.5017
vn 0.1146 0.1344 0.9843
vn 0.2170 0.1790 -0.9596
vn 0.3105 0.0896 -0.9463
vn 0.0217 0.9924 -0.1214
vn -0.0657 0.9725 0.2233
vn -0.2574 0.9447 0.2033
vn -0.6556 0.7515 0.0740
vn 0.9050 0.2090 -0.3705
vn 0.8620 0.4814 -0.1588
vn -0.8679 -0.4700 0.1610
vn 0.3490 0.9314 0.1030
vn 0.7045 0.5435 0.4564
vn 0.3812 0.7655 0.5184
vn -0.5344 -0.2221 -0.8155
vn -0.9018 -0.4073 -0.1445
vn 0.7711 0.6341 -0.0580
vn -0.8862 -0.1796 -0.4272
vn 0.4147 -0.2677 -0.8697
vn -0.5854 0.6526 0.4810
vn -0.8001 0.5840 -0.1373
vn 0.7051 -0.6970 -0.1305
vn 0.5827 0.4281 0.6908
vn -0.4977 -0.8380 -0.2236
vn 0.9826 0.0349 -0.1824
vn -0.3254 -0.9024 0.2824
vn 0.0475 0.2837 -0.9577
vn -0.5805 0.4444 -0.6823
vn 0.9953 -0.0616 -0.0749
vn 0.8631 0.4878 -0.1310
vn 0.5841 0.7226 0.3697
vn 0.6716 0.4390 -0.5968
vn 0.5581 -0.1667 -0.8128
vn 0.5388 0.0555 -0.8406
vn -0.5805 -0.8104 0.0790
vn -0.0323 -0.8377 -0.5452
vn -0.4979 -0.3328 0.8008
vn -0.7552 -0.1939 0.6261
vn -0.2040 -0.8992 -0.3871
vn 0.6823 -0.6442 0.3455
vn -0.9966 0.0276 0.0779
vn -0.2031 0.9454 -0.2548
vn 0.2688 0.3609 0.8930
vn 0.0717 -0.1264 0.9894
vn 0.6136 0.7797 -0.1243
vn 0.5788 0.7869 -0.2138
vn -0.2203 -0.6347 0.7407
vn -0.2238 -0.6329 0.7412
vn -0.2228 -0.6334 0.7410
vn -0.0894 0.9911 0.0989
vn 0.0371 -0.6686 0.7427
vn 0.2757 0.5754 -0.7700
vn -0.1679 -0.8806 0.4432
vn 0.5628 0.8261 0.0277
vn -0.5230 -0.6838 0.5088
vn -0.8345 -0.4949 0.2422
vn 0.0957 0.9313 -0.3514
vn -0.7183 -0.0003 0.6958
vn 0.8438 -0.4826 -0.2345
vn -0.5045 -0.8482 0.1612
vn -0.5066 -0.8489 0.1504
vn -0.5063 -0.8489 0.1516
vn 0.0799 0.9749 0.2079
vn 0.0877 0.3343 -0.9384
vn -0.2086 -0.9760 -0.0627
vn -0.6391 0.0467 0.7677
vn -0.1613 0.9474 0.2763
vn -0.5607 0.2091 0.8012
vn -0.6554 0.0911 0.7498
vn -0.3884 0.8361 0.3874
vn 0.0690 -0.7551 0.6519
vn -0.5042 -0.8481 0.1630
vn -0.3317 0.5543 0.7634
vn 0.6970 -0.3774 -0.6097
vn 0.0460 0.9846 0.1686
vn 0.0449 0.9847 0.1683
vn 0.0438 0.9848 0.1679
vn 0.6505 -0.7594 0.0150
vn 0.8086 0.3822 0.4472
vn -0.7385 -0.1623 -0.6544
vn -0.3322 -0.8148 0.4751
vn -0.2337 0.9423 -0.2397
vn 0.0032 -0.9103 0.4138
vn 0.2299 0.1014 0.9679
vn -0.3487 -0.1406 -0.9266
vn 0.6424 0.7651 -0.0441
vn -0.6396 -0.7628 0.0954
vn 0.2727 0.8448 0.4603
vn -0.4363 0.6119 -0.6597
vn -0.4855 -0.8580 0.1676
vn 0.0507 0.7470 0.6629
vn 0.8538 0.4330 -0.2889
vn 0.4694 -0.8646 -0.1792
vn 0.2631 0.9513 0.1606
vn 0.1992 -0.9677 0.1544
vn -0.8381 0.5301 0.1288
vn -0.5153 -0.8568 0.0174
vn 0.7776 0.2295 -0.5854
vn 0.7795 0.2219 -0.5857
vn 0.7793 0.2230 -0.5857
vn 0.4027 0.0704 -0.9126
vn 0.5710 0.7866 -0.2350
vn -0.8868 -0.1758 -0.4274
vn 0.3924 -0.2606 -0.8821
vn 0.8305 0.1532 0.5356
vn -0.6801 0.2850 -0.6755
vn -0.3455 -0.4013 -0.8483
vn 0.0034 0.9964 0.0846
vn -0.6977 0.5443 -0.4658
vn -0.8050 0.0518 0.5910
vn -0.5345 0.5964 0.5989
vn 0.0050 -0.8306 0.5569
vn 0.3088 -0.9049 0.2928
vn -0.4453 -0.7409 -0.5027
vn 0.8385 -0.5322 -0.1174
vn 0.7859 -0.6107 -0.0970
vn 0.9079 0.3438 0.2398
vn -0.4629 -0.8130 0.3532
vn -0.8308 0.4794 0.2826
vn 0.8157 0.5779 -0.0247
vn -0.4826 0.5822 0.6543
vn -0.6763 0.6173 -0.4019
vn 0.4091 -0.9125 -0.0037
vn 0.4084 -0.0412 0.9119
vn 0.2999 0.9361 0.1839
vn 0.2713 -0.8522 0.4474
vn 0.5263 -0.0416 0.8493
vn 0.8967 0.4263 -0.1189
vn -0.5680 -0.1589 0.8075
vn -0.1284 0.7492 -0.6498
vn -0.1443 0.7350 -0.6625
vn -0.8599 0.2398 0.4507
vn -0.8450 -0.1119 0.5229
vn 0.3552 0.1634 0.9204
vn -0.7389 -0.6738 -0.0094
vn -0.8312 0.2227 -0.5094
vn 0.1815 -0.8686 0.4611
vn -0.2426 0.8924 -0.3805
vn -0.2428 0.8923 -0.3805
vn -0.2422 0.8925 -0.3804
vn -0.8506 -0.0053 -0.5257
vn -0.3229 -0.9245 -0.2026
vn 0.0045 -0.9370 0.3494
vn 0.7033 -0.7060 0.0836
vn 0.7456 -0.6492 -0.1508
vn 0.0232 0.7396 -0.6726
vn 0.0231 0.7398 -0.6724
vn 0.0231 0.7397 -0.6725
vn -0.5279 0.3117 0.7901
vn -0.0524 0.9846 0.1666
vn 0.1643 0.3842 0.9085
vn 0.1624 0.3815 0.9100
vn 0.1625 0.3818 0.9098
vn -0.2559 -0.7419 0.6198
vn 0.0924 0.9733 -0.2102
vn 0.0232 0.7396 -0.6727
vn -0.7949 -0.5480 0.2605
vn -0.8760 0.1922 0.4423
vn 0.6384 0.4845 -0.5980
vn -0.4945 -0.8378 0.2315
vn -0.0351 -0.8261 0.5624
vn 0.8442 0.4436 0.3009
vn 0.4590 0.2249 -0.8595
vn 0.4832 -0.8031 0.3486
vn -0.7649 0.3154 0.5617
vn 0.1257 0.4619 -0.8780
vn -0.4972 0.2220 -0.8388
vn -0.8445 -0.2708 0.4621
vn -0.8607 0.4984 -0.1039
vn 0.0796 -0.8088 0.5826
vn -0.5852 0.7504 -0.3073
vn 0.5046 -0.6764 0.5366
vn 0.5020 -0.6760 0.5394
vn 0.5024 -0.6761 0.5389
vn 0.3095 0.5782 0.7550
vn 0.2693 -0.7564 0.5960
vn 0.3658 0.8345 0.4121
vn -0.7325 -0.1170 -0.6707
vn 0.1375 0.3665 -0.9202
vn -0.9238 0.3420 -0.1722
vn -0.6839 0.7116 -0.1610
vn 0.1486 -0.4232 0.8937
vn -0.7579 -0.5828 -0.2930
vn 0.3739 0.2630 -0.8894
vn -0.9876 0.0443 -0.1506
vn -0.1870 0.9153 0.3568
vn 0.2627 0.4667 0.8445
vn -0.2181 0.6164 -0.7566
vn 0.0209 -0.7746 0.6321
vn 0.1317 -0.7379 -0.6619
vn 0.1297 -0.2904 0.9481
vn -0.1003 0.7989 0.5931
vn -0.0640 0.7157 -0.6955
vn -0.4800 0.5342 -0.6959
vn 0.1735 0.9740 0.1460
vn -0.6345 -0.0415 -0.7718
vn 0.7229 0.6857 0.0850
vn 0.7008 0.6029 -0.3813
vn -0.9367 0.2625 0.2318
vn 0.9559 0.2004 0.2149
vn -0.2443 0.3392 0.9084
vn -0.4907 0.0939 0.8662
vn -0.9683 -0.1309 -0.2127
vn -0.1947 0.8699 0.4531
vn 0.7015 -0.1800 0.6896
vn 0.6022 -0.7701 -0.2104
vn 0.1775 -0.6733 -0.7178
vn -0.5666 -0.6703 -0.4792
vn 0.1683 0.7370 0.6546
vn 0.6567 0.3148 0.6853
vn 0.4908 0.5265 -0.6942
vn -0.9287 0.2253 0.2944
vn 0.2840 0.3975 -0.8726
vn 0.9819 0.0838 0.1698
vn -0.7091 0.2248 -0.6683
vn -0.9134 0.3794 0.1479
vn -0.0301 -0.1993 -0.9795
vn 0.9302 0.0471 -0.3639
vn 0.5822 0.1486 0.7994
vn 0.0896 0.2128 -0.9730
vn 0.0009 -0.7480 -0.6637
vn -0.1186 0.7429 0.6588
vn -0.9330 0.3487 -0.0890
vn -0.5878 0.5650 0.5789
vn 0.7775 -0.3532 -0.5204
vn -0.3198 0.0662 0.9452
vn 0.6505 -0.6219 0.4360
vn 0.5037 -0.8494 0.1574
vn -0.6670 -0.2329 0.7078
vn 0.1991 -0.1693 0.9652
vn 0.6438 0.7526 0.1383
vn 0.8759 0.4317 0.2155
vn 0.9532 -0.2955 -0.0645
vn -0.6542 0.7304 -0.1963
vn 0.7665 -0.1678 -0.6200
vn -0.9298 0.3017 -0.2109
vn 0.8569 -0.1412 0.4958
vn 0.9097 -0.3329 0.2483
vn 0.3668 -0.8302 0.4198
vn 0.4280 0.7237 -0.5414
vn 0.0499 -0.3992 -0.9155
vn 0.9785 0.2038 0.0318
vn 0.4367 0.0446 0.8985
vn 0.7188 -0.6727 0.1755
vn -0.8524 0.5192 0.0618
vn -0.4899 0.8637 -0.1181
vn 0.0898 0.8157 0.5715
vn -0.9060 -0.0985 -0.4116
vn -0.0806 -0.1528 0.9850
vn 0.1571 -0.5278 0.8347
vn -0.5292 0.8359 -0.1459
vn 0.5227 -0.2159 -0.8247
vn 0.2168 -0.2982 -0.9295
vn -0.1533 -0.1510 0.9766
vn 0.7056 -0.4631 0.5363
vn 0.5884 -0.4702 -0.6577
vn -0.4200 0.6683 0.6140
vn 0.4969 -0.1913 -0.8465
vn 0.3561 -0.8176 -0.4524
vn 0.1623 -0.9087 0.3846
vn 0.4701 -0.8808 0.0556
vn 0.7603 0.3593 -0.5412
vn 0.8366 -0.4177 0.3545
vn -0.9388 0.2845 0.1940
vn -0.8183 -0.0726 0.5702
vn -0.7174 0.6902 -0.0952
vn -0.1831 -0.7204 0.6689
vn 0.8148 -0.0389 -0.5785
vn 0.0948 0.0079 0.9955
vn 0.5854 0.6622 -0.4677
vn 0.8900 0.0722 0.4502
vn -0.6506 0.5075 0.5649
vn 0.6420 -0.3955 0.6567
vn 0.0694 -0.0682 -0.9953
vn 0.1323 0.8589 0.4948
vn -0.3896 0.3117 0.8667
vn 0.2927 -0.9385 -0.1833
vn 0.1487 0.3398 0.9287
vn 0.6377 -0.5003 0.5857
vn -0.4277 -0.0272 -0.9035
vn 0.1693 -0.9667 -0.1918
vn 0.3891 -0.8884 0.2434
vn 0.6678 -0.7181 -0.1959
vn 0.9898 0.0960 -0.1051
vn 0.5017 -0.7479 -0.4346
vn 0.7107 -0.1135 0.6943
vn -0.4511 -0.8680 -0.2078
vn -0.8006 0.0497 0.5972
vn -0.4740 -0.8627 -0.1762
vn -0.2909 -0.7941 0.5336
vn -0.9331 0.2242 0.2813
vn -0.9354 0.3471 -0.0675
vn -0.1903 0.1748 -0.9660
vn 0.3252 0.0403 -0.9448
vn 0.4704 -0.4947 -0.7308
vn -0.9969 0.0757 0.0229
vn 0.3131 0.1947 -0.9295
vn -0.3163 0.5864 -0.7457
vn 0.1290 0.4287 -0.8942
vn 0.1254 0.4288 -0.8947
vn 0.1261 0.4288 -0.8946
vn -0.0468 -0.9275 0.3709
vn 0.0236 -0.9780 -0.2071
vn 0.2050 0.1877 -0.9606
vn -0.2771 -0.5917 -0.7570
vn -0.0486 -0.9767 0.2090
vn 0.0643 -0.9005 -0.4301
vn -0.9622 0.0006 -0.2724
vn -0.8300 0.1765 -0.5290
vn -0.4112 -0.0003 0.9115
vn 0.0278 0.6811 0.7316
vn -0.6525 -0.3738 0.6592
vn 0.7664 -0.5812 -0.2738
vn -0.0324 -0.9971 0.0683
vn 0.4117 0.6927 0.5922
vn 0.8084 0.0923 -0.5814
vn -0.5922 0.7430 -0.3119
vn -0.3998 -0.4529 0.7969
vn 0.9425 0.3178 -0.1038
vn 0.3699 0.9062 0.2048
vn 0.6083 -0.7020 -0.3704
vn 0.9427 -0.3011 0.1436
vn -0.4046 -0.2020 -0.8919
vn -0.4575 0.7625 0.4574
vn -0.3105 -0.6432 -0.6999
vn 0.8989 -0.3735 0.2289
vn -0.9903 0.1061 0.0898
vn -0.9534 -0.1160 -0.2785
vn 0.9415 -0.2298 0.2466
vn -0.2248 -0.6699 -0.7076
vn -0.1820 0.0067 -0.9833
vn 0.0689 -0.0779 -0.9946
vn -0.5726 0.8040 0.1604
vn 0.6156 0.6719 -0.4118
vn -0.0721 0.9234 -0.3771
vn 0.2434 0.1710 -0.9547
vn -0.4357 0.1673 0.8844
vn 0.4047 -0.0113 -0.9144
vn 0.4190 0.4447 0.7916
vn -0.0972 -0.7990 0.5934
vn 0.3620 -0.8348 -0.4148
vn -0.2123 -0.4643 0.8599
vn -0.1769 -0.8429 -0.5081
vn 0.3107 0.4823 -0.8190
vn 0.7548 0.5389 0.3739
vn -0.3896 0.1325 0.9114
vn 0.7780 0.1505 0.6100
vn -0.6962 -0.2367 0.6777
vn -0.9857 0.0231 0.1672
vn 0.7433 0.2380 0.6252
vn -0.5029 0.0928 -0.8593
vn 0.1232 0.2862 -0.9502
vn 0.7943 0.5257 0.3045
vn -0.1283 -0.3305 0.9351
vn -0.8387 -0.0440 0.5429
vn 0.9530 0.2402 0.1849
vn 0.8092 0.5874 -0.0100
vn 0.0180 0.1690 -0.9854
vn 0.1536 0.0884 -0.9842
vn 0.8049 0.1030 -0.5845
vn -0.3211 -0.1472 -0.9355
vn -0.8503 -0.5251 -0.0367
vn -0.6891 0.2281 -0.6879
vn 0.8835 0.2469 -0.3981
vn -0.4090 0.6501 -0.6404
vn -0.8183 -0.5676 0.0910
vn 0.3895 -0.5148 0.7637
vn -0.7238 0.3754 -0.5789
vn 0.6072 0.6581 -0.4451
vn 0.7987 -0.3333 0.5010
vn -0.9746 -0.0265 -0.2222
vn -0.1036 0.5007 -0.8594
vn -0.0327 -0.0024 0.9995
vn -0.3074 0.3783 0.8732
vn 0.9750 0.0501 -0.2163
vn 0.0865 0.0722 0.9936
vn 0.9811 0.1421 0.1316
vn 0.8634 0.4981 0.0802
vn 0.0791 0.1203 -0.9896
vn 0.0921 0.7860 -0.6114
vn -0.3144 -0.7035 0.6373
vn -0.2486 0.5814 -0.7747
vn 0.3789 0.0390 -0.9246
vn -0.0534 -0.1281 0.9903
vn -0.1660 -0.1689 0.9716
vn 0.0974 -0.4188 0.9029
vn 0.5229 -0.2479 0.8156
vn 0.7421 -0.3249 -0.5862
vn 0.9441 -0.3169 0.0905
vn 0.8569 -0.3652 0.3639
vn -0.2860 -0.6826 0.6725
vn 0.0374 0.5546 0.8312
vn -0.3255 -0.1230 -0.9375
vn 0.5312 -0.1995 -0.8234
vn 0.1694 0.4903 0.8549
vn 0.1908 0.4537 0.8705
vn -0.1738 -0.7911 -0.5865
vn -0.9079 -0.4187 0.0196
vn 0.1486 0.4447 0.8833
vn 0.2211 0.8987 0.3788
vn -0.1336 0.7975 0.5884
vn 0.1372 -0.7988 -0.5858
vn 0.7007 -0.3896 -0.5977
vn 0.9656 0.2421 0.0947
vn 0.9424 0.3084 -0.1292
vn -0.9865 0.1265 0.1042
vn -0.8511 -0.5184 0.0835
vn 0.4519 0.8920 0.0077
vn -0.7593 0.3030 0.5760
vn -0.5983 0.4579 -0.6575
vn 0.5649 0.1469 -0.8120
vn 0.7466 -0.3211 0.5826
vn -0.6898 -0.7238 0.0180
vn -0.0409 0.7132 -0.6997
vn 0.3473 0.2769 0.8959
vn -0.7508 0.2812 0.5977
vn -0.4293 0.4799 0.7651
vn -0.1713 0.6767 -0.7161
vn -0.9847 0.1729 0.0228
vn 0.4549 0.1788 0.8724
vn 0.9294 0.0913 -0.3576
vn -0.0436 -0.3465 -0.9370
vn -0.0772 -0.2723 -0.9591
vn -0.4956 0.2898 0.8188
vn -0.2224 0.4220 0.8789
vn -0.9262 -0.0014 -0.3771
vn -0.6301 0.1388 0.7640
vn -0.0571 0.4413 0.8955
vn 0.0732 0.9289 -0.3631
vn 0.2763 0.5447 -0.7918
vn 0.5716 0.2251 -0.7890
vn 0.1849 -0.4453 -0.8761
vn 0.2803 -0.0085 -0.9599
vn 0.2256 0.4007 -0.8880
vn -0.1836 0.6731 -0.7164
vn -0.7017 0.6819 0.2066
vn -0.5798 0.7965 0.1715
vn 0.7433 -0.6532 0.1445
vn 0.3382 -0.9345 -0.1106
vn -0.4701 0.5768 0.6681
vn -0.3870 0.8257 -0.4104
vn 0.8167 0.3155 0.4832
vn 0.6731 0.6834 0.2828
vn 0.6266 -0.3104 0.7149
vn 0.7194 -0.5023 0.4797
vn 0.4680 -0.7733 -0.4278
vn 0.7746 -0.4412 -0.4531
vn -0.5202 -0.5901 -0.6173
vn -0.8920 -0.4162 -0.1765
vn -0.8455 -0.5302 0.0632
vn 0.9028 0.3457 0.2557
vn 0.9161 -0.2539 -0.3104
vn 0.9133 -0.2556 -0.3170
vn 0.9129 -0.2558 -0.3180
vn 0.0859 0.9580 0.2734
vn 0.4229 0.0815 0.9025
vn 0.7928 -0.6056 -0.0680
vn 0.0424 -0.0844 -0.9955
vn -0.4777 0.0111 -0.8785
vn -0.3728 0.2215 -0.9011
vn -0.2011 0.2813 -0.9383
vn -0.8265 0.2242 -0.5164
vn 0.4029 0.0086 -0.9152
vn -0.2840 -0.9272 -0.2443
vn 0.5472 -0.8340 -0.0715
vn 0.3078 -0.0283 0.9510
vn -0.4742 0.7335 0.4869
vn -0.9395 -0.3253 0.1072
vn -0.9634 0.1581 0.2164
vn -0.8648 0.5021 -0.0067
vn -0.8650 0.5018 -0.0071
vn -0.8633 0.5046 -0.0028
vn -0.9214 0.3208 0.2194
vn -0.7644 0.6443 -0.0227
vn -0.7412 0.4255 0.5192
vn -0.1952 0.0804 0.9775
vn 0.0854 -0.3765 0.9225
vn -0.8094 0.1988 -0.5525
vn -0.9985 0.0546 -0.0064
vn -0.9423 -0.0373 -0.3326
vn -0.7091 -0.1948 -0.6776
vn -0.2685 -0.5679 -0.7781
vn -0.4513 0.8795 0.1513
vn -0.1212 0.5570 0.8216
vn 0.2602 0.9227 -0.2844
vn -0.4222 -0.4204 -0.8031
vn -0.7663 -0.2118 -0.6066
vn -0.6458 -0.1916 -0.7391
vn 0.1446 0.5476 -0.8241
vn 0.1230 0.9632 -0.2388
vn 0.2017 0.5447 -0.8140
vn -0.9847 0.0943 -0.1462
vn -0.8632 -0.3232 -0.3879
vn 0.7773 0.2303 -0.5854
vn -0.9611 -0.2439 -0.1294
vn -0.2951 -0.2374 -0.9255
vn -0.2642 -0.4253 -0.8656
vn -0.6582 0.2531 0.7090
vn -0.7338 -0.0062 0.6794
vn -0.5142 0.0829 0.8537
vn -0.2006 0.3086 0.9298
vn -0.1664 0.1278 0.9777
vn 0.4286 -0.7884 -0.4413
vn 0.2624 -0.9061 -0.3319
vn 0.5244 0.4527 0.7211
vn 0.9683 0.2212 0.1162
vn 0.9775 0.1017 -0.1849
vn 0.3900 0.8643 -0.3175
vn 0.3865 0.8633 -0.3246
vn 0.3866 0.8635 -0.3239
vn 0.6979 0.5245 -0.4876
vn 0.6988 0.2191 0.6809
vn 0.9121 -0.2111 -0.3514
vn 0.4273 0.1047 -0.8980
vn 0.3807 0.6645 -0.6430
vn 0.9109 -0.3328 -0.2439
vn 0.9182 -0.3872 0.0837
vn 0.7533 -0.2484 0.6090
vn 0.9074 0.3904 0.1556
vn 0.9842 0.0960 -0.1486
vn 0.7261 0.3785 -0.5740
vn 0.6491 -0.4063 -0.6431
vn 0.7073 0.6438 0.2919
vn -0.2514 -0.9537 0.1653
vn -0.0610 -0.9921 -0.1095
vn 0.9387 -0.2643 0.2212
vn 0.8427 -0.4817 0.2404
vn 0.7766 -0.6256 0.0751
vn 0.7720 -0.6294 0.0885
vn 0.6603 0.4331 -0.6135
vn 0.3861 0.8634 -0.3246
vn -0.5248 0.8449 0.1033
vn 0.7401 0.5817 -0.3373
vn 0.9315 0.1460 0.3332
vn 0.2015 -0.3043 0.9310
vn -0.3549 0.2272 0.9069
vn -0.3994 0.2286 0.8878
vn 0.4421 -0.6687 0.5979
vn -0.1037 -0.1397 0.9848
vn 0.3053 -0.5215 0.7967
vn -0.0509 -0.9938 0.0987
vn 0.1190 -0.9911 0.0596
vn 0.3675 -0.9251 0.0957
vn 0.1400 -0.9734 -0.1813
vn 0.2573 -0.8906 0.3749
vn -0.2198 0.5192 0.8259
vn -0.9607 0.0599 0.2710
vn -0.7460 -0.0167 0.6658
vn -0.2289 -0.9596 0.1634
vn 0.4628 -0.4118 -0.7850
vn -0.9529 0.2446 -0.1793
vn -0.8433 0.4598 -0.2783
vn -0.3373 0.5933 -0.7310
vn 0.3005 -0.0435 -0.9528
vn 0.0554 -0.6532 -0.7551
vn -0.1029 -0.9819 -0.1590
vn -0.5786 -0.1383 -0.8038
vn 0.1028 0.2462 -0.9638
vn 0.1297 0.4287 -0.8941
vn -0.6169 0.5173 -0.5931
vn 0.2957 0.1699 -0.9401
vn -0.8998 0.3669 0.2361
vn -0.7281 0.6854 0.0091
vn -0.5485 0.6985 -0.4596
vn -0.6085 -0.0902 -0.7884
vn -0.4264 -0.4037 0.8094
vn -0.7866 -0.2793 0.5507
vn -0.8313 0.2959 0.4705
vn -0.9522 0.2843 0.1114
vn -0.1342 -0.9868 -0.0908
vn -0.1195 -0.9848 0.1260
vn -0.2344 0.6544 0.7189
vn 0.6038 0.4218 0.6764
vn 0.6036 0.4213 0.6769
vn 0.6023 0.4144 0.6823
vn 0.4458 0.4937 0.7467
vn -0.0790 0.8169 0.5714
vn 0.1012 0.6041 0.7904
vn -0.4633 0.4354 0.7719
vn 0.0114 -0.7851 0.6193
vn 0.7732 -0.5827 -0.2501
vn 0.0476 0.5221 -0.8515
vn 0.5960 0.3166 -0.7379
vn 0.0376 0.2282 -0.9729
vn 0.7515 -0.2069 0.6264
vn 0.2318 0.0360 0.9721
vn 0.6452 -0.4750 -0.5984
vn -0.3563 0.4380 -0.8253
vn -0.1144 0.9644 -0.2384
vn -0.9115 0.0404 0.4093
vn 0.7292 0.0409 0.6831
vn -0.2906 -0.9064 -0.3066
vn -0.7099 0.4684 0.5260
vn 0.2836 0.4466 0.8486
vn 0.6752 0.5511 0.4903
vn 0.4010 0.3883 0.8297
vn 0.5808 0.7858 -0.2126
vn -0.1246 0.5027 0.8555
vn -0.8212 0.2652 -0.5053
vn 0.9026 -0.4077 0.1382
vn 0.0766 -0.4902 -0.8682
vn 0.5743 -0.5815 0.5763
vn -0.4736 0.6247 -0.6209
vn -0.2543 0.8748 0.4122
vn 0.1761 0.3734 0.9108
vn -0.5032 0.5850 -0.6360
vn 0.4477 0.8859 -0.1218
vn -0.6998 0.3282 0.6345
vn 0.3358 0.0186 0.9417
vn -0.5688 0.0243 0.8221
vn -0.4154 -0.6421 -0.6443
vn -0.2333 0.1986 0.9519
vn 0.3088 0.7888 0.5314
vn 0.7111 -0.3181 -0.6270
vn -0.0178 0.8475 -0.5305
vn -0.8575 -0.5130 -0.0388
vn -0.7709 -0.6093 -0.1858
vn -0.0122 -0.5796 -0.8148
vn -0.4510 0.2693 0.8510
vn 0.3742 0.7655 0.5235
vn -0.3440 -0.7529 -0.5611
vn -0.6579 -0.7140 -0.2395
vn -0.8014 -0.5673 0.1896
vn 0.5731 -0.7306 0.3711
vn 0.6021 0.4184 0.6800
vn -0.0802 -0.9955 0.0505
vn -0.6123 -0.4090 -0.6766
vn -0.5405 -0.7214 0.4330
vn -0.4368 -0.0262 -0.8992
vn -0.9871 -0.0589 -0.1490
vn 0.7016 -0.1593 0.6945
vn -0.2192 -0.6353 0.7405
vn -0.4130 0.9043 0.1085
vn 0.2403 0.9030 -0.3561
vn 0.6131 0.7898 0.0205
vn 0.6277 0.7766 0.0535
vn -0.7265 -0.6228 0.2904
vn -0.8935 0.2654 0.3621
vn 0.9306 0.2159 -0.2957
vn -0.6303 0.7652 0.1311
vn -0.1114 -0.9818 0.1536
vn -0.1745 0.7584 -0.6280
vn 0.0369 0.9855 0.1659
vn 0.3625 0.9320 -0.0082
vn -0.2262 0.9589 -0.1712
vn 0.4406 0.3856 -0.8107
vn -0.7734 0.5499 -0.3154
vn 0.6241 -0.3614 0.6927
vn -0.4808 -0.0280 0.8764
vn 0.9026 -0.3514 -0.2488
vn 0.8613 -0.2483 -0.4432
vn -0.9380 0.1477 0.3137
vn 0.3764 -0.1330 0.9169
vn -0.0685 0.4271 -0.9016
vn 0.8618 -0.2649 -0.4326
vn -0.5721 0.3577 0.7381
vn 0.2873 0.9567 -0.0461
vn 0.3980 -0.8988 -0.1838
vn -0.7716 0.6054 -0.1955
vn -0.3701 -0.7954 0.4800
vn 0.3828 0.8812 -0.2774
vn 0.9048 0.2188 0.3654
vn -0.8265 0.5456 -0.1383
vn 0.0490 0.9459 0.3209
vn 0.5142 0.6594 0.5484
vn 0.2131 0.9651 -0.1521
vn 0.8063 0.5749 -0.1390
vn -0.2641 -0.8884 -0.3754
vn -0.8560 -0.3009 -0.4203
vn 0.2456 0.9520 -0.1828
vn 0.5298 -0.8413 0.1078
vn 0.6890 0.5241 0.5006
vn -0.8254 -0.5226 -0.2135
vn 0.8359 0.2070 -0.5084
vn -0.5407 -0.2604 -0.7999
vn 0.3757 0.8243 0.4236
vn -0.3703 0.8894 0.2679
vn -0.0288 -0.2887 -0.9570
vn -0.3724 0.5806 -0.7240
vn -0.1710 0.3710 0.9127
vn -0.1110 -0.9786 -0.1732
vn -0.5474 0.7544 0.3623
vn 0.3764 0.1312 -0.9171
vn 0.3731 0.1465 -0.9161
vn -0.3707 0.2774 -0.8864
vn 0.2812 0.4576 -0.8436
vn 0.7327 0.4135 -0.5405
vn 0.8362 0.5213 0.1702
vn 0.1217 -0.8818 -0.4557
vn 0.0444 -0.9989 -0.0154
vn 0.4765 0.0689 -0.8765
vn -0.3296 0.9377 0.1098
vn 0.4166 0.8557 0.3070
vn -0.5749 0.1882 0.7963
vn -0.3955 -0.8519 -0.3432
vn -0.0924 -0.8070 -0.5833
vn 0.5417 0.8313 -0.1248
vn 0.9691 -0.0998 -0.2257
vn -0.3742 -0.7782 -0.5043
vn 0.4749 0.8789 0.0448
vn -0.2135 -0.9662 -0.1444
vn 0.3022 0.9387 0.1659
vn -0.2515 0.7713 0.5847
vn 0.0201 0.5600 -0.8282
vn 0.1443 -0.2383 -0.9604
vn -0.7648 -0.2109 -0.6088
vn -0.8875 -0.1865 -0.4214
vn 0.7418 0.6695 0.0392
vn 0.2841 0.9506 0.1254
vn 0.5747 -0.4780 0.6643
vn 0.4298 -0.7648 0.4799
vn 0.3767 -0.3657 0.8511
vn -0.3442 -0.6118 0.7122
vn -0.2589 0.0136 -0.9658
vn 0.6143 0.4263 0.6640
vn 0.2577 0.5499 -0.7945
vn 0.7430 0.6610 -0.1050
vn -0.2098 -0.9772 0.0332
vn 0.8392 0.0693 0.5394
vn 0.4507 0.8762 0.1706
vn 0.0929 0.9496 0.2995
vn -0.3082 0.9265 -0.2159
vn -0.3078 0.9266 -0.2159
vn -0.3093 0.9261 -0.2160
vn -0.3097 0.9259 -0.2161
vn -0.2421 0.8926 -0.3804
vn -0.8589 -0.1516 -0.4892
vn 0.0336 -0.8331 0.5521
vn -0.4957 0.6250 -0.6031
vn -0.8628 0.4731 0.1781
vn -0.5515 0.8034 -0.2246
vn 0.7891 -0.3015 0.5352
vn 0.1646 0.3845 0.9083
vn 0.5434 0.7836 -0.3013
vn 0.9207 -0.2229 -0.3204
vn -0.7309 -0.6674 -0.1431
vn 0.7438 0.6651 -0.0663
vn 0.2893 -0.1395 -0.9470
vn -0.5733 0.4769 -0.6663
vn 0.7342 -0.3447 0.5850
vn -0.5688 0.8222 0.0215
vn 0.1693 -0.6648 0.7276
vn -0.6122 0.4205 0.6696
vn 0.0317 -0.4450 0.8950
vn 0.1763 -0.1931 0.9652
vn 0.4622 0.1668 -0.8709
vn 0.6948 -0.2338 0.6802
vn 0.8992 -0.3192 -0.2994
vn 0.9675 0.1947 0.1611
vn -0.9389 -0.3401 -0.0526
vn -0.6532 0.4303 0.6231
vn 0.5052 -0.6764 0.5359
vn -0.6260 -0.0804 -0.7757
vn 0.2482 -0.4076 -0.8788
vn 0.4323 -0.1664 0.8862
vn -0.7417 -0.5962 0.3072
vn -0.2268 0.7188 -0.6571
vn 0.6015 0.5090 0.6158
vn -0.7665 -0.2219 -0.6027
vn 0.8348 0.5221 0.1746
vn 0.3540 0.8381 0.4151
vn 0.4517 0.7303 0.5125
vn -0.7414 -0.4009 0.5381
vn -0.0900 0.2509 -0.9638
vn -0.2212 -0.3375 -0.9150
vn -0.7009 -0.7088 0.0803
vn -0.2012 0.5032 0.8404
vn 0.1853 0.9481 -0.2583
vn -0.0721 0.3060 0.9493
vn 0.8951 -0.3047 0.3256
vn 0.2184 -0.1935 -0.9565
vn 0.5705 -0.7465 0.3423
vn 0.3851 -0.6247 -0.6793
vn -0.2760 0.8887 -0.3661
vn -0.8201 0.2504 0.5145
vn -0.9458 -0.3135 0.0852
vn -0.8711 0.0017 0.4911
vn -0.8764 -0.0023 0.4816
vn -0.8770 -0.0029 0.4805
vn -0.0583 0.4902 -0.8696
vn -0.8815 -0.1210 -0.4565
vn -0.2702 -0.4660 -0.8425
vn -0.6717 0.7007 -0.2407
vn -0.5486 -0.5743 -0.6077
vn 0.9545 0.2488 0.1642
vn 0.9168 -0.2534 -0.3087
vn -0.9779 0.0408 -0.2053
vn -0.0425 0.9896 0.1376
vn -0.1230 0.5701 0.8123
vn 0.8360 -0.5430 -0.0793
vn -0.9695 0.2064 0.1319
vn -0.0670 -0.1553 -0.9856
vn -0.9811 -0.1546 -0.1166
vn 0.2059 -0.0129 -0.9785
vn 0.1850 0.5950 0.7822
vn -0.5791 -0.0220 -0.8149
vn -0.8237 0.5257 0.2125
vn 0.4999 -0.1421 -0.8543
vn 0.3650 -0.3067 -0.8790
vn -0.4790 -0.3069 -0.8224
vn 0.4690 -0.8445 -0.2587
vn -0.7788 0.5428 0.3145
vn 0.1636 -0.3662 -0.9160
vn 0.1194 0.9920 0.0405
vn 0.4760 -0.8664 -0.1510
vn -0.6101 0.7896 0.0659
vn 0.2432 0.7010 0.6704
vn 0.3254 0.9386 -0.1144
vn 0.7213 -0.4130 -0.5560
vn -0.9656 0.2102 0.1529
vn -0.0879 0.1095 -0.9901
vn 0.4867 -0.1789 -0.8550
vn 0.7710 0.3920 -0.5018
vn -0.9515 0.0688 0.2999
vn 0.1998 0.0843 0.9762
vn 0.9878 0.0437 -0.1492
vn -0.9317 0.3438 0.1170
vn 0.6071 0.3657 0.7054
vn -0.3411 0.2705 0.9003
vn 0.8698 0.1145 0.4799
vn 0.1497 -0.6159 -0.7734
vn -0.8433 0.3517 -0.4063
vn -0.7221 0.6881 -0.0715
vn 0.3460 0.3262 -0.8797
vn -0.0158 0.8874 -0.4607
vn 0.8409 -0.4276 -0.3318
vn -0.6209 -0.5002 0.6036
vn -0.2343 -0.4773 -0.8470
vn 0.5664 -0.6539 -0.5016
vn 0.6220 -0.6366 0.4560
vn -0.3346 -0.3461 -0.8765
vn 0.7862 0.3431 0.5140
vn 0.3193 -0.9362 -0.1468
vn 0.0714 0.8770 0.4752
vn 0.6300 -0.3941 0.6692
vn -0.2855 -0.1148 -0.9515
vn -0.8706 0.0019 0.4920
vn -0.9655 0.2349 -0.1127
vn -0.4159 -0.2499 0.8744
vn 0.4910 0.3334 0.8049
vn 0.9606 0.2778 0.0030
vn 0.2549 -0.3599 -0.8975
vn -0.5024 0.8472 -0.1727
vn 0.4802 0.8305 -0.2822
vn 0.4891 -0.1994 0.8491
vn 0.1474 0.3296 0.9325
vn 0.2747 0.5445 -0.7925
vn 0.5495 -0.2801 -0.7872
vn -0.1662 0.0095 0.9861
vn 0.2202 -0.5157 0.8280
vn 0.7801 -0.3650 -0.5081
vn -0.2600 -0.0143 -0.9655
vn -0.3284 0.4286 -0.8417
vn 0.6554 -0.5379 0.5302
vn 0.1983 0.4611 -0.8649
vn 0.7973 -0.5691 0.2012
vn -0.0873 0.1839 -0.9790
vn -0.7198 -0.6911 0.0653
vn -0.6998 -0.7143 0.0011
vn 0.4377 0.3752 -0.8171
vn -0.2291 0.5090 0.8297
vn 0.1656 0.2992 0.9397
vn -0.9934 0.1092 0.0348
vn -0.4825 -0.7328 0.4798
vn -0.9320 0.1450 -0.3322
vn -0.3876 0.4015 0.8298
vn 0.4860 -0.2547 0.8360
vn -0.4333 -0.6645 -0.6088
vn 0.8318 0.0773 0.5497
vn 0.7311 0.6308 0.2600
vn 0.5046 0.5281 0.6830
vn -0.8592 -0.4752 0.1897
vn -0.2480 0.3159 0.9158
vn 0.6023 0.4136 0.6828
vn -0.2701 -0.8572 0.4385
vn -0.3208 -0.9469 -0.0215
vn -0.7689 0.4171 0.4846
vn -0.8793 -0.0772 0.4700
vn 0.1076 -0.8950 0.4330
vn 0.2394 -0.9108 -0.3364
vn 0.9733 0.2042 0.1047
vn 0.1021 -0.9915 -0.0811
vn 0.0170 0.2956 -0.9552
vn 0.5320 0.4280 -0.7306
vn -0.2823 -0.4576 -0.8432
vn 0.8880 -0.0207 -0.4593
vn 0.5619 0.1382 -0.8156
vn -0.9201 -0.2131 -0.3286
vn -0.0896 0.8909 0.4453
vn 0.6386 -0.7667 -0.0659
vn -0.2735 -0.9504 -0.1482
vn 0.6534 -0.4682 0.5948
vn -0.5149 0.4911 -0.7026
vn 0.4665 -0.6552 0.5942
vn 0.2774 0.9191 0.2797
vn 0.9220 -0.2693 -0.2783
vn -0.0155 -0.7169 0.6970
vn -0.2155 0.7967 -0.5646
vn -0.9389 0.3089 -0.1518
vn -0.6317 0.5265 0.5691
vn 0.2815 -0.9003 -0.3321
vn -0.6583 0.7499 0.0648
vn 0.6345 0.6588 0.4042
vn -0.7946 0.3768 -0.4760
vn 0.0245 -0.0264 0.9994
vn 0.6166 0.7767 0.1287
vn -0.1686 -0.0148 -0.9856
vn -0.1826 0.9028 0.3894
vn -0.0735 0.0450 -0.9963
vn 0.0524 0.7932 0.6067
vn 0.2610 -0.7930 0.5504
vn 0.6094 -0.7368 -0.2930
vn -0.4096 0.1400 -0.9015
vn 0.4110 -0.6611 0.6277
vn 0.9382 -0.3316 0.0993
vn -0.6283 0.4269 0.6503
vn -0.2804 0.7421 0.6089
vn 0.2375 -0.3190 0.9175
vn 0.5267 -0.2503 -0.8123
vn -0.1472 0.1749 -0.9735
vn 0.4855 -0.5693 0.6635
vn 0.7624 -0.3773 -0.5257
vn -0.8532 0.3925 0.3435
vn 0.2843 -0.0181 0.9586
vn -0.8631 0.5051 -0.0020
vn 0.4426 0.2536 0.8601
vn 0.0346 -0.9740 0.2237
vn -0.1367 0.1015 -0.9854
vn 0.7584 -0.5051 0.4120
vn 0.4417 0.4579 0.7715
vn 0.1390 -0.7173 -0.6828
vn 0.5268 -0.0966 -0.8445
vn -0.0142 -0.3939 -0.9191
vn -0.1915 -0.9814 0.0161
vn -0.6350 -0.4957 0.5925
vn 0.2723 -0.5763 -0.7706
vn -0.6495 -0.4910 -0.5806
vn 0.3310 -0.5995 -0.7287
vn 0.3112 0.9501 -0.0223
vn 0.1840 0.9754 -0.1213
vn 0.2057 0.7557 -0.6217
vn -0.2222 0.9683 -0.1144
vn -0.5140 0.7008 0.4946
vn -0.4161 0.7938 0.4436
vn 0.3939 0.6810 0.6173
vn 0.3180 0.6019 0.7325
vn 0.7366 0.5622 -0.3760
vn 0.9672 -0.2051 -0.1499
vn 0.6912 -0.3752 -0.6177
vn -0.2383 0.5053 -0.8294
vn -0.2714 0.6217 -0.7347
vn -0.9279 0.2067 -0.3103
vn -0.4520 0.7141 -0.5346
vn -0.3497 -0.1437 0.9258
vn -0.1300 0.7361 -0.6642
vn -0.9391 -0.0530 -0.3396
vn -0.8621 0.4404 0.2505
vn -0.6383 -0.5273 0.5608
vn -0.4103 -0.3555 0.8398
vn 0.7241 0.1773 0.6665
vn 0.2365 -0.5362 0.8103
vn 0.9861 -0.1648 0.0229
vn 0.9846 0.1610 -0.0675
vn -0.5194 -0.6465 -0.5588
vn -0.2521 -0.9411 0.2253
vn 0.2107 -0.7515 0.6252
vn 0.4424 -0.6764 0.5889
vn 0.4874 -0.8578 -0.1632
vn 0.4957 -0.8508 -0.1744
vn -0.1737 -0.9838 -0.0448
vn 0.2734 -0.5819 -0.7659
vn 0.3163 -0.6138 -0.7233
vn 0.3481 0.9374 0.0079
vn 0.1731 0.7830 -0.5974
vn -0.0123 0.7985 -0.6018
vn -0.0848 0.9921 -0.0925
vn -0.3200 0.9298 -0.1819
vn -0.3390 0.8038 -0.4888
vn -0.4983 0.7069 0.5020
vn -0.6771 0.7129 0.1823
vn -0.2609 0.8525 0.4529
vn -0.2304 0.4785 -0.8474
vn -0.9420 -0.0010 -0.3355
vn -0.5807 0.6170 -0.5311
vn -0.9685 0.1613 0.1897
vn -0.2628 0.1557 0.9522
vn -0.4531 -0.1711 0.8749
vn -0.1300 0.7361 -0.6643
vn -0.7383 0.5646 0.3689
vn -0.6321 -0.6870 0.3585
vn -0.3483 -0.4148 0.8406
vn -0.6910 -0.4280 -0.5825
vn -0.2584 -0.9379 0.2313
vn 0.2082 -0.7507 0.6270
vn 0.3456 -0.7074 -0.6165
vn -0.1547 -0.9866 -0.0527
vn 0.4405 -0.6787 0.5876
vn 0.4935 -0.8696 -0.0188
vn 0.5902 -0.7924 -0.1542
vn 0.5313 -0.8434 0.0796
vn 0.5616 -0.4287 -0.7077
vn 0.1775 -0.3422 0.9227
vn 0.0645 -0.4634 0.8838
vn -0.7505 0.6544 -0.0921
vn -0.5034 0.8639 0.0190
vn -0.3296 0.7782 0.5346
vn -0.1252 0.9871 -0.1000
vn 0.1096 0.6858 -0.7195
vn -0.0016 0.7509 -0.6604
vn -0.6848 0.3504 -0.6390
vn -0.8190 0.3799 0.4300
vn -0.7610 -0.4136 0.4999
vn -0.2547 -0.6937 0.6737
vn 0.1759 0.8453 0.5045
vn 0.8055 0.5794 0.1245
vn 0.3094 0.8917 0.3302
vn 0.1787 -0.2588 -0.9493
vn -0.0400 0.8711 0.4895
vn 0.8773 0.4591 0.1397
vn 0.5469 0.6431 -0.5360
vn 0.6293 -0.4665 -0.6216
vn 0.4134 -0.4852 -0.7705
vn -0.8356 -0.3070 -0.4555
vn -0.4440 -0.6662 -0.5992
vn -0.8302 -0.4921 0.2619
vn 0.8234 -0.3224 0.4670
vn -0.2712 -0.9057 -0.3257
vn 0.0254 -0.9751 0.2204
vn -0.1031 -0.8974 0.4289
vn -0.9966 0.0680 -0.0456
vn -0.5188 0.1228 0.8460
vn -0.5433 -0.8247 0.1570
vn -0.5053 0.1968 0.8402
vn 0.9837 0.1737 0.0459
vn 0.9668 -0.2301 0.1111
vn 0.7074 -0.7068 -0.0062
vn 0.4907 -0.8589 0.1466
vn 0.4555 -0.5105 -0.7293
vn 0.5371 -0.4880 -0.6880
vn 0.7874 0.3484 -0.5085
vn 0.6741 0.3828 0.6317
vn 0.1367 0.8004 0.5836
vn 0.0096 0.0099 0.9999
vn 0.1119 -0.7099 0.6954
vn -0.2021 -0.9517 -0.2312
vn 0.0508 0.1194 -0.9916
vn 0.3352 -0.7820 0.5254
vn -0.1151 -0.8696 -0.4802
vn -0.4295 -0.1440 -0.8915
vn 0.2764 0.8778 -0.3913
vn 0.1575 0.8711 -0.4651
vn 0.1967 0.9064 0.3739
vn -0.7819 -0.5613 0.2711
vn -0.8572 0.1642 -0.4882
vn -0.1797 0.9561 -0.2315
vn -0.5016 0.7258 0.4709
vn -0.4858 0.7206 0.4947
vn -0.0474 -0.3782 0.9245
vn -0.7181 -0.6577 0.2276
vn -0.1884 -0.7932 -0.5790
vn 0.6744 -0.6695 0.3116
vn -0.0634 -0.3409 0.9380
vn 0.1101 0.6599 -0.7432
vn -0.0010 0.6945 -0.7195
vn -0.1819 0.8389 -0.5130
vn -0.2158 0.8411 -0.4960
vn -0.5154 0.7399 -0.4322
vn -0.5654 0.8136 0.1358
vn -0.1014 0.9500 0.2955
vn -0.5145 0.7364 0.4393
vn 0.2950 0.8064 0.5126
vn 0.4688 0.8269 0.3107
vn 0.4730 0.8590 -0.1958
vn 0.4200 0.8004 -0.4277
vn 0.6326 0.6330 -0.4462
vn 0.3463 0.1087 -0.9318
vn -0.0268 -0.6683 -0.7434
vn 0.0424 -0.0581 -0.9974
vn -0.2798 0.3785 -0.8823
vn -0.9354 0.2513 -0.2487
vn -0.5815 0.6457 -0.4949
vn -0.8772 0.4634 0.1254
vn -0.7739 0.4936 0.3968
vn -0.0751 0.5741 0.8153
vn 0.0821 0.8810 0.4660
vn -0.3614 0.4038 0.8405
vn 0.3197 0.3646 0.8746
vn 0.8792 0.3875 0.2773
vn 0.8701 0.4297 0.2413
vn 0.9025 0.4262 -0.0622
vn 0.8607 -0.2110 -0.4633
vn 0.6545 0.1442 -0.7422
vn -0.4820 0.3569 -0.8002
vn -0.6154 -0.4964 -0.6123
vn -0.7031 -0.5674 -0.4287
vn -0.9659 -0.1315 -0.2232
vn -0.2560 0.9616 0.0990
vn -0.9203 0.0777 0.3835
vn -0.6092 0.4533 0.6506
vn -0.7147 0.1495 0.6833
vn -0.5446 -0.3885 0.7433
vn 0.4572 0.7136 0.5307
vn 0.4721 -0.2830 0.8349
vn 0.4822 -0.3641 0.7968
vn 0.9326 -0.1748 -0.3156
vn 0.8907 -0.2253 -0.3949
vn 0.7109 -0.6006 0.3658
vn 0.5838 -0.8111 -0.0352
vn 0.3996 0.0712 -0.9139
vn 0.4397 -0.7114 -0.5482
vn 0.3699 -0.6467 -0.6670
vn 0.3812 -0.8980 -0.2195
vn -0.1724 -0.9581 -0.2287
vn -0.4572 -0.8893 -0.0104
vn -0.3100 -0.9163 0.2535
vn -0.9190 -0.3796 -0.1060
vn -0.4593 -0.6672 0.5864
vn -0.0617 -0.8694 0.4903
vn -0.0344 -0.8897 0.4553
vn -0.3501 0.5514 0.7573
vn 0.0543 -0.9895 -0.1341
vn 0.1953 -0.8359 0.5130
vn 0.6291 -0.7029 0.3320
vn -0.3164 -0.8786 0.3576
vn 0.0552 -0.9193 0.3897
vn 0.1579 -0.9865 -0.0436
vn -0.2016 -0.8007 0.5642
vn -0.5928 -0.7347 0.3298
vn -0.9165 0.0090 -0.4000
vn 0.0459 0.9981 -0.0402
vn 0.0755 0.9592 -0.2725
vn -0.0190 0.9998 0.0061
vn -0.4289 0.8966 -0.1099
vn -0.5360 0.8081 -0.2443
vn -0.6762 0.0211 0.7364
vn -0.1397 0.7574 0.6378
vn -0.0655 0.8512 0.5207
vn 0.6376 0.4964 0.5891
vn 0.2430 0.9694 -0.0359
vn 0.6129 -0.6805 0.4017
vn 0.1168 0.9593 -0.2570
vn -0.1945 0.8560 -0.4789
vn 0.0207 0.9726 -0.2317
vn -0.3244 0.7270 -0.6052
vn -0.8976 0.3110 0.3125
vn -0.6916 -0.7201 0.0565
vn -0.4703 0.6357 0.6122
vn -0.0090 -0.7020 0.7121
vn 0.6017 -0.6608 0.4487
vn 0.4770 0.3042 0.8246
vn 0.4543 -0.2349 0.8593
vn 0.6448 -0.4705 0.6024
vn 0.7566 0.5826 -0.2969
vn 0.8933 -0.4454 -0.0606
vn -0.5004 0.8401 -0.2092
vn -0.2799 0.4517 -0.8471
vn -0.8937 0.4467 -0.0424
vn -0.5224 0.6877 -0.5041
vn -0.8069 -0.3963 -0.4380
vn 0.0136 -0.3853 0.9227
vn 0.3940 -0.8202 0.4147
vn 0.4067 0.9026 0.1408
vn 0.8029 -0.5208 0.2902
vn 0.6890 -0.7143 -0.1228
vn 0.7245 -0.6496 -0.2304
vn 0.4657 -0.7184 -0.5168
vn 0.2567 0.6159 -0.7448
vn 0.3784 -0.8971 -0.2282
vn 0.3677 -0.2265 -0.9019
vn -0.4868 -0.8319 -0.2664
vn -0.2383 -0.9710 -0.0212
vn -0.5930 -0.7101 0.3796
vn 0.2355 -0.9346 0.2664
vn 0.1996 -0.9799 -0.0001
vn -0.1364 -0.7498 -0.6474
vn -0.1406 -0.7353 -0.6630
vn 0.1744 -0.9199 -0.3512
vn -0.2976 -0.7546 -0.5849
vn -0.2121 -0.9644 0.1580
vn -0.3471 -0.2062 -0.9149
vn -0.3191 -0.6918 0.6477
vn -0.8595 -0.4791 -0.1782
vn -0.0087 0.0374 -0.9993
vn -0.9670 -0.1238 0.2227
vn -0.6987 0.1964 -0.6879
vn 0.4066 0.7971 0.4465
vn -0.1622 0.2770 0.9471
vn -0.5998 0.8000 -0.0148
vn -0.0712 0.9631 -0.2596
vn -0.3477 0.8995 -0.2645
vn -0.9397 -0.2924 0.1772
vn 0.8328 0.4300 0.3487
vn 0.9085 0.2531 -0.3324
vn 0.2374 0.7477 -0.6202
vn -0.0892 0.5091 0.8561
vn -0.0749 -0.3837 0.9204
vn 0.4037 -0.6253 0.6679
vn 0.8646 -0.2372 0.4430
vn 0.6863 -0.7222 -0.0865
vn 0.7253 0.3719 -0.5793
vn 0.4473 -0.3208 -0.8348
vn -0.5453 -0.8122 -0.2075
vn 0.1950 -0.9774 0.0812
vn 0.4156 -0.8955 -0.1594
vn 0.3140 -0.8536 -0.4157
vn 0.7031 -0.5586 -0.4399
vn -0.2537 -0.9352 -0.2471
vn 0.9377 -0.1523 -0.3122
vn -0.8723 -0.3561 -0.3351
vn 0.9638 0.1005 0.2469
vn -0.0359 -0.1012 -0.9942
vn -0.5366 0.7226 0.4358
vn -0.9090 0.3729 -0.1862
vn 0.0977 0.6249 -0.7746
vn 0.3634 0.9313 -0.0238
vn 0.3628 0.7849 -0.5023
vn -0.4081 0.3392 0.8476
vn 0.2960 0.1755 0.9389
vn 0.7512 0.4688 0.4647
vn -0.8941 -0.3243 -0.3090
vn -0.5191 -0.2945 0.8024
vn 0.1117 -0.7394 0.6639
vn 0.3767 -0.6532 -0.6568
vn 0.1387 -0.7778 0.6131
vn 0.4960 -0.7604 0.4193
vn 0.2900 -0.9398 0.1806
vn -0.1079 -0.9941 -0.0040
vn -0.0250 0.7126 -0.7011
vn -0.0574 0.8807 0.4702
vn 0.0933 0.9717 -0.2170
vn -0.2128 0.9618 -0.1720
vn 0.9015 0.3936 0.1799
vn -0.9020 0.1190 -0.4149
vn -0.4784 0.6825 0.5526
vn -0.4784 0.6786 0.5574
vn -0.4784 0.6777 0.5585
vn -0.4785 0.6827 0.5523
vn -0.6554 -0.0340 0.7545
vn 0.1724 0.4997 0.8489
vn 0.3758 0.0870 0.9226
vn -0.6186 -0.1883 -0.7628
vn -0.1976 -0.9653 0.1709
vn -0.2398 -0.6248 0.7430
vn -0.0234 -0.8540 0.5198
vn 0.1449 -0.8766 0.4589
vn -0.5802 -0.6973 0.4209
vn -0.5857 -0.4652 0.6637
vn -0.7118 -0.6767 0.1884
vn 0.3885 -0.9132 -0.1233
vn 0.2267 -0.9697 -0.0910
vn -0.0842 -0.8934 -0.4412
vn -0.0974 -0.3386 0.9359
vn -0.3902 0.4483 0.8042
vn -0.7924 0.1475 0.5919
vn -0.6285 -0.3496 0.6948
vn -0.9587 -0.1948 0.2073
vn -0.8908 -0.0823 -0.4469
vn -0.8410 -0.1832 -0.5091
vn -0.1654 0.8427 -0.5123
vn -0.0688 0.8673 0.4930
vn -0.0791 0.8614 0.5018
vn -0.0399 0.1864 0.9817
vn 0.6060 0.4389 0.6634
vn -0.6754 0.7374 0.0034
vn -0.4832 0.7387 0.4700
vn -0.4121 0.9016 0.1314
vn -0.8926 0.3571 0.2751
vn -0.5098 0.3668 0.7782
vn -0.2631 0.9096 0.3215
vn -0.2859 0.9021 0.3234
vn -0.3561 0.3324 -0.8733
vn -0.4567 0.8356 -0.3054
vn -0.6796 0.0307 -0.7329
vn 0.1360 -0.6767 -0.7236
vn 0.2189 0.8250 -0.5210
vn 0.4214 -0.4885 0.7641
vn 0.9756 0.0346 -0.2167
vn 0.0457 0.9850 -0.1661
vn -0.3141 0.9487 -0.0346
vn 0.4475 0.8275 -0.3392
vn 0.6973 0.4215 -0.5797
vn 0.9809 0.0257 0.1929
vn 0.5369 0.8431 0.0313
vn 0.9410 0.2390 -0.2396
vn 0.2519 0.9485 0.1919
vn 0.4938 0.7062 -0.5073
vn 0.0002 1.0000 -0.0024
vn 0.9548 -0.1621 -0.2492
vn 0.6480 -0.4145 -0.6390
vn 0.0058 -0.5672 -0.8236
vn -0.1661 -0.2839 -0.9444
vn 0.1797 -0.2502 0.9514
vn 0.3674 -0.4241 0.8277
vn 0.5982 -0.3143 0.7372
vn 0.7462 -0.4915 -0.4491
vn -0.6432 -0.1494 -0.7509
vn 0.8129 -0.5152 0.2715
vn 0.7569 -0.6250 0.1911
vn 0.7421 -0.6694 0.0345
vn 0.2125 -0.9746 -0.0713
vn -0.3501 -0.8446 -0.4051
vn -0.4165 -0.8618 -0.2896
vn -0.5694 -0.7769 -0.2685
vn 0.6501 -0.7517 0.1110
vn -0.0632 -0.9147 -0.3991
vn 0.7181 -0.6782 0.1562
vn -0.5406 -0.4935 -0.6813
vn -0.0655 -0.3981 -0.9150
vn -0.5721 0.8200 0.0173
vn -0.7435 0.3798 -0.5504
vn 0.1025 0.8755 -0.4722
vn 0.2438 0.9533 -0.1783
vn -0.1253 0.9757 0.1798
vn 0.3658 0.9268 -0.0851
vn -0.6471 0.3073 0.6977
vn 0.2962 0.1807 0.9379
vn 0.4108 0.4946 0.7659
vn 0.5703 0.4673 0.6756
vn -0.6186 -0.4034 -0.6742
vn -0.6270 -0.5012 0.5964
vn 0.1553 -0.8233 0.5459
vn 0.2021 -0.8986 -0.3895
vn 0.1798 -0.8669 0.4649
vn -0.4148 -0.2113 -0.8850
vn 0.8900 0.3500 0.2923
vn 0.3176 -0.9463 -0.0603
vn 0.0401 -0.9711 -0.2352
vn -0.5293 -0.0625 -0.8461
vn 0.2362 0.1236 0.9638
vn 0.2354 0.1269 0.9636
vn 0.2360 0.1239 0.9638
vn 0.2346 0.1302 0.9633
vn -0.2262 0.5348 0.8141
vn -0.2260 0.5342 0.8146
vn -0.2257 0.5335 0.8151
vn -0.1433 0.8511 0.5050
vn -0.5811 0.8090 0.0882
vn -0.9689 0.2126 0.1270
vn -0.7999 0.5841 -0.1381
vn -0.9058 -0.4228 -0.0269
vn -0.8708 -0.4900 0.0409
vn -0.5130 -0.4920 0.7034
vn -0.1005 -0.4290 0.8977
vn 0.0139 -0.6565 0.7542
vn 0.5391 -0.1947 0.8194
vn 0.8225 -0.0075 0.5687
vn 0.6605 0.0065 0.7508
vn 0.3866 0.5674 0.7270
vn 0.0072 0.9977 0.0675
vn 0.0446 0.8784 0.4758
vn -0.1517 0.9784 -0.1403
vn -0.4572 0.8206 -0.3429
vn -0.9310 -0.0118 -0.3647
vn -0.7041 0.3045 -0.6415
vn -0.6822 -0.4681 -0.5617
vn -0.2230 -0.9674 0.1202
vn -0.2231 -0.9697 0.0998
vn -0.1338 -0.9591 0.2495
vn 0.4099 -0.7559 0.5105
vn 0.4331 -0.5616 0.7050
vn 0.5150 -0.7994 0.3094
vn 0.3418 0.6882 0.6400
vn 0.5780 0.7815 0.2352
vn 0.4619 0.8868 0.0131
vn -0.6902 0.6973 -0.1932
vn -0.3979 0.4502 -0.7994
vn -0.7262 -0.6602 -0.1919
vn -0.3782 -0.6761 -0.6324
vn -0.1221 -0.8188 -0.5610
vn 0.7404 -0.5694 0.3573
vn 0.9418 0.3179 -0.1094
vn 0.5449 0.7140 -0.4396
vn 0.2290 0.3928 -0.8907
vn 0.2038 0.9589 -0.1974
vn -0.1699 0.5203 -0.8369
vn 0.0298 -0.1381 -0.9900
vn -0.5654 0.3777 -0.7333
vn -0.0581 -0.5498 -0.8333
vn 0.9636 -0.1803 -0.1976
vn 0.5528 -0.6080 -0.5698
vn 0.1998 0.3827 -0.9020
vn 0.2095 -0.4758 -0.8543
vn 0.0977 0.6249 -0.7745
vn 0.8278 0.3304 -0.4534
vn 0.7101 -0.6597 0.2461
vn 0.3738 0.6588 -0.6529
vn 0.0465 -0.9483 0.3139
vn 0.4421 -0.4750 -0.7609
vn 0.1489 0.9287 -0.3396
vn 0.1634 -0.7279 -0.6660
vn 0.1278 0.3446 -0.9300
vn -0.8812 -0.0195 0.4724
vn -0.5297 -0.8067 0.2622
vn -0.5110 -0.3541 -0.7832
vn -0.6482 0.5809 -0.4924
vn -0.5441 0.3206 -0.7753
vn -0.4900 0.2720 0.8282
vn -0.1331 0.8742 0.4670
vn -0.1776 0.9659 -0.1885
vn 0.0337 -0.9461 0.3222
vn -0.0020 -0.0421 0.9991
vn 0.6052 0.3561 0.7120
vn 0.8065 -0.3659 -0.4645
vn 0.6790 0.3317 0.6549
vn 0.7868 0.5573 0.2655
vn 0.4722 0.7742 0.4214
vn 0.9732 -0.1365 -0.1849
vn 0.1682 0.8799 0.4444
vn 0.3480 -0.4979 -0.7943
vn 0.0920 0.8510 -0.5170
vn -0.6330 -0.7470 -0.2029
vn -0.3549 -0.5089 -0.7843
vn -0.2668 0.8304 -0.4892
vn -0.6927 0.6092 0.3861
vn -0.4473 0.8914 0.0722
vn -0.2158 -0.9645 0.1521
vn -0.5756 0.5747 0.5817
vn 0.1519 -0.6262 -0.7647
vn 0.1621 -0.9803 0.1127
vn -0.2802 -0.2698 0.9213
vn 0.6471 0.7621 0.0224
vn 0.7279 -0.5466 0.4140
vn 0.7089 -0.2106 0.6731
vn 0.1782 0.3754 0.9096
vn 0.3575 0.1020 0.9283
vn -0.1677 0.6159 0.7698
vn 0.7772 -0.1879 0.6005
vn 0.5219 0.8178 -0.2426
vn -0.9366 -0.1949 0.2913
vn 0.4429 0.8924 -0.0866
vn -0.3334 0.9428 -0.0017
vn 0.2109 -0.7060 -0.6761
vn 0.8883 -0.4543 -0.0674
vn 0.2516 0.8044 -0.5382
vn -0.2221 0.6023 -0.7667
vn 0.4384 0.5718 -0.6935
vn 0.0721 -0.3769 -0.9235
vn -0.0453 -0.2556 -0.9657
vn -0.7847 0.4786 -0.3939
vn 0.3322 0.8905 0.3108
vn -0.1155 -0.9704 -0.2123
vn -0.7531 -0.6254 -0.2041
vn -0.8975 -0.1610 -0.4105
vn -0.6833 0.5936 -0.4251
vn 0.8057 -0.4573 -0.3765
vn 0.7549 -0.6251 0.1984
vn 0.3158 -0.8967 0.3103
vn -0.0647 -0.9961 0.0605
vn -0.4778 -0.7438 0.4673
vn -0.9048 -0.2068 -0.3723
vn -0.9490 0.2330 0.2125
vn -0.0332 -0.5867 0.8091
vn -0.4768 -0.5787 0.6616
vn -0.5282 -0.4955 0.6895
vn 0.1605 0.5163 0.8413
vn 0.1781 -0.8873 0.4254
vn 0.6924 -0.6524 -0.3082
vn 0.9278 -0.3703 -0.0461
vn -0.6015 0.6962 -0.3917
vn -0.6903 0.7170 0.0971
vn -0.2109 0.8193 -0.5332
vn 0.4307 0.8842 -0.1809
vn 0.9059 -0.2860 -0.3123
vn 0.0726 0.5548 -0.8288
vn -0.4646 -0.2802 -0.8400
vn -0.6528 0.6062 -0.4543
vn -0.1515 0.6609 0.7350
vn 0.9961 0.0815 0.0327
vn 0.4736 0.6462 -0.5984
vn 0.3697 -0.6766 -0.6368
vn -0.3307 -0.6193 -0.7121
vn -0.9993 -0.0258 0.0286
vn -0.8774 -0.4779 -0.0428
vn 0.1653 0.9853 -0.0436
vn 0.4721 0.6981 0.5383
vn 0.7914 0.3803 0.4786
vn 0.3200 -0.4674 -0.8241
vn -0.0578 -0.9334 -0.3540
vn -0.2783 -0.9062 -0.3184
vn -0.7108 0.2575 -0.6545
vn -0.7396 0.5064 0.4434
vn -0.4355 -0.8269 0.3556
vn -0.4727 -0.2608 0.8417
vn 0.2359 -0.9613 -0.1426
vn 0.0970 -0.2717 0.9575
vn 0.3715 -0.6005 0.7080
vn 0.3275 -0.7754 0.5399
vn -0.4523 -0.8730 0.1824
vn -0.3011 -0.8769 0.3746
vn 0.7463 -0.5277 -0.4057
vn -0.2664 -0.9558 -0.1243
vn 0.8803 -0.2460 -0.4057
vn -0.8164 -0.4590 -0.3504
vn 0.0842 -0.1142 -0.9899
vn 0.1574 0.6511 -0.7424
vn 0.2563 0.9650 -0.0552
vn 0.3090 0.8100 -0.4983
vn -0.9948 0.0978 -0.0272
vn -0.7746 -0.3554 0.5231
vn 0.6534 0.6255 0.4263
vn -0.3807 0.4852 0.7871
vn 0.5208 0.3488 0.7792
vn 0.3736 -0.6607 -0.6510
vn -0.0838 -0.8403 0.5356
vn 0.4229 -0.8209 0.3839
vn -0.3186 0.4382 -0.8405
vn -0.3021 0.2345 -0.9240
vn 0.2906 0.9327 0.2136
vn 0.4479 0.7323 -0.5130
vn 0.1511 -0.5171 0.8425
vn 0.5955 -0.0021 0.8034
vn 0.7629 -0.2810 -0.5823
vn 0.1845 -0.9630 -0.1962
vn 0.5307 -0.6016 -0.5971
vn -0.4049 -0.8608 -0.3082
vn -0.8015 0.0484 0.5960
vn -0.7312 0.6140 0.2972
vn 0.9696 0.2439 0.0210
vn 0.8701 -0.2968 -0.3935
vn 0.3921 0.7226 0.5693
vn -0.6811 -0.7305 -0.0495
vn -0.8425 0.0537 0.5360
vn 0.4284 -0.5126 0.7441
vn 0.1897 -0.9512 0.2432
vn 0.4063 -0.7580 0.5103
vn -0.7178 -0.5497 -0.4272
vn -0.3985 -0.5909 -0.7014
vn 0.2884 -0.9265 -0.2417
vn -0.6854 0.5375 0.4913
vn -0.5831 0.6660 -0.4652
vn 0.5550 0.8280 0.0799
vn -0.0014 0.8224 -0.5690
vn 0.0129 0.6185 -0.7857
vn 0.6130 -0.2103 -0.7616
vn -0.6052 -0.3624 -0.7088
vn 0.7562 -0.1284 -0.6417
vn -0.9636 0.2342 -0.1287
vn -0.1670 0.7434 -0.6476
vn -0.2090 0.1887 0.9595
vn -0.7407 0.5458 0.3917
vn 0.2233 0.9648 -0.1387
vn 0.6697 0.5818 0.4616
vn 0.5192 0.8544 0.0224
vn -0.1624 -0.4377 0.8843
vn 0.4791 -0.7097 0.5165
vn 0.9132 -0.2205 0.3427
vn -0.9667 0.2344 -0.1029
vn -0.4656 -0.7439 0.4794
vn -0.0530 -0.9953 -0.0815
vn 0.0520 0.0887 -0.9947
vn -0.0543 -0.9907 -0.1247
vn 0.9012 -0.3285 0.2827
vn 0.4989 -0.3993 -0.7692
vn 0.8966 -0.2922 0.3326
vn -0.0642 0.3766 -0.9242
vn 0.4538 0.8329 -0.3166
vn -0.9378 0.3316 0.1027
vn -0.5305 0.6980 -0.4810
vn 0.1733 0.9844 0.0292
vn 0.1499 0.9130 0.3795
vn -0.6343 0.5661 0.5265
vn 0.1793 0.8895 0.4204
vn -0.6533 -0.7560 0.0413
vn -0.2226 -0.9212 0.3192
vn -0.1467 -0.5692 0.8090
vn 0.1836 -0.2214 0.9577
vn -0.3731 0.3540 -0.8576
vn -0.4019 -0.7772 -0.4842
vn 0.8916 0.2219 -0.3948
vn 0.1078 -0.9503 -0.2921
vn 0.1412 -0.9896 -0.0262
vn 0.9719 -0.2034 0.1188
vn 0.4582 -0.5108 -0.7275
vn 0.9047 -0.0668 0.4208
vn -0.1159 0.3755 -0.9196
vn 0.5249 -0.4306 0.7342
vn 0.4193 0.8665 -0.2708
vn -0.9377 0.3320 0.1022
vn -0.6339 0.5665 0.5265
vn -0.6531 -0.7562 0.0407
vn -0.2704 -0.9167 0.2941
vn -0.1827 -0.5267 0.8302
vn 0.1809 -0.2398 0.9538
vn 0.9320 0.1607 -0.3248
vn 0.1077 -0.9503 -0.2921
vn 0.1438 -0.9896 -0.0007
vn 0.2372 -0.9702 0.0493
vn 0.4449 -0.3438 0.8270
vn 0.9040 0.4150 0.1025
vn -0.4838 -0.4177 0.7691
vn -0.4372 -0.5852 0.6830
vn -0.4042 -0.0122 -0.9146
vn -0.4951 0.7446 -0.4477
vn -0.5528 0.7632 -0.3347
vn 0.2891 0.8022 -0.5224
vn 0.2242 0.7785 -0.5862
vn 0.1738 0.0105 -0.9847
vn -0.7331 -0.4970 -0.4643
vn -0.5162 -0.8209 -0.2443
vn -0.6598 -0.6495 0.3779
vn -0.0805 0.8904 0.4480
vn -0.4706 0.8484 0.2423
vn 0.8439 0.3087 -0.4388
vn -0.8687 0.4473 0.2127
vn -0.0327 0.8421 0.5384
vn 0.2573 0.9625 -0.0858
vn 0.8763 0.4083 0.2558
vn 0.9630 0.2620 -0.0638
vn 0.2056 -0.6263 -0.7520
vn 0.5517 -0.6192 -0.5587
vn -0.1880 -0.9457 -0.2652
vn -0.0322 0.1850 0.9822
vn 0.5252 -0.8321 -0.1780
vn 0.1968 -0.8687 0.4546
vn -0.0356 -0.9046 0.4247
vn 0.6225 -0.7491 -0.2266
vn -0.1981 -0.9616 -0.1898
vn 0.9553 -0.1839 -0.2315
vn -0.6553 -0.6929 -0.3007
vn 0.2308 -0.4250 -0.8753
vn 0.9600 0.1282 0.2491
vn -0.1494 -0.0723 -0.9861
vn 0.7506 0.2320 -0.6186
vn -0.4754 0.7959 0.3747
vn -0.9088 0.3259 -0.2604
vn 0.0605 0.8152 -0.5760
vn 0.2794 0.9598 -0.0255
vn 0.2963 0.9040 -0.3081
vn -0.1235 -0.1792 -0.9760
vn -0.4132 0.4126 0.8118
vn 0.2984 0.2197 0.9288
vn 0.6876 0.5907 0.4222
vn -0.8431 0.5017 -0.1935
vn -0.8808 -0.4413 -0.1715
vn -0.5047 -0.3613 0.7840
vn 0.1012 -0.8292 0.5498
vn 0.2427 -0.8121 -0.5307
vn 0.1202 -0.8568 0.5015
vn 0.4027 -0.8434 0.3556
vn -0.4669 0.5660 -0.6795
vn -0.8533 -0.4568 -0.2513
vn -0.0643 0.7970 -0.6006
vn -0.5309 -0.6708 0.5179
vn 0.3173 0.6525 -0.6882
vn -0.6370 0.7054 0.3108
vn 0.5926 -0.5652 0.5739
vn -0.0080 -0.5402 0.8415
vn -0.0490 0.8913 0.4508
vn 0.2443 0.9345 0.2589
vn 0.8603 -0.1221 0.4949
vn 0.2584 0.9484 0.1838
vn 0.8873 0.0881 -0.4528
vn 0.6031 0.6073 -0.5171
vn -0.4251 -0.7176 0.5516
vn 0.2124 -0.9696 -0.1213
vn 0.1978 -0.8901 -0.4106
vn -0.8129 0.4533 -0.3656
vn -0.0957 -0.7350 -0.6713
vn -0.1726 -0.2967 -0.9392
vn 0.0056 -0.8759 -0.4824
vn 0.1588 -0.9514 0.2640
vn -0.2351 -0.4545 -0.8592
vn -0.0396 -0.6877 0.7249
vn -0.5813 -0.8092 -0.0854
vn -0.0129 -0.0967 -0.9952
vn -0.8161 -0.5104 0.2710
vn -0.7059 -0.2213 -0.6729
vn -0.0285 0.9774 0.2095
vn -0.2154 0.0492 0.9753
vn -0.8529 0.5151 -0.0854
vn -0.4626 0.7544 -0.4658
vn -0.7151 0.5577 -0.4215
vn -0.7682 0.6335 0.0924
vn -0.1083 0.9894 0.0970
vn -0.1207 0.9923 0.0263
vn -0.7244 -0.6463 0.2399
vn -0.2045 0.0166 0.9787
vn 0.6952 0.6386 0.3300
vn 0.7374 0.5581 -0.3804
vn 0.3979 0.6869 -0.6082
vn -0.0461 0.6436 -0.7640
vn -0.2017 0.5897 0.7820
vn 0.0525 -0.3448 0.9372
vn 0.6296 -0.4310 0.6464
vn 0.7630 0.4972 0.4131
vn 0.8717 0.2385 0.4280
vn 0.9284 -0.3687 -0.0465
vn 0.4974 0.6319 -0.5945
vn 0.5316 -0.1939 -0.8245
vn -0.1932 -0.9764 -0.0961
vn 0.5534 -0.8141 0.1762
vn 0.7369 -0.6698 -0.0909
vn 0.6174 -0.7035 -0.3520
vn 0.3833 -0.8746 0.2967
vn -0.3050 -0.9518 -0.0337
vn 0.8307 -0.4471 0.3319
vn -0.5601 -0.6824 -0.4696
vn 0.4015 -0.8138 -0.4201
vn 0.8050 -0.0949 0.5856
vn 0.2439 -0.5104 -0.8246
vn 0.9620 -0.2205 -0.1613
vn -0.3120 0.9388 -0.1463
vn -0.5808 0.3219 -0.7477
vn 0.5623 0.4878 -0.6678
vn 0.5334 0.8370 -0.1216
vn 0.6745 0.6590 -0.3330
vn 0.2171 -0.6463 -0.7315
vn -0.5404 0.7797 0.3164
vn -0.0939 0.5793 0.8097
vn 0.5898 0.7084 0.3876
vn -0.4906 0.5196 -0.6996
vn -0.8109 -0.2622 -0.5231
vn -0.9508 -0.3059 0.0489
vn -0.8576 0.2412 0.4543
vn -0.4940 -0.3721 0.7858
vn 0.2157 0.5746 0.7895
vn 0.3589 -0.1902 0.9138
vn 0.1862 -0.9778 -0.0956
vn -0.4630 -0.8181 0.3412
vn -0.3483 -0.6697 0.6558
vn -0.0635 -0.6992 0.7121
vn 0.1665 -0.6191 0.7674
vn 0.1438 -0.9894 0.0199
vn 0.1561 -0.4108 0.8983
vn 0.0019 0.7460 -0.6659
vn 0.9243 0.3525 -0.1460
vn 0.3290 0.9304 -0.1614
vn 0.1607 0.8905 0.4257
vn -0.6192 0.5389 0.5712
vn -0.4523 0.5835 0.6745
vn 0.7052 -0.4705 -0.5303
vn -0.8450 0.1183 0.5214
vn -0.6228 -0.3780 0.6849
vn -0.5519 -0.7958 -0.2493
vn 0.0040 -0.9731 0.2303
vn 0.3735 -0.7607 0.5309
vn 0.1753 -0.9663 -0.1885
vn 0.4749 -0.2020 0.8565
vn 0.2056 -0.6889 -0.6950
vn 0.8978 -0.4394 0.0294
vn 0.1752 0.0232 0.9843
vn 0.9271 -0.0767 -0.3669
vn 0.7871 0.2314 0.5718
vn -0.4693 0.7866 -0.4013
vn 0.0173 0.2833 -0.9589
vn 0.5618 0.8244 -0.0689
vn 0.2453 0.9419 0.2293
vn 0.3575 0.9103 0.2088
vn -0.2593 0.9638 -0.0620
vn 0.9217 -0.1897 -0.3384
vn -0.9374 0.2369 -0.2551
vn -0.8531 0.2181 0.4740
vn -0.5552 0.5217 0.6478
vn -0.0978 0.6933 0.7140
vn -0.0464 0.5241 -0.8504
vn -0.0693 -0.3876 -0.9192
vn -0.4986 -0.6364 -0.5885
vn -0.9209 -0.2473 -0.3014
vn -0.6520 -0.7339 0.1903
vn -0.6161 0.4403 0.6531
vn -0.2917 -0.3383 0.8947
vn 0.5569 -0.8228 0.1138
vn -0.2044 -0.9776 -0.0505
vn -0.3793 -0.8995 0.2170
vn -0.2421 -0.8594 0.4503
vn -0.2365 -0.9066 0.3495
vn 0.6254 -0.6706 0.3990
vn 0.5335 -0.3305 0.7785
vn 0.0404 0.7513 -0.6587
vn -0.3999 0.7120 -0.5772
vn 0.3136 0.8397 -0.4434
vn 0.3740 0.8909 0.2577
vn 0.7436 -0.3221 0.5859
vn 0.7133 0.5911 -0.3766
vn 0.3848 -0.3762 -0.8428
vn -0.1401 0.6377 -0.7575
vn 0.1524 -0.9436 -0.2940
vn -0.3866 0.7302 -0.5633
vn -0.6739 0.7130 0.1935
vn 0.6242 0.2302 0.7466
vn 0.7379 0.6698 0.0829
vn 0.7122 -0.7013 -0.0306
vn 0.1570 0.9813 0.1110
vn -0.7737 0.5648 0.2870
vn 0.2229 0.5864 0.7787
vn -0.1516 0.7546 0.6385
vn -0.0826 0.3794 0.9215
vn -0.0173 0.5115 0.8591
vn 0.5561 -0.3303 0.7626
vn 0.8555 -0.4892 -0.1695
vn 0.2924 -0.9291 -0.2265
vn 0.2925 0.1482 -0.9447
vn 0.0398 -0.8053 -0.5915
vn -0.4128 -0.7807 -0.4691
vn -0.4784 -0.7325 -0.4844
vn -0.8249 -0.5276 -0.2031
vn -0.9834 -0.0322 -0.1788
vn -0.9571 -0.2587 -0.1307
vn 0.1732 -0.9817 0.0787
vn -0.1143 -0.9780 0.1746
vn -0.7600 -0.2786 0.5872
vn -0.4206 -0.6245 0.6581
vn -0.2478 -0.8440 0.4758
vn 0.2575 0.7466 -0.6135
vn 0.2439 0.9122 -0.3294
vn 0.5403 0.1212 -0.8327
vn 0.2972 0.7940 0.5304
vn 0.7168 0.6576 -0.2320
vn 0.1162 -0.5883 -0.8002
vn 0.8233 0.5627 0.0746
vn 0.8700 -0.0741 -0.4874
vn -0.4327 -0.7338 0.5238
vn -0.0416 0.0820 0.9958
vn 0.8437 -0.4845 0.2311
vn 0.3070 -0.9517 -0.0056
vn 0.5398 -0.8417 -0.0143
vn -0.7654 -0.5561 0.3239
vn -0.7985 -0.5906 -0.1163
vn -0.0251 -0.9265 -0.3754
vn 0.0101 0.5629 0.8265
vn -0.8646 0.4248 0.2685
vn 0.3103 0.8774 -0.3659
vn -0.5720 0.7308 -0.3724
vn -0.6164 0.6123 -0.4951
vn -0.4762 0.6213 -0.6223
vn 0.2370 -0.3441 0.9085
vn 0.9646 -0.1048 0.2422
vn -0.1645 0.8914 -0.4223
vn 0.0818 -0.7376 0.6703
vn 0.9411 0.3370 -0.0254
vn -0.1930 0.9453 -0.2629
vn 0.9082 -0.4127 -0.0705
vn -0.6043 -0.1616 -0.7802
vn -0.7144 -0.6828 -0.1532
vn -0.2846 -0.9518 0.1143
vn 0.4640 -0.6405 -0.6120
vn 0.1971 -0.0296 -0.9799
vn -0.6493 -0.3888 -0.6536
vn 0.3314 0.7481 -0.5749
vn -0.2597 0.9300 -0.2600
vn -0.2608 0.9299 -0.2595
vn -0.2661 0.9289 -0.2575
vn -0.2593 0.9302 -0.2600
vn -0.0439 -0.7948 0.6053
vn -0.8564 -0.0118 0.5161
vn -0.7899 0.3052 0.5319
vn 0.7884 -0.3810 -0.4830
vn 0.0304 0.0709 0.9970
vn 0.2278 0.9121 0.3409
vn 0.6207 0.7801 0.0782
vn 0.4347 0.1085 0.8940
vn 0.4583 0.8173 -0.3492
vn 0.1438 -0.7428 0.6538
vn -0.0378 0.8707 -0.4904
vn 0.9094 -0.4115 -0.0613
vn -0.6319 -0.7692 -0.0956
vn -0.2267 -0.9637 0.1408
vn 0.5446 -0.4816 -0.6866
vn 0.3154 -0.1636 -0.9348
vn -0.6306 -0.4214 -0.6518
vn 0.3123 -0.0615 -0.9480
vn -0.5517 0.5684 -0.6104
vn -0.2015 0.7363 -0.6459
vn -0.0198 -0.8216 0.5698
vn -0.7399 -0.4567 0.4940
vn -0.6793 0.4583 0.5732
vn 0.8607 0.3736 0.3458
vn -0.1162 0.7395 0.6631
vn 0.0742 0.9253 0.3719
vn -0.3289 0.9132 -0.2406
vn 0.0022 0.9121 -0.4099
vn -0.7714 0.5748 -0.2732
vn 0.7560 -0.0753 -0.6502
vn -0.1492 0.4679 -0.8711
vn -0.9265 0.3195 0.1989
vn 0.0925 0.0445 -0.9947
vn -0.7179 0.1534 -0.6791
vn 0.2877 -0.8557 0.4302
vn 0.6735 -0.7225 -0.1561
vn -0.1854 -0.6810 -0.7084
vn -0.5805 -0.8115 -0.0671
vn -0.5641 -0.7262 -0.3930
vn 0.2811 -0.4661 0.8389
vn -0.1622 -0.0519 0.9854
vn -0.8626 -0.2794 0.4218
vn 0.8735 -0.3594 -0.3284
vn 0.6775 0.2416 0.6947
vn -0.0740 0.8862 -0.4574
vn 0.0852 0.8872 0.4534
vn -0.0404 0.8640 0.5018
vn -0.1723 0.9042 0.3908
vn 0.2543 -0.8688 0.4249
vn -0.4802 -0.7312 0.4844
vn -0.4793 -0.8381 0.2607
vn -0.4661 -0.8418 0.2721
vn 0.6339 -0.7661 0.1065
vn -0.4120 -0.0525 0.9097
vn -0.9243 -0.3757 -0.0674
vn -0.9154 -0.3556 -0.1887
vn -0.5036 0.2552 -0.8253
vn -0.5909 -0.2471 -0.7680
vn -0.9039 -0.0859 -0.4190
vn -0.5804 -0.2700 -0.7683
vn -0.7909 -0.4874 -0.3700
vn 0.0142 -0.5501 -0.8350
vn -0.0945 -0.3940 -0.9142
vn 0.5617 0.7579 -0.3319
vn 0.6877 -0.5364 -0.4892
vn 0.1236 0.2063 -0.9706
vn -0.7593 0.6201 0.1971
vn -0.5646 0.8090 0.1637
vn -0.8747 0.4716 -0.1118
vn -0.9869 -0.1446 0.0720
vn -0.4740 -0.0040 -0.8805
vn -0.7487 0.5571 -0.3593
vn -0.7990 0.1467 -0.5832
vn 0.9431 -0.2617 -0.2048
vn 0.0245 0.6261 -0.7794
vn 0.4616 -0.5374 -0.7058
vn 0.8015 -0.4308 0.4147
vn 0.7163 0.6867 0.1240
vn -0.1074 0.9572 0.2688
vn -0.1060 0.9577 0.2676
vn -0.1072 0.9573 0.2686
vn -0.1575 0.6471 0.7460
vn 0.2582 0.7310 0.6317
vn -0.0873 0.9947 0.0544
vn -0.2646 0.9532 -0.1461
vn 0.5846 0.7002 0.4098
vn 0.5847 0.7002 0.4098
vn 0.5846 0.7001 0.4100
vn -0.0981 0.9604 0.2609
vn 0.2695 0.7776 0.5681
vn 0.5847 0.7002 0.4096
vn 0.4605 0.8286 -0.3184
vn 0.4774 -0.3673 -0.7983
vn 0.4410 0.8412 -0.3129
vn 0.0375 0.4184 -0.9075
vn -0.3314 0.8521 -0.4051
vn 0.5491 0.2496 0.7976
vn 0.9499 -0.3024 0.0790
vn -0.3395 0.3006 0.8913
vn 0.7468 0.0448 0.6636
vn 0.7832 -0.2720 0.5591
vn 0.8418 -0.4861 0.2349
vn 0.6450 -0.2838 -0.7095
vn 0.0739 0.3191 0.9448
vn 0.2517 0.0411 0.9669
vn 0.5588 -0.8276 -0.0536
vn 0.5717 -0.6979 -0.4314
vn -0.0373 -0.7849 -0.6185
vn 0.0008 -0.8134 -0.5817
vn 0.2849 -0.7353 0.6150
vn 0.8864 -0.4486 0.1141
vn 0.8638 -0.1314 0.4863
vn -0.0041 0.2235 -0.9747
vn 0.6734 0.6968 -0.2471
vn 0.3169 0.8948 -0.3144
vn 0.6456 0.6778 0.3518
vn -0.4844 0.7080 -0.5139
vn 0.0855 0.9916 0.0973
vn 0.0894 0.9110 0.4027
vn 0.1892 0.8556 0.4819
vn 0.3650 0.8656 -0.3428
vn -0.5267 0.7408 -0.4169
vn -0.4167 0.2053 -0.8856
vn 0.9153 0.0787 -0.3951
vn -0.6814 0.4260 0.5952
vn -0.7187 0.1569 0.6773
vn -0.7725 0.5949 0.2219
vn -0.1383 -0.1915 0.9717
vn 0.4719 0.8119 0.3437
vn -0.7284 -0.2252 -0.6471
vn 0.2977 0.8892 0.3473
vn -0.1660 0.9417 -0.2926
vn 0.6909 -0.7135 -0.1163
vn 0.5007 -0.4494 0.7398
vn 0.5971 0.8017 -0.0260
vn 0.5683 0.6093 -0.5530
vn 0.8215 0.5664 0.0658
vn 0.8517 -0.3789 -0.3619
vn 0.8337 -0.2567 -0.4890
vn -0.0490 0.4825 -0.8745
vn -0.1063 0.8940 0.4353
vn 0.1302 -0.9721 -0.1952
vn -0.1996 -0.6258 -0.7540
vn -0.0920 -0.1628 -0.9824
vn 0.0296 0.5984 -0.8007
vn 0.7227 -0.4533 0.5217
vn 0.2025 -0.6223 0.7561
vn -0.1214 -0.8990 0.4208
vn -0.0869 -0.9958 -0.0294
vn -0.6447 -0.7371 -0.2028
vn -0.1287 -0.2080 -0.9696
vn -0.7032 0.2858 -0.6510
vn -0.8092 -0.4989 0.3103
vn -0.7778 -0.6139 -0.1348
vn 0.4139 -0.6436 0.6438
vn -0.3991 -0.8665 0.2998
vn 0.8397 -0.2413 0.4865
vn -0.6239 -0.7332 -0.2703
vn 0.4403 -0.8858 -0.1465
vn 0.7917 0.1256 0.5978
vn 0.2555 -0.7334 -0.6300
vn 0.9653 -0.2562 -0.0504
vn -0.3416 0.7853 -0.5163
vn -0.5686 -0.0243 -0.8223
vn 0.6134 0.1004 -0.7833
vn 0.6435 0.6510 -0.4027
vn 0.7596 0.3778 -0.5294
vn 0.2291 -0.8273 -0.5129
vn -0.5897 0.8065 0.0429
vn -0.0976 0.7882 0.6077
vn 0.6639 0.7255 0.1811
vn -0.4874 0.1456 -0.8609
vn -0.8182 -0.3730 -0.4375
vn -0.9768 -0.1849 0.1079
vn -0.8668 0.3809 0.3219
vn -0.5304 0.0340 0.8471
vn 0.2317 0.7657 0.6000
vn 0.3406 0.1924 0.9203
vn 0.1984 -0.9444 0.2622
vn -0.5614 -0.5375 0.6292
vn -0.4107 -0.2649 0.8724
vn -0.1022 -0.2769 0.9555
vt 0.563800 0.931300
vt 0.539300 0.927300
vt 0.550800 0.926600
vt 0.537000 0.930000
vt 0.533800 0.931200
vt 0.500000 0.923400
vt 0.536600 0.901200
vt 0.535600 0.905800
vt 0.508200 0.906900
vt 0.499900 0.926700
vt 0.505800 0.921400
vt 0.562500 0.909700
vt 0.553400 0.911400
vt 0.509900 0.908400
vt 0.534700 0.906100
vt 0.546900 0.904100
vt 0.507700 0.902300
vt 0.513500 0.906300
vt 0.487700 0.904500
vt 0.481900 0.900300
vt 0.557600 0.924500
vt 0.597200 0.925800
vt 0.570300 0.922400
vt 0.572400 0.923400
vt 0.560700 0.925400
vt 0.556800 0.917600
vt 0.556000 0.917200
vt 0.543800 0.917800
vt 0.549500 0.908100
vt 0.548900 0.914100
vt 0.501500 0.895600
vt 0.514700 0.905200
vt 0.523100 0.900600
vt 0.562900 0.907100
vt 0.550400 0.901400
vt 0.520400 0.914100
vt 0.517500 0.910800
vt 0.510300 0.916000
vt 0.559000 0.910300
vt 0.612700 0.948400
vt 0.585200 0.951900
vt 0.578400 0.946600
vt 0.547800 0.940900
vt 0.557300 0.941000
vt 0.558900 0.949100
vt 0.575700 0.946700
vt 0.543600 0.944700
vt 0.599100 0.907400
vt 0.552000 0.938100
vt 0.569400 0.922800
vt 0.541200 0.934600
vt 0.607800 0.903200
vt 0.582100 0.910200
vt 0.561000 0.922000
vt 0.561200 0.922700
vt 0.553200 0.933200
vt 0.544700 0.926000
vt 0.527000 0.922100
vt 0.532200 0.926900
vt 0.535500 0.935600
vt 0.535700 0.934500
vt 0.538300 0.930300
vt 0.520200 0.922400
vt 0.492100 0.910700
vt 0.499000 0.904000
vt 0.508400 0.922900
vt 0.585100 0.896600
vt 0.601100 0.896800
vt 0.575200 0.901400
vt 0.549200 0.916000
vt 0.526300 0.904000
vt 0.573800 0.880000
vt 0.600200 0.877900
vt 0.549800 0.873900
vt 0.556100 0.880100
vt 0.565100 0.876800
vt 0.547000 0.877700
vt 0.539800 0.862700
vt 0.554800 0.871800
vt 0.482900 0.899200
vt 0.479700 0.908500
vt 0.473400 0.910400
vt 0.478900 0.889300
vt 0.475400 0.877900
vt 0.477900 0.884400
vt 0.463900 0.885900
vt 0.476300 0.853400
vt 0.484400 0.861700
vt 0.487000 0.867300
vt 0.425100 0.874200
vt 0.452900 0.878400
vt 0.458000 0.859500
vt 0.484100 0.857500
vt 0.475400 0.844900
vt 0.421500 0.866300
vt 0.465200 0.847400
vt 0.488700 0.837400
vt 0.500400 0.819800
vt 0.479300 0.826300
vt 0.525000 0.813200
vt 0.496700 0.829300
vt 0.506500 0.815000
vt 0.505400 0.828900
vt 0.537400 0.819500
vt 0.524500 0.819500
vt 0.524700 0.813500
vt 0.517400 0.823800
vt 0.479100 0.832600
vt 0.477600 0.827300
vt 0.510300 0.813200
vt 0.517200 0.813300
vt 0.497100 0.837200
vt 0.503500 0.827300
vt 0.500000 0.840800
vt 0.495900 0.834700
vt 0.516600 0.847300
vt 0.499800 0.843900
vt 0.525000 0.849300
vt 0.532600 0.851700
vt 0.528900 0.861600
vt 0.533900 0.863800
vt 0.517200 0.856000
vt 0.539200 0.845500
vt 0.533400 0.843100
vt 0.496700 0.847900
vt 0.498300 0.861200
vt 0.499300 0.866400
vt 0.529300 0.869500
vt 0.519800 0.867300
vt 0.526000 0.861600
vt 0.535500 0.859100
vt 0.485100 0.842400
vt 0.467700 0.848900
vt 0.420800 0.865800
vt 0.432200 0.860500
vt 0.416600 0.863700
vt 0.368800 0.870500
vt 0.373400 0.862700
vt 0.361500 0.900000
vt 0.394900 0.904700
vt 0.403700 0.893300
vt 0.212500 0.881500
vt 0.226000 0.871600
vt 0.219400 0.877200
vt 0.220500 0.889200
vt 0.214900 0.899300
vt 0.232100 0.904200
vt 0.222000 0.914400
vt 0.218200 0.908900
vt 0.289100 0.911400
vt 0.288700 0.918700
vt 0.266600 0.928300
vt 0.245900 0.932100
vt 0.236800 0.918900
vt 0.260200 0.922300
vt 0.219900 0.916200
vt 0.229900 0.914000
vt 0.225600 0.906300
vt 0.235500 0.924300
vt 0.251400 0.919300
vt 0.253600 0.922700
vt 0.232700 0.917000
vt 0.263300 0.922600
vt 0.273600 0.923000
vt 0.273100 0.927000
vt 0.286600 0.921900
vt 0.237700 0.937300
vt 0.224900 0.931600
vt 0.227700 0.925400
vt 0.222100 0.937100
vt 0.227100 0.946800
vt 0.256600 0.943700
vt 0.250000 0.941000
vt 0.238700 0.952400
vt 0.251800 0.943600
vt 0.233400 0.949800
vt 0.257700 0.927400
vt 0.212900 0.954900
vt 0.376600 0.912100
vt 0.350900 0.905500
vt 0.347800 0.906500
vt 0.376500 0.907700
vt 0.358400 0.895100
vt 0.395600 0.902900
vt 0.397800 0.915500
vt 0.421400 0.919400
vt 0.411600 0.916000
vt 0.432600 0.927500
vt 0.400800 0.917300
vt 0.415900 0.929100
vt 0.398100 0.922600
vt 0.379900 0.908700
vt 0.412400 0.931400
vt 0.410900 0.904700
vt 0.473000 0.911600
vt 0.481600 0.903300
vt 0.495000 0.915500
vt 0.462900 0.908800
vt 0.433800 0.900000
vt 0.453500 0.905600
vt 0.449100 0.900100
vt 0.437600 0.903100
vt 0.389000 0.881700
vt 0.428300 0.870500
vt 0.440200 0.875700
vt 0.470100 0.894300
vt 0.452300 0.893800
vt 0.363800 0.866300
vt 0.365000 0.877300
vt 0.330700 0.872300
vt 0.289100 0.865000
vt 0.295200 0.879700
vt 0.232500 0.856700
vt 0.223100 0.860400
vt 0.223500 0.865500
vt 0.230300 0.854300
vt 0.302600 0.852500
vt 0.246200 0.850000
vt 0.303400 0.856800
vt 0.364800 0.859700
vt 0.353200 0.857100
vt 0.327700 0.861100
vt 0.314500 0.872900
vt 0.254500 0.854800
vt 0.289800 0.866400
vt 0.266100 0.850700
vt 0.234700 0.835600
vt 0.244900 0.842800
vt 0.221900 0.836100
vt 0.221800 0.837100
vt 0.225800 0.849500
vt 0.236800 0.847900
vt 0.245800 0.873600
vt 0.304500 0.855000
vt 0.333500 0.848800
vt 0.318400 0.859300
vt 0.228100 0.835600
vt 0.243800 0.833700
vt 0.230400 0.823600
vt 0.291000 0.850600
vt 0.219400 0.824600
vt 0.223300 0.826400
vt 0.216700 0.826200
vt 0.250300 0.863400
vt 0.228100 0.851900
vt 0.356700 0.842600
vt 0.348000 0.853800
vt 0.289500 0.854100
vt 0.218700 0.866000
vt 0.221600 0.841900
vt 0.339400 0.885400
vt 0.306700 0.894600
vt 0.256400 0.901000
vt 0.235200 0.868700
vt 0.212200 0.886100
vt 0.410300 0.904200
vt 0.408800 0.913100
vt 0.218500 0.914100
vt 0.226500 0.925600
vt 0.213200 0.936600
vt 0.220300 0.909900
vt 0.322900 0.894800
vt 0.270100 0.915700
vt 0.326000 0.901800
vt 0.262300 0.881600
vt 0.291100 0.890500
vt 0.244100 0.898900
vt 0.230500 0.891500
vt 0.223200 0.885200
vt 0.216300 0.882300
vt 0.217500 0.893100
vt 0.214300 0.888400
vt 0.226000 0.897200
vt 0.243400 0.931900
vt 0.262400 0.928100
vt 0.217300 0.940500
vt 0.217800 0.944000
vt 0.219700 0.936600
vt 0.248900 0.938700
vt 0.249400 0.928300
vt 0.237200 0.937800
vt 0.281500 0.918700
vt 0.313300 0.916700
vt 0.269500 0.909000
vt 0.403400 0.884000
vt 0.354300 0.884300
vt 0.426600 0.891600
vt 0.474700 0.889500
vt 0.475000 0.878800
vt 0.479600 0.873000
vt 0.522300 0.917600
vt 0.509400 0.921300
vt 0.472800 0.967200
vt 0.474200 0.973000
vt 0.466500 0.960600
vt 0.462100 0.962900
vt 0.456200 0.961400
vt 0.464500 0.963900
vt 0.460100 0.963900
vt 0.458400 0.957800
vt 0.511800 0.941700
vt 0.484700 0.940500
vt 0.486500 0.941100
vt 0.501000 0.937300
vt 0.473400 0.942700
vt 0.457000 0.953100
vt 0.473400 0.946000
vt 0.464000 0.946800
vt 0.449900 0.957300
vt 0.460100 0.959600
vt 0.453600 0.950400
vt 0.445900 0.945800
vt 0.427600 0.942000
vt 0.449700 0.949600
vt 0.432400 0.939600
vt 0.433600 0.938300
vt 0.428600 0.950900
vt 0.419500 0.940600
vt 0.433500 0.952800
vt 0.421300 0.934000
vt 0.416300 0.924900
vt 0.420900 0.933400
vt 0.423400 0.923300
vt 0.421800 0.932700
vt 0.424200 0.936100
vt 0.417100 0.935500
vt 0.424600 0.929700
vt 0.428600 0.930900
vt 0.487300 0.910000
vt 0.483200 0.914600
vt 0.480500 0.908600
vt 0.507700 0.924000
vt 0.487500 0.902400
vt 0.478100 0.909100
vt 0.486400 0.908600
vt 0.464700 0.906700
vt 0.479000 0.900100
vt 0.468700 0.911900
vt 0.417000 0.928300
vt 0.419800 0.915700
vt 0.412400 0.917600
vt 0.418000 0.921500
vt 0.428200 0.927000
vt 0.426900 0.926000
vt 0.425200 0.920100
vt 0.428800 0.935200
vt 0.448500 0.905900
vt 0.443600 0.918900
vt 0.438900 0.916400
vt 0.449000 0.908100
vt 0.436300 0.912600
vt 0.413100 0.913300
vt 0.421700 0.917100
vt 0.416900 0.907400
vt 0.432300 0.923100
vt 0.411300 0.927000
vt 0.423100 0.932800
vt 0.417800 0.931500
vt 0.423000 0.927600
vt 0.416000 0.933100
vt 0.462800 0.898800
vt 0.481400 0.895400
vt 0.463300 0.893000
vt 0.477300 0.881700
vt 0.431900 0.893600
vt 0.486200 0.892000
vt 0.470800 0.909300
vt 0.479800 0.894700
vt 0.470200 0.904700
vt 0.476900 0.896100
vt 0.469200 0.885000
vt 0.450800 0.885300
vt 0.469300 0.875100
vt 0.462000 0.874100
vt 0.460200 0.877400
vt 0.476000 0.887300
vt 0.480300 0.881100
vt 0.471400 0.875400
vt 0.477900 0.882300
vt 0.463700 0.877800
vt 0.462700 0.863100
vt 0.466200 0.866000
vt 0.458900 0.867900
vt 0.562100 0.877100
vt 0.554700 0.880000
vt 0.542500 0.870500
vt 0.596200 0.886300
vt 0.563200 0.878000
vt 0.581500 0.885100
vt 0.550500 0.883800
vt 0.547800 0.873400
vt 0.555800 0.881400
vt 0.542600 0.879600
vt 0.575800 0.887800
vt 0.528400 0.877200
vt 0.532400 0.875500
vt 0.530600 0.864000
vt 0.522400 0.862800
vt 0.531700 0.856400
vt 0.539900 0.866900
vt 0.542300 0.874200
vt 0.545400 0.867700
vt 0.530700 0.869900
vt 0.526600 0.852000
vt 0.521100 0.853000
vt 0.525700 0.849900
vt 0.549200 0.838100
vt 0.553100 0.834100
vt 0.543300 0.856200
vt 0.558100 0.843900
vt 0.550200 0.844900
vt 0.566300 0.838900
vt 0.552000 0.840300
vt 0.540400 0.863400
vt 0.542400 0.856600
vt 0.543000 0.871900
vt 0.505300 0.864900
vt 0.504400 0.858500
vt 0.505900 0.850900
vt 0.599700 0.828600
vt 0.580600 0.828100
vt 0.537400 0.806800
vt 0.583600 0.808600
vt 0.544100 0.804600
vt 0.545300 0.804100
vt 0.536400 0.808100
vt 0.522200 0.806500
vt 0.543300 0.803400
vt 0.532900 0.801000
vt 0.432100 0.843400
vt 0.434700 0.835300
vt 0.439100 0.842700
vt 0.422800 0.835800
vt 0.433500 0.832800
vt 0.428600 0.835600
vt 0.417600 0.824400
vt 0.396600 0.829400
vt 0.406400 0.828700
vt 0.406100 0.828800
vt 0.411800 0.825800
vt 0.417800 0.832300
vt 0.422400 0.827400
vt 0.399500 0.824300
vt 0.412500 0.817200
vt 0.393500 0.829400
vt 0.398000 0.828400
vt 0.423000 0.805500
vt 0.418700 0.814200
vt 0.408900 0.821100
vt 0.418400 0.803200
vt 0.415900 0.802200
vt 0.426100 0.793800
vt 0.487800 0.865600
vt 0.512500 0.842900
vt 0.517600 0.846500
vt 0.540100 0.861600
vt 0.550000 0.856300
vt 0.547300 0.855500
vt 0.603000 0.861600
vt 0.565800 0.863900
vt 0.575400 0.865000
vt 0.535200 0.860600
vt 0.562000 0.838500
vt 0.544700 0.846300
vt 0.556700 0.837500
vt 0.558400 0.834800
vt 0.584100 0.830500
vt 0.544200 0.839500
vt 0.552400 0.839800
vt 0.535000 0.849900
vt 0.545300 0.848200
vt 0.589900 0.800400
vt 0.574300 0.799100
vt 0.534800 0.807600
vt 0.556300 0.803400
vt 0.547800 0.798500
vt 0.596500 0.815700
vt 0.570700 0.815200
vt 0.550800 0.819400
vt 0.531200 0.816200
vt 0.537500 0.811000
vt 0.577600 0.811700
vt 0.539500 0.809400
vt 0.530200 0.808100
vt 0.533600 0.813400
vt 0.571000 0.798700
vt 0.554500 0.802300
vt 0.545500 0.803200
vt 0.539100 0.801000
vt 0.536700 0.800700
vt 0.521600 0.803500
vt 0.530800 0.802500
vt 0.526000 0.810300
vt 0.470300 0.856900
vt 0.444000 0.821100
vt 0.452100 0.817000
vt 0.429000 0.821500
vt 0.424900 0.823000
vt 0.408700 0.831200
vt 0.405800 0.833100
vt 0.408100 0.828400
vt 0.396900 0.828500
vt 0.393800 0.826300
vt 0.423000 0.807200
vt 0.396200 0.820100
vt 0.392400 0.818300
vt 0.405100 0.812000
vt 0.413500 0.913000
vt 0.213500 0.951400
vt 0.214400 0.907900
vt 0.211600 0.914800
vt 0.215600 0.914000
vt 0.215800 0.910100
vt 0.226600 0.909000
vt 0.247900 0.910100
vt 0.233000 0.941400
vt 0.233600 0.912400
vt 0.307200 0.919500
vt 0.226500 0.866700
vt 0.399300 0.825000
vt 0.396600 0.823000
vt 0.358400 0.851600
vt 0.342800 0.845300
vt 0.385700 0.831600
vt 0.386100 0.825600
vt 0.373900 0.832900
vt 0.382900 0.826300
vt 0.392800 0.832800
vt 0.358600 0.839000
vt 0.373500 0.832000
vt 0.370000 0.828800
vt 0.370200 0.827900
vt 0.372900 0.839400
vt 0.361900 0.846600
vt 0.387200 0.832400
vt 0.386000 0.824400
vt 0.390400 0.824500
vt 0.354000 0.852400
vt 0.235300 0.844700
vt 0.575200 0.910300
vt 0.534500 0.923400
vt 0.472200 0.874400
vt 0.473900 0.866200
vt 0.524200 0.848400
vt 0.510400 0.850100
vt 0.219500 0.954800
vt 0.326900 0.846800
vt 0.326500 0.846300
vt 0.214900 0.886500
vt 0.254800 0.916000
vt 0.443800 0.919800
vt 0.471500 0.911300
vt 0.476400 0.855600
vt 0.558600 0.815500
vt 0.392700 0.826300
vt 0.448800 0.088700
vt 0.283300 0.145000
vt 0.382500 0.109300
vt 0.400900 0.135100
vt 0.266000 0.259000
vt 0.340300 0.231400
vt 0.458400 0.285600
vt 0.289900 0.284500
vt 0.517700 0.233100
vt 0.430600 0.464800
vt 0.546400 0.401400
vt 0.503000 0.406300
vt 0.395600 0.426000
vt 0.412200 0.353200
vt 0.300000 0.397700
vt 0.435300 0.357700
vt 0.320400 0.305800
vt 0.566900 0.312500
vt 0.459600 0.218200
vt 0.543100 0.177900
vt 0.464800 0.130300
vt 0.300400 0.186200
vt 0.367100 0.159500
vt 0.417200 0.176400
vt 0.283300 0.299500
vt 0.357100 0.272000
vt 0.474300 0.325900
vt 0.307000 0.324800
vt 0.533300 0.273700
vt 0.446700 0.503900
vt 0.561800 0.440900
vt 0.518600 0.445800
vt 0.448300 0.489100
vt 0.428400 0.393000
vt 0.361100 0.432200
vt 0.359600 0.485100
vt 0.292200 0.409400
vt 0.451400 0.397500
vt 0.340700 0.393000
vt 0.582100 0.352600
vt 0.334200 0.303500
vt 0.475500 0.258900
vt 0.558400 0.219000
vt 0.445600 0.138100
vt 0.262500 0.207700
vt 0.380700 0.287200
vt 0.328000 0.246000
vt 0.353200 0.355300
vt 0.347200 0.361100
vt 0.230000 0.341000
vt 0.186500 0.278100
vt 0.156200 0.420600
vt 0.086400 0.311600
vt 0.143900 0.385900
vt 0.223800 0.435400
vt 0.245000 0.396100
vt 0.296100 0.438500
vt 0.166400 0.337600
vt 0.282800 0.353800
vt 0.187800 0.243900
vt 0.154900 0.210900
vt 0.174400 0.483100
vt 0.171300 0.310000
vt 0.191600 0.385300
vt 0.275300 0.282000
vt 0.359100 0.359200
vt 0.315600 0.242000
vt 0.340000 0.438600
vt 0.423500 0.348600
vt 0.405200 0.478400
vt 0.444400 0.378100
vt 0.416900 0.309800
vt 0.342700 0.245600
vt 0.332600 0.415600
vt 0.254900 0.330700
vt 0.204300 0.461700
vt 0.277800 0.522500
vt 0.390300 0.359200
vt 0.527600 0.345300
vt 0.520600 0.444500
vt 0.234400 0.302800
vt 0.281300 0.373800
vt 0.226700 0.390300
vt 0.437000 0.189500
vt 0.299500 0.233100
vt 0.323800 0.313300
vt 0.546100 0.295100
vt 0.638500 0.389200
vt 0.615400 0.411800
vt 0.384700 0.437100
vt 0.499200 0.471600
vt 0.399000 0.421900
vt 0.478000 0.633100
vt 0.325900 0.503400
vt 0.451100 0.704200
vt 0.358800 0.642700
vt 0.247900 0.486700
vt 0.354700 0.568000
vt 0.475000 0.561500
vt 0.598300 0.517000
vt 0.585300 0.567500
vt 0.588400 0.457300
vt 0.434500 0.288800
vt 0.233600 0.365300
vt 0.277900 0.477200
vt 0.377500 0.506300
vt 0.557800 0.251700
vt 0.520100 0.311300
vt 0.606300 0.305400
vt 0.514800 0.164300
vt 0.402900 0.146900
vt 0.307700 0.247100
vt 0.422400 0.217000
vt 0.317500 0.216700
vt 0.270600 0.194600
vt 0.429400 0.226300
vt 0.412200 0.278400
vt 0.306300 0.365800
vt 0.207300 0.320900
vt 0.213200 0.230100
vt 0.227600 0.346400
vt 0.497000 0.459900
vt 0.283000 0.481400
vt 0.453100 0.495500
vt 0.352600 0.402900
vt 0.285000 0.502000
vt 0.209400 0.451900
vt 0.196200 0.408000
vt 0.399700 0.419400
vt 0.446300 0.457600
vt 0.545400 0.421100
vt 0.498200 0.399500
vt 0.396600 0.371200
vt 0.278200 0.307600
vt 0.480000 0.335000
vt 0.490200 0.251100
vt 0.534800 0.370800
vt 0.544000 0.347100
vt 0.460500 0.322800
vt 0.203500 0.269400
vt 0.341700 0.246700
vt 0.340900 0.269300
vt 0.305100 0.156100
vt 0.192200 0.322600
vt 0.394700 0.164500
vt 0.206900 0.244600
vt 0.292600 0.472700
vt 0.254500 0.372900
vt 0.164900 0.474800
vt 0.414800 0.387300
vt 0.509000 0.348500
vt 0.524500 0.532800
vt 0.362200 0.592500
vt 0.230900 0.500000
vt 0.566600 0.305900
vt 0.494600 0.278700
vt 0.503300 0.184400
vt 0.335300 0.186400
vt 0.273400 0.122100
vt 0.276800 0.258200
vt 0.199200 0.147600
vt 0.203300 0.168000
vt 0.325700 0.303900
vt 0.177000 0.293900
vt 0.321000 0.223600
vt 0.165600 0.258000
vt 0.270400 0.350900
vt 0.198800 0.380300
vt 0.257400 0.229400
vt 0.545100 0.313500
vt 0.443900 0.181900
vt 0.548400 0.273900
vt 0.283400 0.144000
vt 0.356700 0.154600
vt 0.316300 0.461400
vt 0.195200 0.519900
vt 0.311500 0.539600
vt 0.240500 0.586200
vt 0.312700 0.587400
vt 0.312100 0.637300
vt 0.406400 0.620800
vt 0.205400 0.534400
vt 0.556900 0.440000
vt 0.563800 0.431000
vt 0.491000 0.500800
vt 0.096100 0.350800
vt 0.084500 0.426400
vt 0.120400 0.415400
vt 0.170800 0.457300
vt 0.242400 0.324600
vt 0.407800 0.399500
vt 0.297100 0.515900
vt 0.214900 0.471500
vt 0.498200 0.429900
vt 0.390500 0.563700
vt 0.243200 0.398400
vt 0.215600 0.216600
vt 0.363000 0.180500
vt 0.464100 0.298600
vt 0.347900 0.332800
vt 0.181800 0.258200
vt 0.164100 0.218500
vt 0.435500 0.269400
vt 0.538000 0.339000
vt 0.292900 0.246700
vt 0.105400 0.492700
vt 0.446400 0.441300
vt 0.376800 0.384000
vt 0.542000 0.551500
vt 0.443900 0.565500
vt 0.482800 0.238300
vt 0.451100 0.179700
vt 0.515900 0.288500
vt 0.361400 0.177100
vt 0.435300 0.236600
vt 0.537200 0.301600
vt 0.415800 0.309100
vt 0.321300 0.241200
vt 0.391400 0.313100
vt 0.403100 0.352000
vt 0.475100 0.341100
vt 0.384100 0.232900
vt 0.254900 0.486900
vt 0.232400 0.307700
vt 0.135800 0.370300
vt 0.525200 0.309700
vt 0.527200 0.489900
vt 0.513600 0.465500
vt 0.386000 0.222600
vt 0.463500 0.235100
vt 0.283500 0.175600
vt 0.167300 0.231500
vt 0.186300 0.529400
vt 0.322600 0.325300
vt 0.410300 0.419500
vt 0.207500 0.407900
vt 0.327300 0.525000
vt 0.143900 0.473000
vt 0.210300 0.562700
vt 0.307100 0.647900
vt 0.167300 0.581700
vt 0.101400 0.450600
vt 0.109100 0.284000
vt 0.141200 0.304300
vt 0.262900 0.241600
vt 0.450100 0.282300
vt 0.429200 0.624500
vt 0.457100 0.612900
vt 0.295700 0.618300
vt 0.482000 0.364300
vt 0.426200 0.512400
vt 0.374000 0.388400
vt 0.314600 0.242400
vt 0.248000 0.173300
vt 0.251600 0.319800
vt 0.168000 0.200700
vt 0.172500 0.222700
vt 0.304300 0.369000
vt 0.144200 0.358200
vt 0.299200 0.282500
vt 0.132000 0.319600
vt 0.244700 0.419600
vt 0.167700 0.451200
vt 0.230700 0.288800
vt 0.470700 0.372800
vt 0.397800 0.228900
vt 0.343700 0.304100
vt 0.295800 0.223200
vt 0.199000 0.160200
vt 0.349300 0.464800
vt 0.066000 0.273700
vt 0.189000 0.335900
vt 0.460700 0.436300
vt 0.165600 0.314500
vt 0.289200 0.525600
vt 0.083600 0.423600
vt 0.374900 0.406000
vt 0.414700 0.377600
vt 0.582500 0.366200
vt 0.389500 0.589900
vt 0.510400 0.154400
vt 0.501400 0.447700
vt 0.336600 0.529300
vt 0.334500 0.404600
vt 0.316700 0.084100
vt 0.205000 0.187100
vt 0.077900 0.380900
vt 0.413900 0.155000
vt 0.296600 0.429200
vt 0.494800 0.336200
vt 0.432900 0.526000
vt 0.326300 0.317200
vt 0.371800 0.199400
vt 0.304000 0.521300
vt 0.500100 0.283400
vt 0.371400 0.535900
vt 0.216400 0.422500
vt 0.310400 0.153400
vt 0.183400 0.268900
vt 0.405100 0.280900
vt 0.495500 0.342100
vt 0.360700 0.364100
vt 0.231400 0.375900
vt 0.177100 0.229900
vt 0.175700 0.334700
vt 0.263600 0.184100
vt 0.401300 0.203200
vt 0.301600 0.249100
vt 0.277500 0.165200
vt 0.338200 0.201300
vt 0.409400 0.306600
vt 0.444100 0.272700
vt 0.134400 0.325000
vt 0.307200 0.502000
vt 0.229600 0.360300
vt 0.200500 0.357200
vt 0.358500 0.427300
vt 0.418200 0.435400
vt 0.288200 0.317300
vt 0.132100 0.286800
vt 0.396400 0.329000
vt 0.233000 0.227400
vt 0.152400 0.226400
vt 0.181400 0.257000
vt 0.300400 0.341800
vt 0.460200 0.245200
vt 0.396600 0.188400
vt 0.396000 0.260800
vt 0.319200 0.214300
vt 0.323700 0.213600
vt 0.447000 0.286600
vt 0.296900 0.279500
vt 0.310600 0.319000
vt 0.394300 0.310100
vt 0.438000 0.235400
vt 0.077700 0.237700
vt 0.166300 0.340000
vt 0.201000 0.275200
vt 0.139500 0.207300
vt 0.210100 0.303400
vt 0.305400 0.291200
vt 0.147800 0.184900
vt 0.287500 0.209800
vt 0.515600 0.187400
vt 0.536400 0.178200
vt 0.544000 0.117800
vt 0.483400 0.135400
vt 0.419900 0.299900
vt 0.446500 0.184900
vt 0.355400 0.211700
vt 0.436100 0.079500
vt 0.419600 0.122000
vt 0.399400 0.185100
vt 0.276800 0.189000
vt 0.214800 0.201900
vt 0.249800 0.327600
vt 0.173100 0.195400
vt 0.176200 0.297500
vt 0.297900 0.291800
vt 0.191900 0.369200
vt 0.183000 0.253400
vt 0.278500 0.258800
vt 0.233400 0.366000
vt 0.238200 0.173800
vt 0.357400 0.308100
vt 0.396700 0.331000
vt 0.422200 0.508900
vt 0.211700 0.345100
vt 0.331700 0.481300
vt 0.410200 0.455000
vt 0.221000 0.583800
vt 0.068500 0.409900
vt 0.128300 0.383700
vt 0.141700 0.594000
vt 0.244500 0.464500
vt 0.175700 0.273300
vt 0.584500 0.184500
vt 0.550700 0.206700
vt 0.587200 0.463100
vt 0.285200 0.226900
vt 0.457300 0.423200
vt 0.570000 0.385400
vt 0.298600 0.570900
vt 0.451900 0.168600
vt 0.079700 0.320300
vt 0.165500 0.282600
vt 0.184600 0.585700
vt 0.332200 0.399000
vt 0.233500 0.123500
vt 0.530200 0.208900
vt 0.487200 0.400500
vt 0.373600 0.230400
vt 0.455500 0.506800
vt 0.227200 0.389500
vt 0.131500 0.233400
vt 0.194400 0.127800
vt 0.244700 0.418300
vt 0.252800 0.182200
vt 0.106400 0.306600
vt 0.275500 0.541500
vt 0.132900 0.387500
vt 0.413800 0.353900
vt 0.466500 0.468900
vt 0.504200 0.229500
vt 0.372900 0.073400
vt 0.311300 0.289700
vt 0.218100 0.217800
vt 0.261300 0.312000
vt 0.104600 0.246100
vt 0.110000 0.268800
vt 0.300000 0.416200
vt 0.049700 0.357900
vt 0.194900 0.412100
vt 0.291100 0.334500
vt 0.052600 0.366200
vt 0.209600 0.474200
vt 0.095100 0.507400
vt 0.080200 0.439200
vt 0.192500 0.338500
vt 0.290700 0.375000
vt 0.164500 0.348600
vt 0.299500 0.500900
vt 0.141900 0.221400
vt 0.151200 0.398300
vt 0.396000 0.441000
vt 0.267800 0.377100
vt 0.329200 0.273800
vt 0.254100 0.171600
vt 0.391200 0.189200
vt 0.395000 0.309100
vt 0.463100 0.309900
vt 0.320800 0.279700
vt 0.336500 0.152200
vt 0.159600 0.207100
vt 0.415900 0.254900
vt 0.207000 0.164000
vt 0.188400 0.433100
vt 0.195900 0.335200
vt 0.068800 0.336700
vt 0.338600 0.456400
vt 0.414600 0.620800
vt 0.427800 0.711700
vt 0.210200 0.627500
vt 0.119300 0.432200
vt 0.177000 0.650400
vt 0.310900 0.692600
vt 0.462600 0.473100
vt 0.514700 0.526200
vt 0.459500 0.427200
vt 0.508200 0.363200
vt 0.495200 0.249700
vt 0.360700 0.145400
vt 0.508100 0.189600
vt 0.158200 0.229200
vt 0.293000 0.153900
vt 0.551800 0.379200
vt 0.228600 0.295700
vt 0.471500 0.297000
vt 0.495200 0.396100
vt 0.117500 0.461100
vt 0.350300 0.601300
vt 0.289600 0.543100
vt 0.306500 0.376100
vt 0.256000 0.453900
vt 0.385700 0.371900
vt 0.171100 0.318900
vt 0.300800 0.302400
vt 0.345200 0.240900
vt 0.412400 0.375600
vt 0.421100 0.223300
vt 0.299000 0.139500
vt 0.393700 0.195900
vt 0.305500 0.368800
vt 0.220600 0.455500
vt 0.146700 0.485100
vt 0.316400 0.561500
vt 0.431800 0.558800
vt 0.374900 0.559400
vt 0.376900 0.611800
vt 0.227400 0.603400
vt 0.316900 0.630500
vt 0.275800 0.447600
vt 0.347900 0.457000
vt 0.168800 0.502100
vt 0.216600 0.362000
vt 0.111300 0.404700
vt 0.451800 0.481800
vt 0.365800 0.263100
vt 0.346900 0.382600
vt 0.179700 0.290600
vt 0.236000 0.187300
vt 0.220300 0.180900
vt 0.522800 0.306900
vt 0.523100 0.245900
vt 0.608000 0.325900
vt 0.452800 0.260500
vt 0.573200 0.289100
vt 0.564400 0.413300
vt 0.545700 0.364900
vt 0.623400 0.411000
vt 0.489100 0.376500
vt 0.395800 0.369500
vt 0.394300 0.453400
vt 0.500300 0.490800
vt 0.569400 0.434000
vt 0.460000 0.482000
vt 0.377700 0.348400
vt 0.429500 0.326400
vt 0.396500 0.278800
vt 0.424000 0.182600
vt 0.140700 0.242000
vt 0.178000 0.173700
vt 0.495400 0.177600
vt 0.597500 0.321000
vt 0.468700 0.362000
vt 0.250500 0.370000
vt 0.333600 0.586000
vt 0.471900 0.394600
vt 0.097900 0.391600
vt 0.548400 0.485000
vt 0.467400 0.496500
vt 0.560100 0.336200
vt 0.237200 0.256900
vt 0.106400 0.307200
vt 0.255700 0.451800
vt 0.436500 0.215200
vt 0.105800 0.371100
vt 0.228400 0.345800
vt 0.358200 0.264200
vt 0.304300 0.140200
vt 0.330900 0.342200
vt 0.343800 0.424600
vt 0.460200 0.370200
vt 0.347500 0.508300
vt 0.481500 0.460000
vt 0.427300 0.285200
vt 0.542100 0.362100
vt 0.546100 0.339000
vt 0.279100 0.302000
vt 0.342800 0.390700
vt 0.331000 0.240500
vt 0.493200 0.289100
vt 0.253400 0.362300
vt 0.412600 0.385700
vt 0.280400 0.367500
vt 0.344300 0.272200
vt 0.427600 0.413800
vt 0.352900 0.394900
vt 0.315700 0.432300
vt 0.265300 0.221500
vt 0.324900 0.294300
vt 0.351100 0.464900
vt 0.203000 0.317900
vt 0.205300 0.426300
vt 0.203200 0.276600
vt 0.227800 0.411000
vt 0.417100 0.642700
vt 0.481100 0.541700
vt 0.531200 0.454900
vt 0.404600 0.386700
vt 0.552400 0.313300
vt 0.417800 0.544900
vt 0.476600 0.171000
vt 0.314900 0.619900
vt 0.314900 0.252700
vt 0.228600 0.441300
vt 0.345700 0.194500
vt 0.288700 0.446300
vt 0.236900 0.529000
vt 0.350000 0.568900
vt 0.237500 0.494300
vt 0.523500 0.566200
vt 0.408300 0.492400
vt 0.189600 0.399400
vt 0.384500 0.297000
vt 0.255800 0.364900
vt 0.266200 0.464200
vt 0.505200 0.358000
vt 0.305200 0.283700
vt 0.358700 0.208000
vt 0.422700 0.452300
vt 0.457600 0.317600
vt 0.470100 0.359200
vt 0.104500 0.368700
vt 0.161300 0.275800
vt 0.209900 0.363400
vt 0.126500 0.372500
vt 0.371000 0.469600
vt 0.154900 0.541400
vt 0.100500 0.493800
vt 0.407500 0.532200
vt 0.466000 0.482300
vt 0.265000 0.551700
vt 0.581600 0.183400
vt 0.562800 0.194400
vt 0.609200 0.282700
vt 0.415400 0.204400
vt 0.511000 0.301300
vt 0.573500 0.282700
vt 0.420800 0.355500
vt 0.544200 0.378100
vt 0.507900 0.175600
vt 0.301200 0.250500
vt 0.348900 0.231900
vt 0.359500 0.381600
vt 0.425800 0.403500
vt 0.441400 0.289400
vt 0.386700 0.153300
vt 0.059900 0.460800
vt 0.248000 0.498500
vt 0.157100 0.650200
vt 0.185300 0.304500
vt 0.071500 0.580500
vt 0.332600 0.450300
vt 0.230400 0.628600
vt 0.140800 0.440800
vt 0.301900 0.228600
vt 0.270500 0.276200
vt 0.417700 0.399800
vt 0.382100 0.504600
vt 0.382200 0.457600
vt 0.280600 0.404000
vt 0.167600 0.235500
vt 0.099600 0.335700
vt 0.155200 0.235000
s 1
usemtl fattree
f 2/1/1 3/2/1 1/3/1
f 4/4/2 2/1/2 6/5/2
f 7/6/3 3/2/3 4/4/3
f 14/7/4 15/8/4 28/9/4
f 8/10/5 4/4/5 6/5/5
f 5/11/6 3/2/6 7/6/6
f 10/12/7 12/13/7 15/8/7
f 26/14/8 15/8/8 13/15/8
f 13/15/9 11/16/9 31/17/9
f 15/8/10 26/14/10 28/9/10
f 27/18/11 13/15/11 31/17/11
f 31/17/12 14/7/12 28/9/12
f 30/19/13 31/17/13 366/20/13
f 20/21/14 17/22/14 18/23/14
f 19/24/15 16/25/15 21/26/15
f 21/26/16 33/27/16 18/23/16
f 35/28/17 37/29/17 36/30/17
f 91/31/18 41/32/18 40/33/18
f 41/32/19 77/34/19 42/35/19
f 73/36/20 77/34/20 41/32/20
f 39/37/21 35/28/21 43/38/21
f 33/27/22 21/26/22 78/39/22
f 44/40/23 45/41/23 48/42/23
f 46/43/24 48/42/24 45/41/24
f 48/42/25 46/43/25 49/44/25
f 45/41/26 44/40/26 50/45/26
f 50/45/27 44/40/27 47/46/27
f 50/45/28 52/47/28 45/41/28
f 45/41/29 52/47/29 46/43/29
f 54/48/30 55/49/30 56/50/30
f 53/51/31 54/48/31 57/52/31
f 57/52/32 54/48/32 59/53/32
f 60/54/33 58/55/33 59/53/33
f 56/50/34 55/49/34 61/56/34
f 62/57/35 63/58/35 67/59/35
f 64/60/36 52/47/36 53/51/36
f 52/47/37 55/49/37 53/51/37
f 55/49/38 49/44/38 61/56/38
f 51/61/39 52/47/39 64/60/39
f 67/59/40 64/60/40 53/51/40
f 65/62/41 51/61/41 69/63/41
f 226/64/42 67/59/42 70/65/42
f 69/63/43 51/61/43 68/66/43
f 77/34/44 76/67/44 42/35/44
f 76/67/45 74/68/45 75/69/45
f 35/28/46 20/21/46 34/70/46
f 36/30/47 16/25/47 35/28/47
f 42/35/48 75/69/48 38/71/48
f 34/70/49 77/34/49 73/36/49
f 33/27/50 78/39/50 77/34/50
f 75/69/51 37/29/51 38/71/51
f 81/72/52 79/73/52 80/74/52
f 79/73/53 82/75/53 83/76/53
f 82/75/54 81/72/54 85/77/54
f 83/76/55 146/78/55 84/79/55
f 43/38/56 34/70/56 73/36/56
f 37/29/57 35/28/57 39/37/57
f 87/80/58 220/81/58 88/82/58
f 89/83/59 92/84/59 90/85/59
f 93/86/60 94/87/61 95/88/62
f 479/89/63 92/84/63 95/88/63
f 101/90/64 100/91/64 102/92/64
f 104/93/65 105/94/65 102/92/65
f 155/95/66 105/94/66 119/96/66
f 106/97/67 117/98/67 116/99/67
f 111/100/68 110/101/68 109/102/68
f 111/100/69 108/103/69 110/101/69
f 511/104/70 112/105/70 113/106/70
f 511/104/71 114/107/71 112/105/71
f 120/108/72 119/96/72 118/109/72
f 115/110/73 117/98/73 508/111/73
f 121/112/74 108/103/74 107/113/74
f 123/114/75 121/112/75 122/115/75
f 126/116/76 125/117/76 123/114/76
f 127/118/77 145/119/77 126/116/77
f 127/118/78 128/120/79 444/121/80
f 134/122/81 481/123/81 132/124/81
f 103/125/82 135/126/82 134/122/82
f 136/127/83 138/128/84 137/129/85
f 144/130/86 128/120/86 143/131/86
f 444/121/80 145/119/87 127/118/78
f 145/119/88 444/121/88 146/78/88
f 123/114/89 125/117/89 121/112/89
f 150/132/90 149/133/90 120/108/90
f 149/133/91 234/134/91 151/135/91
f 253/136/92 155/95/92 151/135/92
f 153/137/93 155/95/93 152/138/93
f 153/137/94 101/90/94 155/95/94
f 212/139/95 213/140/95 157/141/95
f 306/142/96 242/143/96 298/144/96
f 283/145/97 291/146/97 298/144/97
f 167/147/98 176/148/98 166/149/98
f 171/150/99 172/151/99 184/152/99
f 174/153/100 537/154/100 173/155/100
f 177/156/101 178/157/101 292/158/101
f 177/156/102 179/159/102 178/157/102
f 180/160/103 289/161/103 293/162/103
f 182/163/104 288/164/104 180/160/104
f 196/165/105 172/151/105 198/166/105
f 185/167/106 186/168/106 175/169/106
f 199/170/107 186/168/107 187/171/107
f 191/172/108 192/173/108 184/152/108
f 191/172/109 193/174/109 192/173/109
f 190/175/110 193/174/110 191/172/110
f 193/174/111 190/175/111 189/176/111
f 192/173/112 193/174/112 187/171/112
f 190/175/113 196/165/113 197/177/113
f 196/165/114 198/166/114 197/177/114
f 199/170/115 188/178/115 179/159/115
f 189/176/116 197/177/116 179/159/116
f 190/175/117 191/172/117 196/165/117
f 174/153/118 192/173/118 185/167/118
f 210/179/119 200/180/119 201/181/119
f 202/182/120 201/181/120 230/183/120
f 203/184/121 204/185/121 202/182/121
f 208/186/122 207/187/122 357/188/122
f 209/189/123 389/190/124 207/187/125
f 204/185/126 390/191/126 202/182/126
f 201/181/127 202/182/127 210/179/127
f 211/192/128 213/140/128 212/139/128
f 210/179/129 202/182/129 390/191/129
f 210/179/130 214/193/130 211/192/130
f 207/187/131 215/194/131 213/140/131
f 220/81/132 43/38/132 221/195/132
f 221/195/133 88/82/133 220/81/133
f 226/64/134 70/65/134 223/196/134
f 226/64/135 221/195/135 224/197/135
f 222/198/136 226/64/136 223/196/136
f 219/199/137 218/200/137 222/198/137
f 221/195/138 222/198/138 218/200/138
f 227/201/139 218/200/139 217/202/139
f 229/203/140 235/204/140 232/205/140
f 368/206/141 233/207/141 93/86/141
f 235/204/142 229/203/142 236/208/142
f 234/134/143 235/204/143 236/208/143
f 231/209/144 287/210/144 236/208/144
f 281/211/145 287/210/145 285/212/145
f 242/143/146 263/213/146 243/214/146
f 241/215/147 243/214/147 247/216/147
f 266/217/148 246/218/148 256/219/148
f 152/138/149 155/95/149 253/136/149
f 234/134/150 252/220/150 253/136/150
f 153/137/151 154/221/151 255/222/151
f 255/222/152 256/219/152 162/223/152
f 258/224/153 257/225/153 245/226/153
f 259/227/154 244/228/154 261/229/154
f 243/214/155 262/230/155 261/229/155
f 282/231/156 243/214/156 261/229/156
f 260/232/157 282/231/157 261/229/157
f 164/233/158 258/224/158 263/213/158
f 242/143/159 164/233/159 263/213/159
f 250/234/160 275/235/160 280/236/160
f 270/237/161 246/218/161 268/238/161
f 273/239/162 268/238/162 267/240/162
f 268/238/163 273/239/163 272/241/163
f 248/242/164 271/243/164 272/241/164
f 237/244/165 239/245/165 271/243/165
f 276/246/166 251/247/166 275/235/166
f 152/138/167 252/220/167 154/221/167
f 280/236/168 281/211/168 250/234/168
f 280/236/169 287/210/169 281/211/169
f 287/210/170 251/247/170 236/208/170
f 251/247/171 287/210/171 280/236/171
f 250/234/172 281/211/172 249/248/172
f 281/211/173 237/244/173 248/242/173
f 239/245/174 240/249/174 269/250/174
f 260/232/175 247/216/175 282/231/175
f 257/225/176 256/219/176 245/226/176
f 243/214/177 241/215/177 283/145/177
f 230/183/178 171/150/178 286/251/178
f 231/209/179 230/183/179 286/251/179
f 285/212/180 170/252/180 322/253/180
f 169/254/181 237/244/181 322/253/182
f 285/212/183 322/253/183 237/244/183
f 241/215/184 240/249/184 283/145/184
f 165/255/185 283/145/185 240/249/185
f 234/134/186 236/208/186 252/220/186
f 217/202/187 216/256/187 227/201/187
f 216/256/188 215/194/188 205/257/188
f 217/202/189 219/199/189 215/194/189
f 292/158/190 293/162/190 290/258/190
f 283/145/191 292/158/191 291/146/191
f 166/149/192 292/158/192 283/145/192
f 293/162/193 309/259/193 290/258/193
f 310/260/194 294/261/194 290/258/194
f 159/262/195 296/263/195 158/264/195
f 163/265/196 303/266/196 257/225/196
f 301/267/197 303/266/197 302/268/197
f 304/269/198 164/233/198 305/270/198
f 299/271/199 307/272/199 306/142/199
f 294/261/200 300/273/200 299/271/200
f 317/274/201 312/275/201 296/263/201
f 316/276/202 315/277/202 310/260/202
f 315/277/203 318/278/203 310/260/203
f 313/279/204 312/275/204 317/274/204
f 313/279/205 308/280/205 312/275/205
f 309/259/206 310/260/206 290/258/206
f 289/161/207 308/280/207 293/162/207
f 308/280/208 311/281/208 309/259/208
f 296/263/209 312/275/209 297/282/209
f 290/258/210 294/261/210 291/146/210
f 183/283/211 171/150/211 201/181/211
f 179/159/212 180/160/212 178/157/212
f 171/150/213 183/283/213 172/151/213
f 170/252/214 321/284/214 322/253/214
f 161/285/215 160/286/215 159/262/215
f 161/285/216 156/287/216 101/90/216
f 325/288/217 90/85/217 396/289/217
f 90/85/218 92/84/218 96/290/218
f 69/63/219 73/36/219 71/291/219
f 72/292/220 43/38/220 73/36/220
f 63/58/221 41/32/221 70/65/221
f 40/33/222 90/85/222 91/31/222
f 224/197/223 43/38/223 72/292/223
f 71/291/224 73/36/224 41/32/224
f 40/33/225 38/71/225 89/83/225
f 327/293/226 326/294/226 329/295/226
f 327/293/227 330/296/227 326/294/227
f 338/297/228 336/298/228 337/299/228
f 331/300/229 337/299/229 336/298/229
f 24/301/230 23/302/230 339/303/230
f 24/301/231 25/304/231 23/302/231
f 25/304/232 339/303/232 334/305/232
f 333/306/233 332/307/233 339/303/233
f 335/308/234 23/302/234 334/305/234
f 339/303/235 332/307/235 334/305/235
f 338/297/236 337/299/236 340/309/236
f 340/309/237 337/299/237 331/300/237
f 326/294/238 330/296/238 328/310/238
f 330/296/239 327/293/239 329/295/239
f 333/306/240 335/308/240 342/311/240
f 335/308/241 332/307/241 343/312/241
f 346/313/242 342/311/242 343/312/242
f 343/312/243 345/314/243 349/315/243
f 347/316/244 346/313/244 343/312/244
f 340/309/245 331/300/245 342/311/245
f 346/313/246 340/309/246 342/311/246
f 344/317/247 350/318/247 341/319/247
f 344/317/248 346/313/248 350/318/248
f 349/315/249 341/319/249 350/318/249
f 349/315/250 350/318/250 351/320/250
f 353/321/251 350/318/251 352/322/251
f 208/186/252 377/323/252 353/321/252
f 355/324/253 361/325/253 356/326/253
f 362/327/254 358/328/254 357/188/254
f 7/6/255 364/329/255 5/11/255
f 364/329/256 7/6/256 363/330/256
f 364/329/257 365/331/257 5/11/257
f 365/331/258 22/332/258 5/11/258
f 32/333/259 26/14/260 367/334/261
f 364/329/262 29/335/262 30/19/262
f 32/333/263 370/336/263 233/207/263
f 88/82/264 22/332/264 365/331/264
f 370/336/265 227/201/265 233/207/265
f 366/20/266 371/337/266 30/19/266
f 8/10/267 369/338/267 363/330/267
f 367/334/268 369/338/268 370/336/268
f 365/331/269 30/19/269 371/337/269
f 367/334/270 29/335/270 363/330/270
f 359/339/271 374/340/271 375/341/271
f 383/342/272 351/320/273 375/341/274
f 376/343/275 372/344/275 373/345/275
f 348/346/276 352/322/276 346/313/276
f 351/320/277 359/339/277 375/341/277
f 351/320/278 376/343/278 349/315/278
f 347/316/279 349/315/279 376/343/279
f 384/347/280 379/348/280 381/349/280
f 381/349/281 379/348/281 383/342/281
f 386/350/282 379/348/282 384/347/282
f 384/347/283 381/349/283 385/351/283
f 383/342/272 375/341/274 387/352/284
f 382/353/285 387/352/285 388/354/285
f 375/341/286 374/340/286 388/354/286
f 378/355/287 357/188/288 376/343/289
f 373/345/290 359/339/290 377/323/290
f 378/355/291 376/343/291 377/323/291
f 352/322/292 348/346/292 358/328/292
f 352/322/293 354/356/293 353/321/293
f 358/328/294 348/346/294 357/188/294
f 353/321/295 354/356/295 205/257/295
f 205/257/296 354/356/296 204/185/296
f 389/190/297 209/189/297 214/193/297
f 357/188/298 378/355/298 208/186/298
f 370/336/299 369/338/299 218/200/299
f 89/83/300 87/80/300 368/206/300
f 365/331/301 87/80/301 88/82/301
f 370/336/302 218/200/302 227/201/302
f 89/83/303 93/86/303 92/84/303
f 391/357/304 362/327/304 389/190/304
f 214/193/305 360/358/305 389/190/305
f 393/359/306 361/325/306 391/357/306
f 360/358/307 356/326/307 392/360/307
f 361/325/308 355/324/308 358/328/308
f 214/193/309 354/356/309 356/326/309
f 70/65/310 41/32/311 91/31/312
f 394/361/313 223/196/313 225/362/313
f 325/288/314 225/362/314 90/85/314
f 221/195/315 226/64/315 222/198/315
f 223/196/316 70/65/316 225/362/316
f 393/359/317 391/357/317 360/358/317
f 392/360/318 361/325/318 393/359/318
f 219/199/319 394/361/319 395/363/319
f 396/289/320 409/364/320 325/288/320
f 395/363/321 325/288/321 409/364/321
f 228/365/322 227/201/322 203/184/322
f 400/366/323 398/367/323 402/368/323
f 398/367/324 399/369/324 402/368/324
f 402/368/325 399/369/325 401/370/325
f 395/363/326 406/371/326 323/372/326
f 407/373/327 99/374/327 324/375/327
f 100/91/328 324/375/328 99/374/328
f 396/289/329 99/374/329 407/373/329
f 403/376/330 402/368/330 401/370/330
f 403/376/331 406/371/331 409/364/331
f 411/377/332 408/378/332 404/379/332
f 411/377/333 400/366/333 402/368/333
f 406/371/334 395/363/334 409/364/334
f 323/372/335 405/380/335 324/375/335
f 412/381/336 407/373/336 324/375/336
f 522/382/337 408/378/337 412/381/337
f 412/381/338 324/375/338 410/383/338
f 421/384/339 425/385/339 426/386/339
f 423/387/340 421/384/340 422/388/340
f 425/385/341 424/389/341 414/390/341
f 417/391/342 416/392/342 422/388/342
f 417/391/343 415/393/343 416/392/343
f 413/394/344 424/389/344 423/387/344
f 424/389/345 413/394/345 414/390/345
f 421/384/346 424/389/346 425/385/346
f 414/390/347 427/395/347 419/396/347
f 415/393/348 414/390/348 416/392/348
f 418/397/349 420/398/349 441/399/349
f 432/400/350 429/401/351 430/402/352
f 415/393/353 429/401/353 140/403/353
f 420/398/354 427/395/354 140/403/354
f 435/404/355 420/398/355 434/405/355
f 434/405/356 147/406/356 445/407/356
f 434/405/357 445/407/357 437/408/357
f 431/409/358 439/410/359 443/411/360
f 440/412/361 441/399/361 436/413/361
f 431/409/362 428/414/362 442/415/362
f 428/414/363 418/397/364 441/399/365
f 441/399/366 420/398/366 435/404/366
f 431/409/367 146/78/367 430/402/367
f 145/119/368 431/409/358 443/411/360
f 82/75/369 85/77/369 86/416/369
f 86/416/370 85/77/370 140/403/370
f 444/121/371 80/74/371 84/79/371
f 420/398/372 139/417/372 433/418/372
f 434/405/373 433/418/373 148/419/373
f 145/119/374 147/406/374 126/116/374
f 147/406/375 443/411/375 445/407/375
f 437/408/376 435/404/376 434/405/376
f 446/420/377 440/412/377 436/413/377
f 443/411/378 446/420/378 438/421/378
f 448/422/379 447/423/379 449/424/379
f 447/423/380 448/422/380 450/425/380
f 451/426/381 448/422/381 449/424/381
f 450/425/382 448/422/382 518/427/382
f 451/426/383 449/424/383 495/428/383
f 453/429/384 450/425/385 518/427/386
f 454/430/387 456/431/387 455/432/387
f 456/431/388 454/430/388 457/433/388
f 455/432/389 456/431/389 459/434/389
f 457/433/390 455/432/390 458/435/390
f 458/435/391 459/434/391 462/436/391
f 463/437/392 464/438/392 470/439/392
f 470/439/393 464/438/393 469/440/393
f 456/431/394 461/441/394 460/442/394
f 470/439/395 457/433/395 471/443/395
f 462/436/396 468/444/396 471/443/396
f 541/445/397 467/446/397 470/439/397
f 474/447/398 462/436/398 473/448/398
f 460/442/399 469/440/399 466/449/399
f 474/447/400 476/450/400 468/444/400
f 473/448/401 468/444/401 477/451/401
f 477/451/402 468/444/402 476/450/402
f 478/452/403 473/448/403 477/451/403
f 474/447/404 473/448/404 478/452/404
f 476/450/405 474/447/405 478/452/405
f 138/128/406 128/120/406 137/129/406
f 146/78/407 86/416/407 432/400/407
f 136/127/408 135/126/408 141/453/408
f 124/454/409 142/455/409 127/118/409
f 103/125/410 123/114/410 106/97/410
f 144/130/411 143/131/411 486/456/411
f 485/457/412 487/458/412 484/459/412
f 483/460/413 485/457/413 484/459/413
f 485/457/414 483/460/414 486/456/414
f 483/460/415 482/461/415 480/462/415
f 491/463/416 488/464/416 490/465/416
f 490/465/417 492/466/417 494/467/417
f 131/468/418 481/123/418 493/469/418
f 480/462/419 481/123/419 134/122/419
f 134/122/420 144/130/420 480/462/420
f 488/464/421 129/470/421 131/468/421
f 490/465/422 131/468/422 492/466/422
f 487/458/423 489/471/423 481/123/423
f 496/472/424 495/428/424 497/473/424
f 452/474/425 499/475/425 498/476/425
f 496/472/426 497/473/426 498/476/426
f 501/477/427 504/478/427 502/479/427
f 114/107/428 511/104/428 502/479/428
f 502/479/429 504/478/429 503/480/429
f 509/481/430 504/478/430 505/482/430
f 501/477/431 510/483/431 505/482/431
f 503/480/432 509/481/432 507/484/432
f 503/480/433 507/484/433 508/111/433
f 512/485/434 511/104/434 113/106/434
f 513/486/435 514/487/435 515/488/435
f 513/486/436 515/488/436 516/489/436
f 514/487/437 513/486/437 520/490/437
f 109/102/438 110/101/438 120/108/438
f 115/110/439 109/102/439 118/109/439
f 109/102/440 115/110/440 517/491/440
f 518/427/441 111/100/441 109/102/441
f 453/429/442 497/473/442 495/428/442
f 450/425/443 495/428/443 449/424/443
f 453/429/444 495/428/444 450/425/444
f 517/491/445 500/492/445 498/476/445
f 111/100/446 451/426/446 452/474/446
f 113/106/447 500/492/447 115/110/447
f 499/475/448 452/474/448 451/426/448
f 498/476/449 497/473/449 453/429/449
f 453/429/450 517/491/450 498/476/450
f 518/427/451 109/102/451 517/491/451
f 113/106/452 452/474/452 500/492/452
f 107/113/453 114/107/453 117/98/453
f 115/110/454 508/111/454 113/106/454
f 519/493/455 516/489/455 512/485/455
f 508/111/456 507/484/456 519/493/456
f 515/488/457 514/487/457 507/484/457
f 515/488/458 509/481/458 510/483/458
f 516/489/459 515/488/459 510/483/459
f 136/127/460 141/453/460 479/89/460
f 148/419/461 94/87/461 150/132/461
f 150/132/462 94/87/462 149/133/462
f 96/290/463 92/84/463 479/89/463
f 100/91/464 99/374/464 102/92/464
f 104/93/465 135/126/465 103/125/465
f 148/419/466 433/418/466 94/87/466
f 119/96/467 149/133/467 151/135/467
f 155/95/468 102/92/468 105/94/468
f 121/112/469 150/132/469 110/101/469
f 105/94/470 106/97/470 116/99/470
f 105/94/471 116/99/471 119/96/471
f 120/108/472 149/133/472 119/96/472
f 412/381/473 410/383/473 523/494/473
f 525/495/474 524/496/474 526/497/474
f 526/497/475 524/496/475 527/498/475
f 525/495/476 528/499/476 524/496/476
f 524/496/477 528/499/477 527/498/477
f 529/500/478 528/499/478 526/497/478
f 527/498/479 528/499/479 530/501/479
f 529/500/480 526/497/480 530/501/480
f 528/499/481 552/502/481 530/501/481
f 531/503/482 529/500/482 530/501/482
f 552/502/483 531/503/483 530/501/483
f 532/504/484 534/505/484 554/506/484
f 532/504/485 554/506/485 533/507/485
f 211/192/486 209/189/486 213/140/486
f 206/508/487 205/257/487 215/194/487
f 203/184/488 205/257/488 204/185/488
f 199/170/489 194/509/489 188/178/489
f 185/167/490 192/173/490 187/171/490
f 187/171/491 194/509/491 199/170/491
f 189/176/492 190/175/492 197/177/492
f 539/510/493 535/511/493 538/512/493
f 536/513/494 535/511/494 539/510/494
f 538/512/495 176/148/495 168/514/495
f 320/515/496 539/510/496 168/514/496
f 538/512/497 168/514/497 539/510/497
f 322/253/498 320/515/498 167/147/498
f 175/169/499 176/148/499 538/512/499
f 537/154/500 174/153/500 535/511/500
f 535/511/501 175/169/501 538/512/501
f 186/168/502 199/170/502 176/148/502
f 311/281/503 313/279/503 315/277/503
f 315/277/504 313/279/504 314/516/504
f 318/278/505 314/516/505 317/274/505
f 317/274/506 301/267/506 318/278/506
f 318/278/507 295/517/507 294/261/507
f 182/163/508 181/518/508 288/164/508
f 317/274/509 296/263/509 301/267/509
f 297/282/510 200/180/510 158/264/510
f 303/266/511 296/263/512 159/262/513
f 239/245/514 238/519/514 240/249/514
f 177/156/515 292/158/515 166/149/515
f 164/233/516 163/265/516 257/225/516
f 300/273/517 302/268/517 299/271/517
f 298/144/518 299/271/518 306/142/518
f 307/272/519 305/270/519 306/142/519
f 302/268/520 307/272/520 299/271/520
f 307/272/521 302/268/521 304/269/521
f 228/365/522 230/183/522 229/203/522
f 464/438/523 463/437/523 465/520/523
f 461/441/524 470/439/524 469/440/524
f 475/521/525 471/443/525 468/444/525
f 475/521/526 465/520/526 467/446/526
f 236/208/527 251/247/527 277/522/527
f 256/219/528 255/222/528 264/523/528
f 542/524/529 541/445/529 471/443/529
f 472/525/530 541/445/530 544/526/530
f 475/521/531 543/527/531 471/443/531
f 546/528/532 542/524/532 543/527/532
f 548/529/533 549/530/533 547/531/533
f 543/527/534 475/521/534 545/532/534
f 279/533/535 278/534/535 546/528/535
f 546/528/536 543/527/536 552/502/536
f 549/530/537 279/533/537 551/535/537
f 550/536/538 543/527/538 547/531/538
f 528/499/539 529/500/539 546/528/539
f 551/535/540 546/528/540 529/500/540
f 553/537/541 543/527/541 550/536/541
f 549/530/542 551/535/542 550/536/542
f 550/536/543 551/535/543 531/503/543
f 534/505/544 533/507/544 550/536/544
f 277/522/545 251/247/545 278/534/545
f 154/221/546 254/538/546 264/523/546
f 254/538/547 277/522/547 548/529/547
f 264/523/548 254/538/548 548/529/548
f 544/526/549 276/246/549 275/235/549
f 555/539/550 259/227/550 262/230/550
f 248/242/551 273/239/551 249/248/551
f 239/245/552 169/254/552 238/519/552
f 269/250/553 247/216/553 270/237/553
f 248/242/554 237/244/554 271/243/554
f 243/214/555 263/213/555 262/230/555
f 555/539/556 258/224/556 259/227/556
f 244/228/557 259/227/557 245/226/557
f 3/2/558 2/1/558 4/4/558
f 1/3/559 3/2/559 5/11/559
f 4/4/560 8/10/560 7/6/560
f 10/12/561 9/540/561 12/13/561
f 11/16/562 9/540/562 10/12/562
f 13/15/563 12/13/563 9/540/563
f 11/16/564 13/15/564 9/540/564
f 14/7/565 11/16/565 10/12/565
f 10/12/566 15/8/566 14/7/566
f 17/22/567 16/25/567 19/24/567
f 18/23/568 17/22/568 19/24/568
f 18/23/569 19/24/569 21/26/569
f 6/5/570 2/1/570 1/3/570
f 22/332/571 6/5/571 1/3/571
f 22/332/572 1/3/572 5/11/572
f 8/10/573 6/5/573 22/332/573
f 12/13/574 13/15/574 15/8/574
f 27/18/575 26/14/575 13/15/575
f 31/17/576 11/16/576 14/7/576
f 30/19/577 29/335/577 26/14/577
f 32/333/578 28/9/578 26/14/578
f 32/333/579 31/17/579 28/9/579
f 30/19/580 26/14/580 27/18/580
f 30/19/581 27/18/581 31/17/581
f 31/17/582 32/333/582 366/20/582
f 20/21/583 16/25/583 17/22/583
f 33/27/584 20/21/584 18/23/584
f 38/71/585 37/29/585 39/37/585
f 38/71/586 39/37/586 87/80/586
f 40/33/587 41/32/587 42/35/587
f 78/39/588 21/26/588 36/30/588
f 47/46/589 44/40/589 48/42/589
f 47/46/590 48/42/590 49/44/590
f 50/45/591 47/46/591 49/44/591
f 55/49/592 50/45/592 49/44/592
f 51/61/593 46/43/593 52/47/593
f 55/49/594 54/48/594 53/51/594
f 57/52/595 58/55/595 53/51/595
f 59/53/596 54/48/596 56/50/596
f 62/57/597 56/50/597 61/56/597
f 59/53/598 56/50/598 60/54/598
f 56/50/599 62/57/599 60/54/599
f 59/53/600 58/55/600 57/52/600
f 67/59/601 58/55/601 60/54/601
f 60/54/602 62/57/602 67/59/602
f 65/62/603 46/43/603 51/61/603
f 65/62/604 66/541/604 62/57/604
f 52/47/605 50/45/605 55/49/605
f 67/59/606 53/51/606 58/55/606
f 49/44/607 46/43/607 61/56/607
f 61/56/608 46/43/608 65/62/608
f 68/66/609 64/60/609 67/59/609
f 68/66/610 51/61/610 64/60/610
f 61/56/611 65/62/611 62/57/611
f 66/541/612 65/62/612 71/291/612
f 71/291/613 65/62/613 69/63/613
f 226/64/614 68/66/614 67/59/614
f 70/65/615 67/59/615 63/58/615
f 63/58/616 62/57/616 66/541/616
f 63/58/617 66/541/617 71/291/617
f 72/292/618 69/63/618 68/66/618
f 224/197/619 72/292/619 68/66/619
f 41/32/620 63/58/620 71/291/620
f 75/69/621 74/68/621 78/39/621
f 78/39/622 74/68/622 77/34/622
f 77/34/623 74/68/623 76/67/623
f 42/35/624 76/67/624 75/69/624
f 16/25/625 20/21/625 35/28/625
f 33/27/626 34/70/626 20/21/626
f 21/26/627 16/25/627 36/30/627
f 75/69/628 78/39/628 37/29/628
f 37/29/629 78/39/629 36/30/629
f 34/70/630 33/27/630 77/34/630
f 79/73/631 81/72/631 82/75/631
f 83/76/632 84/79/632 79/73/632
f 80/74/633 79/73/633 84/79/633
f 85/77/634 81/72/634 80/74/634
f 138/128/635 85/77/635 80/74/635
f 83/76/636 82/75/636 86/416/636
f 146/78/637 83/76/637 86/416/637
f 35/28/638 34/70/638 43/38/638
f 39/37/639 220/81/639 87/80/639
f 94/87/61 93/86/60 232/205/640
f 98/542/641 96/290/641 97/543/641
f 99/374/642 98/542/642 97/543/642
f 97/543/643 102/92/643 99/374/643
f 100/91/644 101/90/644 323/372/644
f 102/92/645 97/543/645 104/93/645
f 107/113/646 117/98/646 106/97/646
f 106/97/647 122/115/647 107/113/647
f 108/103/648 111/100/648 112/105/648
f 112/105/649 111/100/649 452/474/649
f 115/110/650 118/109/650 116/99/650
f 116/99/651 118/109/651 119/96/651
f 110/101/652 108/103/652 121/112/652
f 122/115/653 121/112/653 107/113/653
f 124/454/654 126/116/654 123/114/654
f 124/454/655 127/118/655 126/116/655
f 130/544/656 131/468/656 129/470/656
f 130/544/657 132/124/657 131/468/657
f 130/544/658 133/545/658 134/122/658
f 133/545/659 103/125/659 134/122/659
f 134/122/660 135/126/660 144/130/660
f 140/403/661 138/128/661 139/417/661
f 140/403/662 139/417/662 420/398/662
f 142/455/663 129/470/663 127/118/663
f 103/125/664 142/455/665 123/114/666
f 129/470/667 128/120/667 127/118/667
f 126/116/668 148/419/668 125/117/668
f 119/96/669 151/135/669 155/95/669
f 157/141/670 156/287/670 161/285/670
f 157/141/671 219/199/671 156/287/671
f 159/262/672 212/139/672 157/141/672
f 159/262/673 158/264/673 212/139/673
f 200/180/674 212/139/674 158/264/674
f 153/137/675 161/285/675 101/90/675
f 165/255/676 166/149/676 283/145/676
f 176/148/677 167/147/677 168/514/677
f 322/253/678 167/147/678 169/254/678
f 171/150/679 184/152/679 173/155/679
f 178/157/680 180/160/680 293/162/680
f 288/164/681 289/161/681 180/160/681
f 200/180/682 181/518/683 183/283/684
f 183/283/685 198/166/685 172/151/685
f 172/151/686 196/165/686 184/152/686
f 173/155/687 184/152/687 174/153/687
f 175/169/688 174/153/688 185/167/688
f 195/546/689 194/509/689 187/171/689
f 182/163/690 197/177/690 198/166/690
f 182/163/691 198/166/691 181/518/691
f 179/159/692 182/163/692 180/160/692
f 179/159/693 197/177/693 182/163/693
f 188/178/694 189/176/694 179/159/694
f 191/172/695 184/152/695 196/165/695
f 184/152/696 192/173/696 174/153/696
f 207/187/697 208/186/697 206/508/697
f 214/193/698 209/189/698 211/192/698
f 200/180/699 210/179/699 211/192/699
f 212/139/700 200/180/700 211/192/700
f 389/190/124 362/327/701 207/187/125
f 215/194/702 207/187/702 206/508/702
f 209/189/703 207/187/703 213/140/703
f 216/256/704 217/202/704 215/194/704
f 219/199/705 217/202/705 218/200/705
f 70/65/310 91/31/312 225/362/706
f 224/197/707 221/195/707 43/38/707
f 394/361/708 222/198/708 223/196/708
f 219/199/709 222/198/709 394/361/709
f 228/365/710 233/207/710 227/201/710
f 230/183/711 228/365/711 203/184/711
f 229/203/712 230/183/712 231/209/712
f 233/207/713 228/365/713 232/205/713
f 229/203/714 232/205/714 228/365/714
f 247/216/715 269/250/715 241/215/715
f 243/214/716 298/144/716 242/143/716
f 245/226/717 260/232/717 244/228/717
f 245/226/718 256/219/718 246/218/718
f 252/220/719 152/138/719 253/136/719
f 154/221/720 252/220/721 254/538/722
f 257/225/723 162/223/723 256/219/723
f 261/229/724 244/228/724 260/232/724
f 262/230/725 259/227/725 261/229/725
f 164/233/726 257/225/726 258/224/726
f 259/227/727 258/224/727 245/226/727
f 256/219/728 264/523/728 265/547/728
f 274/548/729 266/217/729 265/547/729
f 274/548/730 275/235/730 250/234/730
f 266/217/731 250/234/731 267/240/731
f 246/218/732 266/217/732 267/240/732
f 267/240/733 268/238/733 246/218/733
f 247/216/734 246/218/734 270/237/734
f 273/239/735 267/240/735 249/248/735
f 271/243/736 239/245/736 269/250/736
f 272/241/737 271/243/737 269/250/737
f 272/241/738 273/239/738 248/242/738
f 266/217/739 274/548/739 250/234/739
f 545/532/740 274/548/740 265/547/740
f 547/531/741 545/532/741 265/547/741
f 154/221/742 264/523/742 255/222/742
f 277/522/743 254/538/722 252/220/721
f 277/522/744 278/534/744 279/533/744
f 153/137/745 152/138/745 154/221/745
f 267/240/746 250/234/746 249/248/746
f 237/244/181 169/254/181 239/245/747
f 286/251/748 171/150/748 170/252/748
f 287/210/749 286/251/749 170/252/749
f 169/254/750 284/549/750 238/519/750
f 285/212/751 287/210/751 170/252/751
f 284/549/752 169/254/752 167/147/752
f 166/149/753 165/255/753 284/549/753
f 243/214/754 283/145/754 298/144/754
f 238/519/755 284/549/755 165/255/755
f 269/250/756 240/249/756 241/215/756
f 238/519/757 165/255/757 240/249/757
f 287/210/758 231/209/758 286/251/758
f 203/184/759 227/201/759 216/256/759
f 203/184/760 202/182/760 230/183/760
f 292/158/761 290/258/761 291/146/761
f 295/517/762 318/278/762 301/267/762
f 288/164/763 181/518/763 297/282/763
f 297/282/764 181/518/764 200/180/764
f 296/263/765 297/282/765 158/264/765
f 300/273/766 295/517/766 301/267/766
f 294/261/767 295/517/767 300/273/767
f 291/146/768 294/261/768 299/271/768
f 300/273/769 301/267/769 302/268/769
f 162/223/770 159/262/770 160/286/770
f 162/223/771 303/266/511 159/262/513
f 304/269/772 302/268/772 163/265/772
f 301/267/773 296/263/773 303/266/773
f 308/280/774 288/164/774 312/275/774
f 297/282/775 312/275/775 288/164/775
f 317/274/776 314/516/776 313/279/776
f 315/277/777 314/516/777 318/278/777
f 311/281/778 316/276/778 309/259/778
f 308/280/779 309/259/779 293/162/779
f 289/161/780 288/164/780 308/280/780
f 198/166/781 183/283/781 181/518/781
f 166/149/782 199/170/782 177/156/782
f 166/149/783 176/148/783 199/170/783
f 173/155/784 537/154/784 319/550/784
f 321/284/785 319/550/786 320/515/787
f 322/253/788 321/284/788 320/515/788
f 321/284/789 173/155/789 319/550/789
f 171/150/790 173/155/790 321/284/790
f 170/252/791 171/150/791 321/284/791
f 167/147/792 166/149/792 284/549/792
f 306/142/793 305/270/793 242/143/793
f 162/223/794 257/225/794 303/266/794
f 162/223/795 153/137/795 255/222/795
f 157/141/796 161/285/796 159/262/796
f 234/134/797 253/136/797 151/135/797
f 94/87/798 232/205/798 235/204/798
f 101/90/799 102/92/799 155/95/799
f 141/453/800 97/543/800 96/290/800
f 396/289/801 90/85/801 96/290/801
f 39/37/802 43/38/802 220/81/802
f 40/33/803 42/35/803 38/71/803
f 226/64/804 224/197/804 68/66/804
f 69/63/805 72/292/805 73/36/805
f 89/83/806 38/71/806 87/80/806
f 90/85/807 40/33/807 89/83/807
f 329/295/808 326/294/808 328/310/808
f 331/300/809 329/295/809 333/306/809
f 25/304/810 24/301/810 339/303/810
f 335/308/811 339/303/811 23/302/811
f 23/302/812 25/304/812 334/305/812
f 335/308/813 333/306/813 339/303/813
f 334/305/814 332/307/814 335/308/814
f 331/300/815 330/296/815 329/295/815
f 336/298/816 338/297/816 331/300/816
f 333/306/817 329/295/817 328/310/817
f 331/300/818 338/297/818 330/296/818
f 331/300/819 333/306/819 342/311/819
f 332/307/820 333/306/820 345/314/820
f 345/314/821 343/312/821 332/307/821
f 328/310/822 330/296/822 341/319/822
f 344/317/823 338/297/823 340/309/823
f 328/310/824 341/319/824 345/314/824
f 345/314/825 333/306/825 328/310/825
f 342/311/826 335/308/826 343/312/826
f 346/313/827 347/316/827 348/346/827
f 341/319/828 330/296/828 338/297/828
f 338/297/829 344/317/829 341/319/829
f 344/317/830 340/309/830 346/313/830
f 345/314/831 341/319/831 349/315/831
f 343/312/832 349/315/832 347/316/832
f 350/318/833 346/313/833 352/322/833
f 354/356/834 352/322/834 355/324/834
f 355/324/835 356/326/835 354/356/835
f 353/321/836 377/323/836 359/339/836
f 205/257/837 208/186/837 353/321/837
f 359/339/838 350/318/838 353/321/838
f 8/10/839 88/82/839 369/338/839
f 7/6/840 8/10/840 363/330/840
f 22/332/841 88/82/841 8/10/841
f 26/14/842 29/335/842 367/334/842
f 368/206/843 32/333/843 233/207/843
f 367/334/261 370/336/844 32/333/259
f 363/330/845 29/335/845 364/329/845
f 365/331/846 364/329/846 30/19/846
f 32/333/847 368/206/847 366/20/847
f 371/337/848 366/20/848 368/206/848
f 363/330/849 369/338/849 367/334/849
f 372/344/850 351/320/850 383/342/850
f 359/339/851 373/345/851 374/340/851
f 376/343/852 351/320/852 372/344/852
f 359/339/853 351/320/853 350/318/853
f 348/346/854 347/316/854 357/188/854
f 357/188/288 347/316/855 376/343/289
f 376/343/856 373/345/856 377/323/856
f 386/350/857 380/551/857 379/348/857
f 373/345/858 380/551/858 386/350/858
f 372/344/859 379/348/859 380/551/859
f 374/340/860 385/351/860 382/353/860
f 382/353/861 381/349/861 383/342/861
f 386/350/862 384/347/862 385/351/862
f 385/351/863 373/345/863 386/350/863
f 383/342/864 379/348/864 372/344/864
f 382/353/865 385/351/865 381/349/865
f 373/345/866 372/344/866 380/551/866
f 373/345/867 385/351/867 374/340/867
f 387/352/868 382/353/868 383/342/868
f 388/354/869 374/340/869 382/353/869
f 387/352/870 375/341/870 388/354/870
f 355/324/871 352/322/871 358/328/871
f 204/185/872 354/356/872 390/191/872
f 207/187/873 362/327/873 357/188/873
f 378/355/874 377/323/874 208/186/874
f 221/195/875 369/338/875 88/82/875
f 87/80/876 365/331/876 371/337/876
f 93/86/877 89/83/877 368/206/877
f 362/327/878 361/325/878 358/328/878
f 360/358/879 391/357/879 389/190/879
f 360/358/880 214/193/880 356/326/880
f 356/326/881 361/325/881 392/360/881
f 362/327/882 391/357/882 361/325/882
f 360/358/883 392/360/883 393/359/883
f 208/186/884 205/257/884 206/508/884
f 218/200/885 369/338/885 221/195/885
f 90/85/886 225/362/886 91/31/886
f 156/287/887 219/199/887 395/363/887
f 87/80/888 371/337/888 368/206/888
f 92/84/889 93/86/889 95/88/889
f 156/287/890 395/363/890 323/372/890
f 213/140/891 215/194/891 157/141/891
f 232/205/892 93/86/892 233/207/892
f 398/367/893 397/552/893 399/369/893
f 400/366/894 397/552/894 398/367/894
f 399/369/895 397/552/895 401/370/895
f 397/552/896 400/366/896 401/370/896
f 394/361/897 225/362/897 395/363/897
f 395/363/898 225/362/898 325/288/898
f 99/374/899 396/289/899 98/542/899
f 396/289/900 407/373/900 408/378/900
f 324/375/901 100/91/901 323/372/901
f 404/379/902 403/376/902 401/370/902
f 401/370/903 400/366/903 404/379/903
f 411/377/904 403/376/904 409/364/904
f 408/378/905 411/377/905 409/364/905
f 403/376/906 411/377/906 402/368/906
f 403/376/907 405/380/907 406/371/907
f 405/380/908 403/376/908 404/379/908
f 400/366/909 411/377/909 404/379/909
f 408/378/910 405/380/910 404/379/910
f 405/380/911 323/372/911 406/371/911
f 408/378/912 409/364/912 396/289/912
f 410/383/913 324/375/913 405/380/913
f 407/373/914 412/381/914 408/378/914
f 521/553/915 522/382/915 412/381/915
f 522/382/916 405/380/916 408/378/916
f 405/380/917 522/382/917 410/383/917
f 416/392/918 414/390/918 413/394/918
f 427/395/919 414/390/919 415/393/919
f 426/386/920 417/391/920 422/388/920
f 426/386/921 430/402/921 417/391/921
f 418/397/922 426/386/922 419/396/922
f 420/398/923 418/397/923 419/396/923
f 426/386/924 425/385/924 419/396/924
f 419/396/925 425/385/925 414/390/925
f 422/388/926 413/394/926 423/387/926
f 423/387/927 424/389/927 421/384/927
f 413/394/928 422/388/928 416/392/928
f 422/388/929 421/384/929 426/386/929
f 420/398/930 419/396/930 427/395/930
f 428/414/931 426/386/931 418/397/931
f 428/414/932 430/402/932 426/386/932
f 431/409/933 430/402/933 428/414/933
f 429/401/934 415/393/935 417/391/936
f 430/402/937 429/401/934 417/391/936
f 146/78/938 432/400/350 430/402/352
f 427/395/939 415/393/939 140/403/939
f 434/405/940 420/398/940 433/418/940
f 443/411/941 439/410/941 446/420/941
f 439/410/942 440/412/942 446/420/942
f 440/412/943 439/410/943 442/415/943
f 148/419/944 147/406/944 434/405/944
f 442/415/945 428/414/363 441/399/365
f 145/119/946 146/78/946 431/409/946
f 147/406/947 145/119/947 443/411/947
f 140/403/948 85/77/948 138/128/948
f 444/121/949 84/79/949 146/78/949
f 138/128/950 80/74/950 444/121/950
f 140/403/951 429/401/951 432/400/951
f 126/116/952 147/406/952 148/419/952
f 439/410/953 431/409/953 442/415/953
f 436/413/954 441/399/954 437/408/954
f 440/412/955 442/415/955 441/399/955
f 437/408/956 441/399/956 435/404/956
f 437/408/957 446/420/957 436/413/957
f 445/407/958 443/411/958 438/421/958
f 446/420/959 437/408/959 438/421/959
f 445/407/960 438/421/960 437/408/960
f 447/423/961 450/425/961 449/424/961
f 518/427/962 448/422/962 451/426/962
f 499/475/963 451/426/963 495/428/963
f 518/427/386 517/491/964 453/429/384
f 157/141/965 215/194/965 219/199/965
f 156/287/966 323/372/966 101/90/966
f 94/87/967 235/204/967 234/134/967
f 461/441/968 456/431/968 457/433/968
f 458/435/969 455/432/969 459/434/969
f 456/431/970 460/442/970 459/434/970
f 455/432/971 457/433/971 454/430/971
f 462/436/972 459/434/972 460/442/972
f 466/449/973 469/440/973 464/438/973
f 464/438/974 465/520/974 466/449/974
f 470/439/975 461/441/975 457/433/975
f 471/443/976 457/433/976 462/436/976
f 457/433/977 458/435/977 462/436/977
f 467/446/978 541/445/978 472/525/978
f 469/440/979 460/442/979 461/441/979
f 473/448/980 462/436/980 460/442/980
f 473/448/981 460/442/981 466/449/981
f 466/449/982 465/520/982 475/521/982
f 462/436/983 474/447/983 468/444/983
f 468/444/984 473/448/984 466/449/984
f 478/452/985 477/451/985 476/450/985
f 128/120/986 138/128/986 444/121/986
f 432/400/987 86/416/987 140/403/987
f 138/128/988 136/127/988 139/417/988
f 95/88/989 139/417/990 479/89/991
f 141/453/992 104/93/992 97/543/992
f 136/127/83 137/129/85 144/130/993
f 141/453/994 135/126/994 104/93/994
f 144/130/995 137/129/995 128/120/995
f 135/126/996 136/127/996 144/130/996
f 130/544/997 129/470/997 142/455/997
f 103/125/664 133/545/998 142/455/665
f 144/130/999 486/456/999 480/462/999
f 129/470/1000 143/131/1000 128/120/1000
f 485/457/1001 143/131/1001 129/470/1001
f 133/545/1002 130/544/1002 142/455/1002
f 483/460/1003 484/459/1003 482/461/1003
f 480/462/1004 482/461/1004 487/458/1004
f 486/456/1005 483/460/1005 480/462/1005
f 484/459/1006 487/458/1006 482/461/1006
f 490/465/1007 488/464/1007 131/468/1007
f 489/471/1008 491/463/1008 493/469/1008
f 494/467/1009 491/463/1009 490/465/1009
f 492/466/1010 491/463/1010 494/467/1010
f 493/469/1011 491/463/1011 492/466/1011
f 481/123/1012 489/471/1012 493/469/1012
f 492/466/1013 131/468/1013 493/469/1013
f 143/131/1014 485/457/1014 486/456/1014
f 480/462/1015 487/458/1015 481/123/1015
f 489/471/1016 487/458/1016 488/464/1016
f 132/124/1017 130/544/1017 134/122/1017
f 491/463/1018 489/471/1018 488/464/1018
f 488/464/1019 485/457/1019 129/470/1019
f 487/458/1020 485/457/1020 488/464/1020
f 132/124/1021 481/123/1021 131/468/1021
f 495/428/1022 496/472/1022 499/475/1022
f 499/475/1023 496/472/1023 498/476/1023
f 503/480/1024 504/478/1024 509/481/1024
f 504/478/1025 501/477/1025 505/482/1025
f 506/554/1026 501/477/1026 502/479/1026
f 510/483/1027 501/477/1027 506/554/1027
f 505/482/1028 510/483/1028 509/481/1028
f 506/554/1029 502/479/1029 511/104/1029
f 506/554/1030 512/485/1030 510/483/1030
f 512/485/1031 506/554/1031 511/104/1031
f 516/489/1032 520/490/1032 513/486/1032
f 507/484/1033 514/487/1033 520/490/1033
f 114/107/1034 107/113/1034 108/103/1034
f 114/107/1035 108/103/1035 112/105/1035
f 498/476/1036 500/492/1036 452/474/1036
f 113/106/1037 112/105/1037 452/474/1037
f 115/110/1038 500/492/1038 517/491/1038
f 518/427/1039 451/426/1039 111/100/1039
f 117/98/1040 114/107/1040 503/480/1040
f 117/98/1041 503/480/1041 508/111/1041
f 508/111/1042 519/493/1042 113/106/1042
f 114/107/1043 502/479/1043 503/480/1043
f 113/106/1044 519/493/1044 512/485/1044
f 507/484/1045 520/490/1045 519/493/1045
f 510/483/1046 512/485/1046 516/489/1046
f 516/489/1047 519/493/1047 520/490/1047
f 509/481/1048 515/488/1048 507/484/1048
f 139/417/990 95/88/989 433/418/1049
f 139/417/1050 136/127/1050 479/89/1050
f 94/87/1051 433/418/1051 95/88/1051
f 125/117/1052 148/419/1052 150/132/1052
f 124/454/1053 123/114/1053 142/455/1053
f 105/94/1054 104/93/1054 103/125/1054
f 141/453/1055 96/290/1055 479/89/1055
f 98/542/1056 396/289/1056 96/290/1056
f 234/134/1057 149/133/1057 94/87/1057
f 125/117/1058 150/132/1058 121/112/1058
f 106/97/1059 123/114/1059 122/115/1059
f 106/97/1060 105/94/1060 103/125/1060
f 120/108/1061 110/101/1061 150/132/1061
f 120/108/1062 118/109/1062 109/102/1062
f 115/110/1063 116/99/1063 117/98/1063
f 523/494/1064 410/383/1064 522/382/1064
f 522/382/1065 521/553/1065 523/494/1065
f 521/553/1066 412/381/1066 523/494/1066
f 528/499/1067 525/495/1067 526/497/1067
f 530/501/1068 526/497/1068 527/498/1068
f 534/505/1069 532/504/1069 533/507/1069
f 390/191/1070 354/356/1070 214/193/1070
f 214/193/1071 210/179/1071 390/191/1071
f 162/223/1072 160/286/1072 153/137/1072
f 203/184/1073 216/256/1073 205/257/1073
f 236/208/1074 229/203/1074 231/209/1074
f 193/174/1075 188/178/1075 195/546/1075
f 194/509/1076 195/546/1076 188/178/1076
f 188/178/1077 193/174/1077 189/176/1077
f 193/174/1078 195/546/1078 187/171/1078
f 185/167/1079 187/171/1079 186/168/1079
f 177/156/1080 199/170/1080 179/159/1080
f 320/515/1081 168/514/1081 167/147/1081
f 537/154/1082 536/513/1082 539/510/1082
f 539/510/1083 320/515/1083 537/154/1083
f 535/511/1084 174/153/1084 175/169/1084
f 536/513/1085 537/154/1085 535/511/1085
f 319/550/786 537/154/1086 320/515/787
f 175/169/1087 186/168/1087 176/148/1087
f 293/162/1088 292/158/1088 178/157/1088
f 313/279/1089 311/281/1089 308/280/1089
f 316/276/1090 311/281/1090 315/277/1090
f 310/260/1091 309/259/1091 316/276/1091
f 294/261/1092 310/260/1092 318/278/1092
f 260/232/1093 245/226/1093 246/218/1093
f 298/144/1094 291/146/1094 299/271/1094
f 302/268/1095 303/266/1095 163/265/1095
f 164/233/1096 304/269/1096 163/265/1096
f 307/272/1097 304/269/1097 305/270/1097
f 242/143/1098 305/270/1098 164/233/1098
f 160/286/1099 161/285/1099 153/137/1099
f 467/446/1100 463/437/1100 470/439/1100
f 465/520/1101 463/437/1101 540/555/1101
f 467/446/1102 465/520/1102 540/555/1102
f 540/555/1103 463/437/1103 467/446/1103
f 468/444/1104 466/449/1104 475/521/1104
f 471/443/1105 541/445/1105 470/439/1105
f 472/525/1106 475/521/1106 467/446/1106
f 252/220/1107 236/208/1107 277/522/1107
f 265/547/1108 266/217/1108 256/219/1108
f 544/526/1109 545/532/1109 472/525/1109
f 471/443/1110 543/527/1110 542/524/1110
f 544/526/1111 541/445/1111 542/524/1111
f 544/526/1112 542/524/1112 278/534/1112
f 550/536/1113 547/531/1113 549/530/1113
f 546/528/1114 278/534/1114 542/524/1114
f 552/502/1115 543/527/1115 553/537/1115
f 279/533/1116 546/528/1116 551/535/1116
f 528/499/1117 546/528/1117 552/502/1117
f 531/503/1118 552/502/1118 553/537/1118
f 551/535/1119 529/500/1119 531/503/1119
f 553/537/1120 534/505/1120 531/503/1120
f 550/536/1121 531/503/1121 534/505/1121
f 554/506/1122 534/505/1122 553/537/1122
f 554/506/1123 553/537/1123 550/536/1123
f 533/507/1124 554/506/1124 550/536/1124
f 549/530/1125 548/529/1125 279/533/1125
f 472/525/1126 545/532/1126 475/521/1126
f 545/532/1127 547/531/1127 543/527/1127
f 544/526/1128 278/534/1128 276/246/1128
f 278/534/1129 251/247/1129 276/246/1129
f 544/526/1130 275/235/1130 545/532/1130
f 265/547/1131 548/529/1131 547/531/1131
f 548/529/1132 277/522/1132 279/533/1132
f 545/532/1133 275/235/1133 274/548/1133
f 265/547/1134 264/523/1134 548/529/1134
f 171/150/1135 230/183/1135 201/181/1135
f 285/212/1136 237/244/1136 281/211/1136
f 183/283/684 201/181/1137 200/180/682
f 280/236/1138 275/235/1138 251/247/1138
f 247/216/1139 243/214/1139 282/231/1139
f 555/539/1140 263/213/1140 258/224/1140
f 247/216/1141 260/232/1141 246/218/1141
f 249/248/1142 281/211/1142 248/242/1142
f 272/241/1143 269/250/1143 270/237/1143
f 272/241/1144 270/237/1144 268/238/1144
f 262/230/1145 263/213/1145 555/539/1145
f 556/556/1146 573/557/1146 575/558/1146
f 573/557/1147 574/559/1147 559/560/1147
f 575/558/1148 569/561/1148 566/562/1148
f 573/557/1149 558/563/1149 569/561/1149
f 575/558/1150 566/562/1150 572/564/1150
f 560/565/1151 565/566/1151 563/567/1151
f 563/567/1152 562/568/1152 560/565/1152
f 563/567/1153 567/569/1153 562/568/1153
f 562/568/1154 561/570/1154 560/565/1154
f 561/570/1155 564/571/1155 560/565/1155
f 561/570/1156 570/572/1156 564/571/1156
f 564/571/1157 557/573/1157 560/565/1157
f 560/565/1158 557/573/1158 565/566/1158
f 572/564/1159 566/562/1159 565/566/1159
f 566/562/1160 563/567/1160 565/566/1160
f 569/561/1161 567/569/1161 563/567/1161
f 569/561/1162 558/563/1162 567/569/1162
f 558/563/1163 562/568/1163 567/569/1163
f 559/560/1164 561/570/1164 558/563/1164
f 558/563/1165 561/570/1165 562/568/1165
f 568/574/1166 564/571/1166 570/572/1166
f 566/562/1167 569/561/1167 563/567/1167
f 558/563/1168 573/557/1168 559/560/1168
f 559/560/1169 570/572/1169 561/570/1169
f 559/560/1170 574/559/1170 570/572/1170
f 574/559/1171 568/574/1171 570/572/1171
f 568/574/1172 571/575/1172 564/571/1172
f 564/571/1173 571/575/1173 557/573/1173
f 571/575/1174 572/564/1174 557/573/1174
f 557/573/1175 572/564/1175 565/566/1175
f 575/558/1176 573/557/1176 569/561/1176
f 556/556/1177 574/559/1177 573/557/1177
f 574/559/1178 556/556/1178 568/574/1178
f 556/556/1179 571/575/1179 568/574/1179
f 556/556/1180 575/558/1180 571/575/1180
f 575/558/1181 572/564/1181 571/575/1181
f 576/576/1182 597/577/1182 577/578/1182
f 597/577/1147 598/579/1147 580/580/1147
f 577/578/1183 593/581/1183 589/582/1183
f 597/577/1149 579/583/1149 593/581/1149
f 577/578/1184 589/582/1184 596/584/1184
f 581/585/1151 588/586/1151 585/587/1151
f 585/587/1185 583/588/1185 581/585/1185
f 585/587/1186 590/589/1186 583/588/1186
f 583/588/1187 590/589/1187 584/590/1187
f 583/588/1188 582/591/1188 581/585/1188
f 584/590/1189 586/592/1189 583/588/1189
f 583/588/1190 586/592/1190 582/591/1190
f 582/591/1191 587/593/1191 581/585/1191
f 586/592/1192 591/594/1192 582/591/1192
f 582/591/1193 591/594/1193 587/593/1193
f 587/593/1157 578/595/1157 581/585/1157
f 581/585/1158 578/595/1158 588/586/1158
f 596/584/1159 589/582/1159 588/586/1159
f 589/582/1160 585/587/1160 588/586/1160
f 593/581/1161 590/589/1161 585/587/1161
f 593/581/1162 579/583/1162 590/589/1162
f 579/583/1194 584/590/1194 590/589/1194
f 580/580/1195 586/592/1195 579/583/1195
f 579/583/1196 586/592/1196 584/590/1196
f 594/596/1197 591/594/1197 586/592/1197
f 594/596/1198 592/597/1198 591/594/1198
f 592/597/1199 587/593/1199 591/594/1199
f 589/582/1200 593/581/1200 585/587/1200
f 579/583/1168 597/577/1168 580/580/1168
f 580/580/1201 594/596/1201 586/592/1201
f 580/580/1202 598/579/1202 594/596/1202
f 598/579/1203 592/597/1203 594/596/1203
f 592/597/1172 595/598/1172 587/593/1172
f 587/593/1173 595/598/1173 578/595/1173
f 595/598/1174 596/584/1174 578/595/1174
f 578/595/1175 596/584/1175 588/586/1175
f 577/578/1204 597/577/1204 593/581/1204
f 576/576/1205 598/579/1205 597/577/1205
f 598/579/1206 576/576/1206 592/597/1206
f 596/584/1207 599/599/1207 577/578/1207
f 599/599/1208 576/576/1208 577/578/1208
f 576/576/1209 595/598/1209 592/597/1209
f 576/576/1210 599/599/1210 595/598/1210
f 599/599/1211 596/584/1211 595/598/1211
f 615/600/1212 614/601/1212 616/602/1212
f 614/601/1213 615/600/1213 600/603/1213
f 616/602/1214 610/604/1214 607/605/1214
f 616/602/1215 607/605/1215 613/606/1215
f 601/607/1216 606/608/1216 604/609/1216
f 604/609/1217 603/610/1217 601/607/1217
f 604/609/1218 608/611/1218 603/610/1218
f 603/610/1219 602/612/1219 601/607/1219
f 602/612/1220 605/613/1220 601/607/1220
f 602/612/1221 611/614/1221 605/613/1221
f 605/613/1222 606/608/1222 601/607/1222
f 613/606/1223 607/605/1223 606/608/1223
f 607/605/1224 604/609/1224 606/608/1224
f 610/604/1225 608/611/1225 604/609/1225
f 610/604/1226 603/610/1226 608/611/1226
f 600/603/1227 602/612/1227 610/604/1227
f 610/604/1228 602/612/1228 603/610/1228
f 609/615/1229 605/613/1229 611/614/1229
f 607/605/1230 610/604/1230 604/609/1230
f 610/604/1231 614/601/1231 600/603/1231
f 600/603/1232 611/614/1232 602/612/1232
f 600/603/1233 615/600/1233 611/614/1233
f 615/600/1234 609/615/1234 611/614/1234
f 609/615/1235 612/616/1235 605/613/1235
f 605/613/1236 612/616/1236 606/608/1236
f 612/616/1237 613/606/1237 606/608/1237
f 616/602/1238 614/601/1238 610/604/1238
f 615/600/1239 612/616/1239 609/615/1239
f 615/600/1240 616/602/1240 612/616/1240
f 616/602/1241 613/606/1241 612/616/1241
f 617/617/1242 631/618/1242 632/619/1242
f 632/619/1243 627/620/1243 625/621/1243
f 631/618/1244 621/622/1244 627/620/1244
f 632/619/1245 625/621/1245 630/623/1245
f 618/624/1246 624/625/1246 622/626/1246
f 622/626/1247 620/627/1247 618/624/1247
f 620/627/1248 619/628/1248 618/624/1248
f 621/622/1249 619/628/1249 620/627/1249
f 619/628/1250 623/629/1250 618/624/1250
f 619/628/1251 628/630/1251 623/629/1251
f 623/629/1252 624/625/1252 618/624/1252
f 630/623/1253 625/621/1253 624/625/1253
f 625/621/1254 622/626/1254 624/625/1254
f 627/620/1255 620/627/1255 622/626/1255
f 627/620/1256 621/622/1256 620/627/1256
f 631/618/1257 619/628/1257 621/622/1257
f 626/631/1258 623/629/1258 628/630/1258
f 625/621/1259 627/620/1259 622/626/1259
f 631/618/1260 628/630/1260 619/628/1260
f 631/618/1261 626/631/1261 628/630/1261
f 626/631/1262 629/632/1262 623/629/1262
f 623/629/1263 629/632/1263 624/625/1263
f 629/632/1264 630/623/1264 624/625/1264
f 632/619/1265 631/618/1265 627/620/1265
f 617/617/1266 626/631/1266 631/618/1266
f 617/617/1267 629/632/1267 626/631/1267
f 617/617/1268 632/619/1268 629/632/1268
f 632/619/1269 630/623/1269 629/632/1269
f 666/633/1270 662/634/1270 654/635/1270
f 665/636/1271 660/637/1271 642/638/1271
f 664/639/1272 658/640/1272 653/641/1272
f 667/642/1273 655/643/1273 661/644/1273
f 666/633/1274 654/635/1274 659/645/1274
f 652/646/1275 647/647/1275 644/648/1275
f 644/648/1276 647/647/1276 646/649/1276
f 644/648/1277 646/649/1277 633/650/1277
f 646/649/1278 645/651/1278 633/650/1278
f 646/649/1279 648/652/1279 645/651/1279
f 648/652/1280 649/653/1280 645/651/1280
f 649/653/1281 650/654/1281 645/651/1281
f 645/651/1282 650/654/1282 633/650/1282
f 650/654/1283 651/655/1283 633/650/1283
f 651/655/1284 643/656/1284 633/650/1284
f 633/650/1285 643/656/1285 644/648/1285
f 638/657/1286 652/646/1286 643/656/1286
f 643/656/1287 652/646/1287 644/648/1287
f 637/658/1288 647/647/1288 652/646/1288
f 664/639/1289 653/641/1289 637/658/1289
f 637/658/1290 653/641/1290 647/647/1290
f 653/641/1291 646/649/1291 647/647/1291
f 642/638/1292 648/652/1292 657/659/1292
f 657/659/1293 648/652/1293 646/649/1293
f 642/638/1294 640/660/1294 648/652/1294
f 641/661/1295 649/653/1295 648/652/1295
f 659/645/1296 654/635/1296 641/661/1296
f 641/661/1297 654/635/1297 649/653/1297
f 654/635/1298 650/654/1298 649/653/1298
f 661/644/1299 651/655/1299 650/654/1299
f 661/644/1300 655/643/1300 651/655/1300
f 655/643/1301 643/656/1301 651/655/1301
f 655/643/1302 638/657/1302 643/656/1302
f 639/662/1303 656/663/1303 638/657/1303
f 656/663/1304 652/646/1304 638/657/1304
f 653/641/1305 657/659/1305 646/649/1305
f 653/641/1306 658/640/1306 657/659/1306
f 658/640/1307 665/636/1307 657/659/1307
f 657/659/1308 665/636/1308 642/638/1308
f 640/660/1309 641/661/1309 648/652/1309
f 642/638/1310 660/637/1310 640/660/1310
f 640/660/1311 659/645/1311 641/661/1311
f 640/660/1312 660/637/1312 659/645/1312
f 660/637/1313 666/633/1313 659/645/1313
f 654/635/1314 661/644/1314 650/654/1314
f 654/635/1315 662/634/1315 661/644/1315
f 662/634/1316 667/642/1316 661/644/1316
f 655/643/1317 663/664/1317 638/657/1317
f 663/664/1318 639/662/1318 638/657/1318
f 655/643/1319 667/642/1319 663/664/1319
f 663/664/1320 635/665/1320 639/662/1320
f 656/663/1321 637/658/1321 652/646/1321
f 639/662/1322 664/639/1322 656/663/1322
f 656/663/1323 664/639/1323 637/658/1323
f 639/662/1324 635/665/1324 664/639/1324
f 668/666/1325 658/640/1325 664/639/1325
f 668/666/1326 636/667/1326 658/640/1326
f 658/640/1327 660/637/1327 665/636/1327
f 658/640/1328 636/667/1328 660/637/1328
f 636/667/1329 666/633/1329 660/637/1329
f 636/667/1330 662/634/1330 666/633/1330
f 636/667/1331 667/642/1331 662/634/1331
f 636/667/1332 634/668/1332 667/642/1332
f 635/665/1333 668/666/1333 664/639/1333
f 634/668/1334 635/665/1334 667/642/1334
f 667/642/1335 635/665/1335 663/664/1335
f 636/667/1336 668/666/1336 634/668/1336
f 634/668/1337 668/666/1337 635/665/1337
f 673/669/1338 696/670/1338 670/671/1338
f 673/669/1339 691/672/1339 677/673/1339
f 673/669/1340 677/673/1340 690/674/1340
f 695/675/1341 690/674/1341 680/676/1341
f 682/677/1342 684/678/1342 687/679/1342
f 682/677/1343 681/680/1343 684/678/1343
f 684/678/1344 683/681/1344 687/679/1344
f 684/678/1345 685/682/1345 683/681/1345
f 684/678/1346 679/683/1346 685/682/1346
f 685/682/1347 688/684/1347 683/681/1347
f 683/681/1348 688/684/1348 686/685/1348
f 686/685/1349 687/679/1349 683/681/1349
f 686/685/1350 689/686/1350 687/679/1350
f 689/686/1351 669/687/1351 687/679/1351
f 687/679/1352 669/687/1352 682/677/1352
f 693/688/1353 682/677/1353 669/687/1353
f 694/689/1354 681/680/1354 693/688/1354
f 693/688/1355 681/680/1355 682/677/1355
f 680/676/1356 684/678/1356 681/680/1356
f 690/674/1357 677/673/1357 679/683/1357
f 679/683/1358 677/673/1358 685/682/1358
f 677/673/1359 688/684/1359 685/682/1359
f 678/690/1360 688/684/1360 677/673/1360
f 675/691/1361 674/692/1361 678/690/1361
f 678/690/1362 674/692/1362 688/684/1362
f 688/684/1363 674/692/1363 686/685/1363
f 692/693/1364 689/686/1364 686/685/1364
f 692/693/1365 676/694/1365 689/686/1365
f 676/694/1366 669/687/1366 689/686/1366
f 694/689/1367 672/695/1367 681/680/1367
f 681/680/1368 672/695/1368 680/676/1368
f 672/695/1369 695/675/1369 680/676/1369
f 680/676/1370 679/683/1370 684/678/1370
f 680/676/1371 690/674/1371 679/683/1371
f 677/673/1372 691/672/1372 678/690/1372
f 691/672/1373 675/691/1373 678/690/1373
f 674/692/1374 692/693/1374 686/685/1374
f 674/692/1375 675/691/1375 692/693/1375
f 675/691/1376 670/671/1376 692/693/1376
f 692/693/1377 670/671/1377 676/694/1377
f 670/671/1378 671/696/1378 676/694/1378
f 676/694/1379 694/689/1379 669/687/1379
f 669/687/1380 694/689/1380 693/688/1380
f 676/694/1381 671/696/1381 694/689/1381
f 696/670/1382 695/675/1382 672/695/1382
f 673/669/1383 695/675/1383 696/670/1383
f 695/675/1384 673/669/1384 690/674/1384
f 673/669/1385 675/691/1385 691/672/1385
f 673/669/1386 670/671/1386 675/691/1386
f 694/689/1387 671/696/1387 672/695/1387
f 671/696/1388 696/670/1388 672/695/1388
f 696/670/1389 671/696/1389 670/671/1389
f 697/697/1390 702/698/1390 699/699/1390
f 702/698/1391 704/700/1391 698/701/1391
f 697/697/1392 699/699/1392 711/702/1392
f 698/701/1393 704/700/1393 708/703/1393
f 699/699/1394 698/701/1394 710/704/1394
f 697/697/1395 711/702/1395 706/705/1395
f 698/701/1396 708/703/1396 710/704/1396
f 699/699/1397 710/704/1397 711/702/1397
f 709/706/1398 712/707/1398 701/708/1398
f 700/709/1399 709/706/1399 701/708/1399
f 710/704/1400 700/709/1400 701/708/1400
f 712/707/1401 711/702/1401 701/708/1401
f 711/702/1402 710/704/1402 701/708/1402
f 710/704/1403 708/703/1403 700/709/1403
f 707/710/1404 712/707/1404 709/706/1404
f 707/710/1405 705/711/1405 712/707/1405
f 706/705/1406 711/702/1406 712/707/1406
f 708/703/1407 709/706/1407 700/709/1407
f 708/703/1408 704/700/1408 709/706/1408
f 704/700/1409 703/712/1409 709/706/1409
f 709/706/1410 703/712/1410 707/710/1410
f 703/712/1411 705/711/1411 707/710/1411
f 705/711/1412 706/705/1412 712/707/1412
f 705/711/1413 697/697/1413 706/705/1413
f 702/698/1414 698/701/1414 699/699/1414
f 704/700/1415 702/698/1415 703/712/1415
f 702/698/1416 705/711/1416 703/712/1416
f 702/698/1417 697/697/1417 705/711/1417
f 713/713/1418 717/714/1418 722/715/1418
f 717/714/1419 718/716/1419 714/717/1419
f 713/713/1420 722/715/1420 723/718/1420
f 714/717/1421 718/716/1421 715/719/1421
f 713/713/1422 723/718/1422 719/720/1422
f 714/717/1423 715/719/1423 722/715/1423
f 721/721/1424 724/722/1424 716/723/1424
f 715/719/1425 721/721/1425 716/723/1425
f 722/715/1426 715/719/1426 716/723/1426
f 724/722/1427 723/718/1427 716/723/1427
f 723/718/1428 722/715/1428 716/723/1428
f 720/724/1429 724/722/1429 721/721/1429
f 720/724/1430 719/720/1430 724/722/1430
f 719/720/1431 723/718/1431 724/722/1431
f 715/719/1432 718/716/1432 721/721/1432
f 721/721/1433 718/716/1433 720/724/1433
f 718/716/1434 719/720/1434 720/724/1434
f 717/714/1435 714/717/1435 722/715/1435
f 717/714/1436 719/720/1436 718/716/1436
f 717/714/1437 713/713/1437 719/720/1437
f 736/725/1438 727/726/1438 735/727/1438
f 727/726/1439 764/728/1439 763/729/1439
f 725/730/1440 748/731/1440 734/732/1440
f 749/733/1441 747/734/1441 746/735/1441
f 734/732/1442 748/731/1442 726/736/1442
f 733/737/1443 749/733/1443 746/735/1443
f 728/738/1444 762/739/1444 747/740/1444
f 731/741/1445 752/742/1445 738/743/1445
f 731/741/1446 753/744/1447 752/742/1448
f 731/741/1446 754/745/1449 753/744/1447
f 730/746/1450 755/747/1450 743/748/1450
f 730/746/1451 756/749/1451 755/747/1451
f 728/738/1452 747/740/1452 757/750/1452
f 745/751/1453 759/752/1453 738/743/1453
f 727/726/1454 742/753/1454 764/728/1454
f 742/753/1455 744/754/1455 729/755/1455
f 742/753/1456 727/726/1456 744/754/1456
f 727/726/1457 736/725/1457 744/754/1457
f 764/728/1458 742/753/1458 761/756/1458
f 742/753/1459 729/755/1459 761/756/1459
f 760/757/1460 764/728/1460 761/756/1460
f 735/727/1461 758/758/1461 739/759/1461
f 735/727/1462 763/729/1462 758/758/1462
f 763/729/1463 737/760/1463 758/758/1463
f 729/755/1464 744/754/1464 730/746/1464
f 729/755/1465 730/746/1465 743/748/1465
f 761/756/1466 754/745/1466 731/741/1466
f 761/756/1467 729/755/1467 754/745/1467
f 760/757/1468 761/756/1468 731/741/1468
f 738/743/1469 760/757/1469 731/741/1469
f 738/743/1470 759/752/1470 760/757/1470
f 745/751/1471 738/743/1471 725/730/1471
f 757/750/1472 747/734/1472 749/733/1472
f 755/747/1473 757/750/1473 749/733/1473
f 755/747/1474 756/749/1474 757/750/1474
f 756/749/1475 728/738/1475 757/750/1475
f 743/748/1476 749/733/1476 733/737/1476
f 743/748/1477 755/747/1477 749/733/1477
f 753/744/1478 743/748/1478 733/737/1478
f 753/744/1479 754/745/1479 743/748/1479
f 754/745/1480 729/755/1480 743/748/1480
f 752/742/1481 753/744/1481 740/761/1481
f 753/744/1482 733/737/1482 740/761/1482
f 738/743/1483 748/731/1483 725/730/1483
f 738/743/1484 752/742/1484 748/731/1484
f 752/742/1485 740/761/1485 748/731/1485
f 732/762/1486 745/751/1486 725/730/1486
f 732/762/1487 751/763/1487 745/751/1487
f 747/740/1488 762/739/1488 750/764/1488
f 762/739/1489 732/762/1489 750/764/1489
f 726/736/1490 748/731/1490 746/735/1490
f 748/731/1491 733/737/1491 746/735/1491
f 726/736/1492 741/765/1492 734/732/1492
f 741/765/1493 725/730/1493 734/732/1493
f 747/734/1494 741/765/1494 726/736/1494
f 747/734/1495 750/764/1495 741/765/1495
f 750/764/1496 732/762/1496 741/765/1496
f 746/735/1497 747/734/1497 726/736/1497
f 732/762/1498 725/730/1498 741/765/1498
f 740/761/1499 733/737/1499 748/731/1499
f 739/759/1500 732/762/1500 762/739/1500
f 758/758/1501 751/763/1501 732/762/1501
f 758/758/1502 737/760/1502 751/763/1502
f 737/760/1503 745/751/1503 751/763/1503
f 744/754/1504 756/749/1504 730/746/1504
f 744/754/1505 736/725/1505 756/749/1505
f 736/725/1506 728/738/1506 756/749/1506
f 739/759/1507 758/758/1507 732/762/1507
f 737/760/1508 759/752/1508 745/751/1508
f 736/725/1509 762/739/1509 728/738/1509
f 736/725/1510 735/727/1510 762/739/1510
f 735/727/1511 739/759/1511 762/739/1511
f 727/726/1512 763/729/1512 735/727/1512
f 763/729/1513 759/752/1513 737/760/1513
f 763/729/1514 764/728/1514 759/752/1514
f 764/728/1515 760/757/1515 759/752/1515
f 771/766/1516 768/767/1516 774/768/1516
f 768/767/1517 769/769/1517 765/770/1517
f 771/766/1518 774/768/1518 770/771/1518
f 765/770/1519 769/769/1519 766/772/1519
f 765/770/1520 766/772/1520 774/768/1520
f 773/773/1521 775/774/1521 767/775/1521
f 766/772/1522 773/773/1522 767/775/1522
f 774/768/1523 766/772/1523 767/775/1523
f 776/776/1524 774/768/1524 767/775/1524
f 775/774/1525 776/776/1525 767/775/1525
f 770/771/1526 774/768/1526 776/776/1526
f 772/777/1527 775/774/1527 773/773/1527
f 772/777/1528 771/766/1528 775/774/1528
f 771/766/1529 776/776/1529 775/774/1529
f 771/766/1530 770/771/1530 776/776/1530
f 766/772/1531 769/769/1531 773/773/1531
f 773/773/1532 769/769/1532 772/777/1532
f 769/769/1533 771/766/1533 772/777/1533
f 768/767/1534 765/770/1534 774/768/1534
f 768/767/1535 771/766/1535 769/769/1535
f 805/778/1536 802/779/1536 796/780/1536
f 804/781/1537 800/782/1537 795/783/1537
f 803/784/1538 780/785/1538 797/786/1538
f 803/784/1539 797/786/1539 801/787/1539
f 805/778/1540 796/780/1540 783/788/1540
f 794/789/1541 789/790/1542 786/791/1543
f 786/791/1543 789/790/1542 788/792/1544
f 786/791/1545 788/792/1546 777/793/1546
f 788/792/1546 787/794/1547 777/793/1546
f 788/792/1548 790/795/1548 787/794/1548
f 790/795/1549 791/796/1549 787/794/1549
f 791/796/1550 792/797/1550 787/794/1550
f 787/794/1551 792/797/1551 777/793/1551
f 792/797/1552 793/798/1552 777/793/1552
f 793/798/1553 785/799/1553 777/793/1553
f 777/793/1554 785/799/1554 786/791/1554
f 781/800/1555 794/789/1555 785/799/1555
f 785/799/1556 794/789/1556 786/791/1556
f 798/801/1557 789/790/1557 794/789/1557
f 804/781/1558 795/783/1558 798/801/1558
f 798/801/1559 795/783/1559 789/790/1559
f 795/783/1560 788/792/1560 789/790/1560
f 784/802/1561 790/795/1561 799/803/1561
f 799/803/1562 790/795/1562 788/792/1562
f 784/802/1563 782/804/1563 790/795/1563
f 783/788/1564 791/796/1564 790/795/1564
f 783/788/1565 796/780/1565 791/796/1565
f 796/780/1566 792/797/1566 791/796/1566
f 801/787/1567 793/798/1567 792/797/1567
f 801/787/1568 797/786/1568 793/798/1568
f 797/786/1569 785/799/1569 793/798/1569
f 797/786/1570 781/800/1570 785/799/1570
f 797/786/1571 798/801/1571 781/800/1571
f 798/801/1572 794/789/1572 781/800/1572
f 797/786/1573 780/785/1573 798/801/1573
f 795/783/1574 799/803/1574 788/792/1574
f 795/783/1575 800/782/1575 799/803/1575
f 800/782/1576 784/802/1576 799/803/1576
f 782/804/1577 783/788/1577 790/795/1577
f 782/804/1578 805/778/1578 783/788/1578
f 796/780/1579 801/787/1579 792/797/1579
f 796/780/1580 802/779/1580 801/787/1580
f 802/779/1581 803/784/1581 801/787/1581
f 780/785/1582 804/781/1582 798/801/1582
f 806/805/1583 800/782/1583 804/781/1583
f 806/805/1584 779/806/1584 800/782/1584
f 800/782/1585 782/804/1585 784/802/1585
f 800/782/1586 779/806/1586 782/804/1586
f 779/806/1587 805/778/1587 782/804/1587
f 779/806/1588 802/779/1588 805/778/1588
f 779/806/1589 778/807/1589 802/779/1589
f 778/807/1590 803/784/1590 802/779/1590
f 780/785/1591 806/805/1591 804/781/1591
f 803/784/1592 806/805/1592 780/785/1592
f 779/806/1593 806/805/1593 778/807/1593
f 778/807/1594 806/805/1594 803/784/1594
f 807/808/1418 811/809/1418 816/810/1418
f 811/809/1419 812/811/1419 808/812/1419
f 807/808/1420 816/810/1420 817/813/1420
f 808/812/1421 812/811/1421 809/814/1421
f 807/808/1422 817/813/1422 813/815/1422
f 808/812/1423 809/814/1423 816/810/1423
f 815/816/1424 818/817/1424 810/818/1424
f 809/814/1425 815/816/1425 810/818/1425
f 816/810/1595 809/814/1595 810/818/1595
f 818/817/1427 817/813/1427 810/818/1427
f 817/813/1428 816/810/1428 810/818/1428
f 814/819/1429 818/817/1429 815/816/1429
f 814/819/1430 813/815/1430 818/817/1430
f 813/815/1431 817/813/1431 818/817/1431
f 809/814/1432 812/811/1432 815/816/1432
f 815/816/1433 812/811/1433 814/819/1433
f 812/811/1434 813/815/1434 814/819/1434
f 811/809/1435 808/812/1435 816/810/1435
f 811/809/1436 813/815/1436 812/811/1436
f 811/809/1437 807/808/1437 813/815/1437
f 819/820/1596 824/821/1596 821/822/1596
f 824/821/1597 825/823/1597 820/824/1597
f 819/820/1598 821/822/1598 830/825/1598
f 820/824/1599 825/823/1599 822/826/1599
f 821/822/1600 820/824/1600 829/827/1600
f 819/820/1601 830/825/1601 826/828/1601
f 820/824/1602 822/826/1602 829/827/1602
f 821/822/1603 829/827/1603 830/825/1603
f 828/829/1604 831/830/1604 823/831/1604
f 822/826/1605 828/829/1605 823/831/1605
f 829/827/1606 822/826/1606 823/831/1606
f 831/830/1607 830/825/1607 823/831/1607
f 830/825/1608 829/827/1608 823/831/1608
f 827/832/1609 831/830/1609 828/829/1609
f 827/832/1610 826/828/1610 831/830/1610
f 826/828/1611 830/825/1611 831/830/1611
f 822/826/1612 825/823/1612 828/829/1612
f 828/829/1613 825/823/1613 827/832/1613
f 825/823/1614 826/828/1614 827/832/1614
f 824/821/1615 820/824/1615 821/822/1615
f 824/821/1616 826/828/1616 825/823/1616
f 824/821/1617 819/820/1617 826/828/1617
f 832/833/1618 836/834/1618 840/835/1618
f 836/834/1619 837/836/1619 833/837/1619
f 832/833/1620 840/835/1620 841/838/1620
f 833/837/1621 837/836/1621 834/839/1621
f 833/837/1622 834/839/1622 840/835/1622
f 839/840/1623 842/841/1623 835/842/1623
f 834/839/1624 839/840/1624 835/842/1624
f 840/835/1625 834/839/1625 835/842/1625
f 842/841/1626 841/838/1626 835/842/1626
f 841/838/1627 840/835/1627 835/842/1627
f 838/843/1628 842/841/1628 839/840/1628
f 832/833/1629 841/838/1629 842/841/1629
f 834/839/1630 837/836/1630 839/840/1630
f 839/840/1631 837/836/1631 838/843/1631
f 838/843/1632 832/833/1632 842/841/1632
f 836/834/1633 833/837/1633 840/835/1633
f 836/834/1634 838/843/1634 837/836/1634
f 836/834/1635 832/833/1635 838/843/1635
f 843/844/1636 848/845/1636 844/846/1636
f 847/847/1637 850/848/1637 848/845/1637
f 843/844/1638 844/846/1638 851/849/1638
f 848/845/1639 850/848/1639 855/850/1639
f 844/846/1640 848/845/1640 857/851/1640
f 843/844/1641 851/849/1641 853/852/1641
f 848/845/1642 855/850/1642 857/851/1642
f 844/846/1643 857/851/1643 851/849/1643
f 856/853/1644 858/854/1644 860/855/1644
f 845/856/1645 856/853/1645 860/855/1645
f 857/851/1646 845/856/1646 846/857/1646
f 859/858/1647 857/851/1647 846/857/1647
f 846/857/1648 845/856/1648 860/855/1648
f 860/855/1649 858/854/1649 846/857/1649
f 858/854/1650 859/858/1650 846/857/1650
f 851/849/1651 857/851/1651 859/858/1651
f 857/851/1652 855/850/1652 845/856/1652
f 854/859/1653 858/854/1653 856/853/1653
f 854/859/1654 852/860/1654 858/854/1654
f 853/852/1655 859/858/1655 858/854/1655
f 853/852/1656 851/849/1656 859/858/1656
f 855/850/1657 856/853/1657 845/856/1657
f 855/850/1658 850/848/1658 856/853/1658
f 850/848/1659 849/861/1659 856/853/1659
f 856/853/1660 849/861/1660 854/859/1660
f 849/861/1661 852/860/1661 854/859/1661
f 852/860/1662 853/852/1662 858/854/1662
f 852/860/1663 843/844/1663 853/852/1663
f 850/848/1664 847/847/1664 849/861/1664
f 847/847/1665 852/860/1665 849/861/1665
f 847/847/1666 843/844/1666 852/860/1666
f 847/847/1667 848/845/1667 843/844/1667
f 864/862/1668 862/863/1668 879/864/1668
f 864/862/1669 875/865/1669 866/866/1669
f 864/862/1670 866/866/1670 874/867/1670
f 861/868/1671 869/869/1671 871/870/1671
f 861/868/1672 877/871/1672 869/869/1672
f 869/869/1673 868/872/1673 871/870/1673
f 869/869/1674 870/873/1674 868/872/1674
f 870/873/1675 872/874/1675 868/872/1675
f 872/874/1676 871/870/1676 868/872/1676
f 872/874/1677 873/875/1677 871/870/1677
f 873/875/1678 861/868/1678 871/870/1678
f 863/876/1679 869/869/1679 877/871/1679
f 874/867/1680 866/866/1680 870/873/1680
f 866/866/1681 872/874/1681 870/873/1681
f 867/877/1682 872/874/1682 866/866/1682
f 876/878/1683 873/875/1683 872/874/1683
f 876/878/1684 865/879/1684 873/875/1684
f 865/879/1685 861/868/1685 873/875/1685
f 878/880/1686 863/876/1686 877/871/1686
f 863/876/1687 870/873/1687 869/869/1687
f 863/876/1688 874/867/1688 870/873/1688
f 866/866/1689 875/865/1689 867/877/1689
f 875/865/1690 879/864/1690 867/877/1690
f 879/864/1691 876/878/1691 867/877/1691
f 867/877/1692 876/878/1692 872/874/1692
f 865/879/1693 878/880/1693 861/868/1693
f 861/868/1694 878/880/1694 877/871/1694
f 865/879/1695 862/863/1695 878/880/1695
f 864/862/1696 879/864/1696 875/865/1696
f 878/880/1697 862/863/1697 863/876/1697
f 863/876/1698 862/863/1698 874/867/1698
f 862/863/1699 864/862/1699 874/867/1699
f 879/864/1700 865/879/1700 876/878/1700
f 879/864/1701 862/863/1701 865/879/1701
f 880/881/1702 884/882/1702 887/883/1702
f 884/882/1703 885/884/1703 881/885/1703
f 880/881/1704 887/883/1704 888/886/1704
f 881/885/1705 885/884/1705 882/887/1705
f 881/885/1706 882/887/1706 887/883/1706
f 887/883/1707 882/887/1707 883/888/1707
f 889/889/1708 888/886/1708 883/888/1708
f 888/886/1709 887/883/1709 883/888/1709
f 885/884/1710 883/888/1710 882/887/1710
f 886/890/1711 889/889/1711 883/888/1711
f 880/881/1712 888/886/1712 889/889/1712
f 885/884/1713 886/890/1713 883/888/1713
f 886/890/1714 880/881/1714 889/889/1714
f 884/882/1715 881/885/1715 887/883/1715
f 884/882/1716 886/890/1716 885/884/1716
f 884/882/1717 880/881/1717 886/890/1717
f 894/891/1718 890/892/1718 896/893/1718
f 894/891/1719 896/893/1719 897/894/1719
f 890/892/1720 893/895/1720 891/896/1720
f 890/892/1721 891/896/1721 896/893/1721
f 893/895/1722 895/897/1722 892/898/1722
f 891/896/1723 893/895/1723 892/898/1723
f 896/893/1724 891/896/1724 892/898/1724
f 895/897/1725 897/894/1725 892/898/1725
f 897/894/1726 896/893/1726 892/898/1726
f 894/891/1727 897/894/1727 895/897/1727
f 893/895/1728 894/891/1728 895/897/1728
f 890/892/1729 894/891/1729 893/895/1729
f 900/899/1730 905/900/1730 906/901/1730
f 900/899/1731 906/901/1731 902/902/1731
f 901/903/1732 898/904/1732 905/900/1732
f 904/905/1733 907/906/1733 899/907/1733
f 898/904/1734 904/905/1734 899/907/1734
f 905/900/1735 898/904/1735 899/907/1735
f 907/906/1736 906/901/1736 899/907/1736
f 906/901/1737 905/900/1737 899/907/1737
f 903/908/1738 907/906/1738 904/905/1738
f 903/908/1739 902/902/1739 907/906/1739
f 902/902/1740 906/901/1740 907/906/1740
f 898/904/1741 901/903/1741 904/905/1741
f 901/903/1742 903/908/1742 904/905/1742
f 900/899/1743 901/903/1743 905/900/1743
f 901/903/1744 900/899/1744 903/908/1744
f 900/899/1745 902/902/1745 903/908/1745
f 913/909/1746 911/910/1746 916/911/1746
f 911/910/1747 912/912/1747 908/913/1747
f 913/909/1748 916/911/1748 917/914/1748
f 908/913/1749 912/912/1749 909/915/1749
f 908/913/1750 909/915/1750 916/911/1750
f 915/916/1751 918/917/1751 910/918/1751
f 909/915/1752 915/916/1752 910/918/1752
f 916/911/1753 909/915/1753 910/918/1753
f 918/917/1754 917/914/1754 910/918/1754
f 917/914/1755 916/911/1755 910/918/1755
f 914/919/1756 918/917/1756 915/916/1756
f 914/919/1757 913/909/1757 918/917/1757
f 913/909/1758 917/914/1758 918/917/1758
f 909/915/1759 912/912/1759 915/916/1759
f 915/916/1760 912/912/1760 914/919/1760
f 912/912/1761 913/909/1761 914/919/1761
f 911/910/1762 908/913/1762 916/911/1762
f 911/910/1763 913/909/1763 912/912/1763
f 925/920/1764 922/921/1764 928/922/1764
f 922/921/1765 923/923/1765 919/924/1765
f 925/920/1766 928/922/1766 924/925/1766
f 919/924/1767 923/923/1767 920/926/1767
f 919/924/1768 920/926/1768 928/922/1768
f 927/927/1769 929/928/1769 921/929/1769
f 920/926/1770 927/927/1770 921/929/1770
f 928/922/1771 920/926/1771 921/929/1771
f 930/930/1772 928/922/1772 921/929/1772
f 929/928/1773 930/930/1773 921/929/1773
f 924/925/1774 928/922/1774 930/930/1774
f 926/931/1775 929/928/1775 927/927/1775
f 926/931/1776 925/920/1776 929/928/1776
f 925/920/1777 930/930/1777 929/928/1777
f 925/920/1778 924/925/1778 930/930/1778
f 920/926/1779 923/923/1779 927/927/1779
f 923/923/1780 926/931/1780 927/927/1780
f 922/921/1781 919/924/1781 928/922/1781
f 923/923/1782 922/921/1782 926/931/1782
f 922/921/1783 925/920/1783 926/931/1783
f 931/932/1784 935/933/1784 941/934/1784
f 935/933/1785 936/935/1785 932/936/1785
f 931/932/1786 941/934/1786 937/937/1786
f 932/936/1787 936/935/1787 933/938/1787
f 931/932/1788 937/937/1788 938/939/1788
f 932/936/1789 933/938/1789 941/934/1789
f 940/940/1790 942/941/1790 934/942/1790
f 933/938/1770 940/940/1770 934/942/1770
f 941/934/1771 933/938/1771 934/942/1771
f 943/943/1772 941/934/1772 934/942/1772
f 942/941/1791 943/943/1791 934/942/1791
f 937/937/1774 941/934/1774 943/943/1774
f 939/944/1792 942/941/1792 940/940/1792
f 939/944/1793 938/939/1793 942/941/1793
f 938/939/1794 943/943/1794 942/941/1794
f 938/939/1795 937/937/1795 943/943/1795
f 933/938/1779 936/935/1779 940/940/1779
f 936/935/1780 939/944/1780 940/940/1780
f 935/933/1796 932/936/1796 941/934/1796
f 936/935/1797 935/933/1797 939/944/1797
f 935/933/1798 938/939/1798 939/944/1798
f 935/933/1799 931/932/1799 938/939/1799
f 958/945/1800 957/946/1800 959/947/1800
f 957/946/1801 958/945/1801 944/948/1801
f 959/947/1802 953/949/1802 951/950/1802
f 959/947/1803 951/950/1803 956/951/1803
f 945/952/1804 950/953/1804 948/954/1804
f 948/954/1805 946/955/1805 945/952/1805
f 947/956/1806 946/955/1806 948/954/1806
f 946/955/1807 949/957/1807 945/952/1807
f 946/955/1808 954/958/1808 949/957/1808
f 949/957/1809 950/953/1809 945/952/1809
f 956/951/1810 951/950/1810 950/953/1810
f 951/950/1811 948/954/1811 950/953/1811
f 953/949/1812 947/956/1812 948/954/1812
f 944/948/1813 946/955/1813 953/949/1813
f 953/949/1814 946/955/1814 947/956/1814
f 952/959/1815 949/957/1815 954/958/1815
f 951/950/1816 953/949/1816 948/954/1816
f 953/949/1817 957/946/1817 944/948/1817
f 944/948/1818 954/958/1818 946/955/1818
f 944/948/1819 958/945/1819 954/958/1819
f 958/945/1820 952/959/1820 954/958/1820
f 952/959/1821 955/960/1821 949/957/1821
f 949/957/1822 955/960/1822 950/953/1822
f 955/960/1823 956/951/1823 950/953/1823
f 959/947/1824 957/946/1824 953/949/1824
f 958/945/1825 955/960/1825 952/959/1825
f 958/945/1826 959/947/1826 955/960/1826
f 959/947/1827 956/951/1827 955/960/1827
f 960/961/1828 965/962/1828 962/963/1828
f 965/962/1829 966/964/1829 961/965/1829
f 960/961/1830 962/963/1830 972/966/1830
f 961/965/1831 966/964/1831 969/967/1831
f 962/963/1832 961/965/1832 971/968/1832
f 960/961/1833 972/966/1833 967/969/1833
f 961/965/1834 969/967/1834 971/968/1834
f 962/963/1835 971/968/1835 972/966/1835
f 970/970/1836 973/971/1836 964/972/1836
f 963/973/1837 970/970/1837 964/972/1837
f 971/968/1838 963/973/1838 964/972/1838
f 973/971/1839 972/966/1839 964/972/1839
f 972/966/1840 971/968/1840 964/972/1840
f 971/968/1841 969/967/1841 963/973/1841
f 968/974/1842 973/971/1842 970/970/1842
f 968/974/1843 967/969/1843 973/971/1843
f 967/969/1844 972/966/1844 973/971/1844
f 969/967/1845 970/970/1845 963/973/1845
f 969/967/1846 966/964/1846 970/970/1846
f 970/970/1847 966/964/1847 968/974/1847
f 966/964/1848 967/969/1848 968/974/1848
f 965/962/1849 961/965/1849 962/963/1849
f 965/962/1850 967/969/1850 966/964/1850
f 965/962/1851 960/961/1851 967/969/1851
f 974/975/1852 978/976/1852 984/977/1852
f 978/976/1853 979/978/1853 975/979/1853
f 974/975/1854 984/977/1854 980/980/1854
f 975/979/1855 979/978/1855 976/981/1855
f 974/975/1856 980/980/1856 981/982/1856
f 975/979/1857 976/981/1857 984/977/1857
f 983/983/1858 982/984/1858 977/985/1858
f 976/981/1859 983/983/1859 977/985/1859
f 984/977/1860 976/981/1860 977/985/1860
f 985/986/1861 984/977/1861 977/985/1861
f 982/984/1862 985/986/1862 977/985/1862
f 980/980/1863 984/977/1863 985/986/1863
f 981/982/1864 985/986/1864 982/984/1864
f 981/982/1865 980/980/1865 985/986/1865
f 976/981/1866 979/978/1866 983/983/1866
f 983/983/1867 979/978/1867 982/984/1867
f 979/978/1868 981/982/1868 982/984/1868
f 978/976/1869 975/979/1869 984/977/1869
f 978/976/1870 981/982/1870 979/978/1870
f 978/976/1871 974/975/1871 981/982/1871
f 986/987/1872 992/988/1872 988/989/1872
f 992/988/1873 994/990/1873 987/991/1873
f 986/987/1874 988/989/1874 1001/992/1874
f 987/991/1875 994/990/1875 998/993/1875
f 988/989/1876 987/991/1876 1000/994/1876
f 986/987/1877 1001/992/1877 996/995/1877
f 987/991/1878 998/993/1878 1000/994/1878
f 988/989/1879 1000/994/1879 1001/992/1879
f 989/996/1880 1002/997/1880 1004/998/1880
f 990/999/1881 989/996/1881 1004/998/1881
f 1000/994/1882 990/999/1882 991/1000/1882
f 1003/1001/1883 1001/992/1883 991/1000/1883
f 1001/992/1884 1000/994/1884 991/1000/1884
f 991/1000/1885 990/999/1885 1004/998/1885
f 1004/998/1886 1002/997/1886 991/1000/1886
f 1002/997/1887 1003/1001/1887 991/1000/1887
f 1000/994/1888 998/993/1888 990/999/1888
f 999/1002/1889 989/996/1889 990/999/1889
f 997/1003/1890 1002/997/1890 989/996/1890
f 997/1003/1891 995/1004/1891 1002/997/1891
f 996/995/1892 1003/1001/1892 1002/997/1892
f 996/995/1893 1001/992/1893 1003/1001/1893
f 998/993/1894 999/1002/1894 990/999/1894
f 998/993/1895 994/990/1895 999/1002/1895
f 994/990/1896 993/1005/1896 999/1002/1896
f 999/1002/1897 997/1003/1897 989/996/1897
f 999/1002/1898 993/1005/1898 997/1003/1898
f 993/1005/1899 995/1004/1899 997/1003/1899
f 995/1004/1900 996/995/1900 1002/997/1900
f 995/1004/1901 986/987/1901 996/995/1901
f 992/988/1902 987/991/1902 988/989/1902
f 994/990/1903 992/988/1903 993/1005/1903
f 992/988/1904 995/1004/1904 993/1005/1904
f 992/988/1905 986/987/1905 995/1004/1905
f 1005/1006/1906 1010/1007/1906 1007/1008/1906
f 1010/1007/1907 1012/1009/1907 1006/1010/1907
f 1005/1006/1908 1007/1008/1908 1019/1011/1908
f 1006/1010/1909 1012/1009/1909 1016/1012/1909
f 1007/1008/1910 1006/1010/1910 1018/1013/1910
f 1005/1006/1911 1019/1011/1911 1014/1014/1911
f 1006/1010/1912 1016/1012/1912 1018/1013/1912
f 1007/1008/1913 1018/1013/1913 1019/1011/1913
f 1017/1015/1914 1020/1016/1914 1009/1017/1914
f 1008/1018/1915 1017/1015/1915 1009/1017/1915
f 1018/1013/1916 1008/1018/1916 1009/1017/1916
f 1020/1016/1917 1019/1011/1917 1009/1017/1917
f 1019/1011/1918 1018/1013/1918 1009/1017/1918
f 1018/1013/1919 1016/1012/1919 1008/1018/1919
f 1015/1019/1920 1020/1016/1920 1017/1015/1920
f 1015/1019/1921 1013/1020/1921 1020/1016/1921
f 1014/1014/1922 1019/1011/1922 1020/1016/1922
f 1016/1012/1923 1017/1015/1923 1008/1018/1923
f 1016/1012/1924 1012/1009/1924 1017/1015/1924
f 1012/1009/1925 1011/1021/1925 1017/1015/1925
f 1017/1015/1926 1011/1021/1926 1015/1019/1926
f 1011/1021/1927 1013/1020/1927 1015/1019/1927
f 1013/1020/1928 1014/1014/1928 1020/1016/1928
f 1013/1020/1929 1005/1006/1929 1014/1014/1929
f 1010/1007/1930 1006/1010/1930 1007/1008/1930
f 1012/1009/1931 1010/1007/1931 1011/1021/1931
f 1010/1007/1932 1013/1020/1932 1011/1021/1932
f 1010/1007/1933 1005/1006/1933 1013/1020/1933
f 1145/1022/1934 1129/1023/1934 1124/1024/1934
f 1024/1025/1935 1147/1026/1935 1120/1027/1935
f 1145/1022/1936 1124/1024/1936 1131/1028/1936
f 1021/1029/1937 1125/1030/1937 1134/1031/1937
f 1022/1032/1938 1126/1033/1938 1030/1034/1938
f 1030/1034/1939 1133/1035/1939 1023/1036/1939
f 1137/1037/1940 1146/1038/1940 1136/1039/1940
f 1144/1040/1941 1136/1039/1941 1130/1041/1941
f 1144/1040/1942 1137/1037/1942 1136/1039/1942
f 1132/1042/1943 1140/1043/1943 1139/1044/1943
f 1135/1045/1944 1144/1040/1944 1130/1041/1944
f 1135/1045/1945 1145/1022/1945 1144/1040/1945
f 1141/1046/1946 1147/1026/1946 1143/1047/1946
f 1024/1025/1947 1129/1023/1947 1147/1026/1947
f 1031/1048/1948 1036/1049/1948 1033/1050/1948
f 1036/1049/1949 1038/1051/1949 1032/1052/1949
f 1031/1048/1950 1033/1050/1950 1045/1053/1950
f 1032/1052/1951 1038/1051/1951 1042/1054/1951
f 1033/1050/1952 1032/1052/1952 1044/1055/1952
f 1031/1048/1953 1045/1053/1953 1040/1056/1953
f 1032/1052/1954 1042/1054/1954 1044/1055/1954
f 1033/1050/1955 1044/1055/1955 1045/1053/1955
f 1043/1057/1956 1046/1058/1956 1035/1059/1956
f 1034/1060/1957 1043/1057/1957 1035/1059/1957
f 1044/1055/1958 1034/1060/1958 1035/1059/1958
f 1047/1061/1959 1045/1053/1959 1035/1059/1959
f 1045/1053/1960 1044/1055/1960 1035/1059/1960
f 1046/1058/1961 1047/1061/1961 1035/1059/1961
f 1044/1055/1962 1042/1054/1962 1034/1060/1962
f 1041/1062/1963 1046/1058/1963 1043/1057/1963
f 1041/1062/1964 1039/1063/1964 1046/1058/1964
f 1040/1056/1965 1047/1061/1965 1046/1058/1965
f 1040/1056/1966 1045/1053/1966 1047/1061/1966
f 1042/1054/1967 1043/1057/1967 1034/1060/1967
f 1042/1054/1968 1038/1051/1968 1043/1057/1968
f 1038/1051/1969 1037/1064/1969 1043/1057/1969
f 1043/1057/1970 1037/1064/1970 1041/1062/1970
f 1037/1064/1971 1039/1063/1971 1041/1062/1971
f 1039/1063/1972 1040/1056/1972 1046/1058/1972
f 1039/1063/1973 1031/1048/1973 1040/1056/1973
f 1036/1049/1974 1032/1052/1974 1033/1050/1974
f 1038/1051/1975 1036/1049/1975 1037/1064/1975
f 1036/1049/1976 1039/1063/1976 1037/1064/1976
f 1036/1049/1977 1031/1048/1977 1039/1063/1977
f 1053/1065/1978 1050/1066/1978 1049/1067/1978
f 1053/1065/1979 1065/1068/1979 1055/1069/1979
f 1053/1065/1980 1055/1069/1980 1064/1070/1980
f 1058/1071/1981 1060/1072/1981 1062/1073/1981
f 1058/1071/1982 1067/1074/1982 1060/1072/1982
f 1060/1072/1983 1059/1075/1983 1062/1073/1983
f 1060/1072/1984 1061/1076/1984 1059/1075/1984
f 1061/1076/1985 1063/1077/1985 1059/1075/1985
f 1063/1077/1986 1062/1073/1986 1059/1075/1986
f 1063/1077/1987 1066/1078/1987 1062/1073/1987
f 1066/1078/1988 1048/1079/1988 1062/1073/1988
f 1062/1073/1989 1048/1079/1989 1058/1071/1989
f 1067/1074/1990 1058/1071/1990 1048/1079/1990
f 1057/1080/1991 1060/1072/1991 1067/1074/1991
f 1064/1070/1992 1055/1069/1992 1061/1076/1992
f 1055/1069/1993 1063/1077/1993 1061/1076/1993
f 1056/1081/1994 1063/1077/1994 1055/1069/1994
f 1068/1082/1995 1052/1083/1995 1067/1074/1995
f 1067/1074/1996 1052/1083/1996 1057/1080/1996
f 1052/1083/1997 1051/1084/1997 1057/1080/1997
f 1057/1080/1998 1061/1076/1998 1060/1072/1998
f 1057/1080/1999 1064/1070/1999 1061/1076/1999
f 1057/1080/2000 1051/1084/2000 1064/1070/2000
f 1051/1084/2001 1053/1065/2001 1064/1070/2001
f 1055/1069/2002 1065/1068/2002 1056/1081/2002
f 1065/1068/2003 1054/1085/2003 1056/1081/2003
f 1056/1081/2004 1066/1078/2004 1063/1077/2004
f 1056/1081/2005 1054/1085/2005 1066/1078/2005
f 1054/1085/2006 1049/1067/2006 1066/1078/2006
f 1066/1078/2007 1049/1067/2007 1048/1079/2007
f 1049/1067/2008 1050/1066/2008 1048/1079/2008
f 1048/1079/2009 1068/1082/2009 1067/1074/2009
f 1048/1079/2010 1050/1066/2010 1068/1082/2010
f 1053/1065/2011 1054/1085/2011 1065/1068/2011
f 1053/1065/2012 1049/1067/2012 1054/1085/2012
f 1068/1082/2013 1050/1066/2013 1052/1083/2013
f 1052/1083/2014 1050/1066/2014 1051/1084/2014
f 1050/1066/2015 1053/1065/2015 1051/1084/2015
f 1069/1086/2016 1074/1087/2016 1071/1088/2016
f 1074/1087/2017 1075/1089/2017 1070/1090/2017
f 1069/1086/2018 1071/1088/2018 1080/1091/2018
f 1070/1090/2019 1075/1089/2019 1072/1092/2019
f 1071/1088/2020 1070/1090/2020 1079/1093/2020
f 1069/1086/2021 1080/1091/2021 1076/1094/2021
f 1070/1090/2022 1072/1092/2022 1079/1093/2022
f 1071/1088/2023 1079/1093/2023 1080/1091/2023
f 1078/1095/2024 1081/1096/2024 1073/1097/2024
f 1072/1092/2025 1078/1095/2025 1073/1097/2025
f 1079/1093/2026 1072/1092/2026 1073/1097/2026
f 1081/1096/2027 1080/1091/2027 1073/1097/2027
f 1080/1091/2028 1079/1093/2028 1073/1097/2028
f 1077/1098/2029 1081/1096/2029 1078/1095/2029
f 1077/1098/2030 1076/1094/2030 1081/1096/2030
f 1076/1094/2031 1080/1091/2031 1081/1096/2031
f 1072/1092/2032 1075/1089/2032 1078/1095/2032
f 1075/1089/2033 1077/1098/2033 1078/1095/2033
f 1074/1087/2034 1070/1090/2034 1071/1088/2034
f 1075/1089/2035 1074/1087/2035 1077/1098/2035
f 1074/1087/2036 1076/1094/2036 1077/1098/2036
f 1074/1087/2037 1069/1086/2037 1076/1094/2037
f 1086/1099/2038 1088/1100/2038 1082/1101/2038
f 1086/1099/2039 1082/1101/2039 1087/1102/2039
f 1087/1102/2040 1083/1103/2040 1089/1104/2040
f 1082/1101/2041 1088/1100/2041 1084/1105/2041
f 1083/1103/2042 1082/1101/2042 1093/1106/2042
f 1087/1102/2043 1089/1104/2043 1090/1107/2043
f 1082/1101/2044 1084/1105/2044 1093/1106/2044
f 1083/1103/2045 1093/1106/2045 1089/1104/2045
f 1092/1108/2046 1091/1109/2046 1085/1110/2046
f 1084/1105/2047 1092/1108/2047 1085/1110/2047
f 1093/1106/2048 1084/1105/2048 1085/1110/2048
f 1094/1111/2049 1093/1106/2049 1085/1110/2049
f 1091/1109/2050 1094/1111/2050 1085/1110/2050
f 1089/1104/2051 1093/1106/2051 1094/1111/2051
f 1090/1107/2052 1094/1111/2053 1091/1109/2054
f 1090/1107/2052 1089/1104/2055 1094/1111/2053
f 1084/1105/2056 1088/1100/2056 1092/1108/2056
f 1092/1108/2057 1088/1100/2057 1091/1109/2057
f 1088/1100/2058 1090/1107/2058 1091/1109/2058
f 1087/1102/2059 1082/1101/2059 1083/1103/2059
f 1086/1099/2060 1090/1107/2060 1088/1100/2060
f 1086/1099/2061 1087/1102/2061 1090/1107/2061
f 1095/1112/2062 1099/1113/2062 1105/1114/2062
f 1099/1113/2063 1100/1115/2063 1096/1116/2063
f 1095/1112/2064 1105/1114/2064 1101/1117/2064
f 1096/1116/2065 1100/1115/2065 1097/1118/2065
f 1095/1112/2066 1101/1117/2066 1102/1119/2066
f 1096/1116/2067 1097/1118/2067 1105/1114/2067
f 1104/1120/2068 1103/1121/2068 1098/1122/2068
f 1097/1118/2069 1104/1120/2069 1098/1122/2069
f 1105/1114/2070 1097/1118/2070 1098/1122/2070
f 1106/1123/2071 1105/1114/2071 1098/1122/2071
f 1103/1121/2072 1106/1123/2072 1098/1122/2072
f 1101/1117/2073 1105/1114/2073 1106/1123/2073
f 1102/1119/2074 1106/1123/2074 1103/1121/2074
f 1102/1119/2075 1101/1117/2075 1106/1123/2075
f 1097/1118/2076 1100/1115/2076 1104/1120/2076
f 1104/1120/2077 1100/1115/2077 1103/1121/2077
f 1100/1115/2078 1102/1119/2078 1103/1121/2078
f 1099/1113/2079 1096/1116/2079 1105/1114/2079
f 1099/1113/2080 1102/1119/2080 1100/1115/2080
f 1099/1113/2081 1095/1112/2081 1102/1119/2081
f 1107/1124/2082 1112/1125/2082 1109/1126/2082
f 1112/1125/2083 1113/1127/2083 1108/1128/2083
f 1107/1124/2084 1109/1126/2084 1118/1129/2084
f 1108/1128/2085 1113/1127/2085 1110/1130/2085
f 1109/1126/2086 1108/1128/2086 1117/1131/2086
f 1107/1124/2087 1118/1129/2087 1114/1132/2087
f 1108/1128/2088 1110/1130/2088 1117/1131/2088
f 1109/1126/2089 1117/1131/2089 1118/1129/2089
f 1116/1133/2090 1119/1134/2090 1111/1135/2090
f 1110/1130/2091 1116/1133/2091 1111/1135/2091
f 1117/1131/2092 1110/1130/2092 1111/1135/2092
f 1119/1134/2093 1118/1129/2093 1111/1135/2093
f 1118/1129/2094 1117/1131/2094 1111/1135/2094
f 1115/1136/2095 1119/1134/2095 1116/1133/2095
f 1115/1136/2096 1114/1132/2096 1119/1134/2096
f 1114/1132/2097 1118/1129/2097 1119/1134/2097
f 1110/1130/2098 1113/1127/2098 1116/1133/2098
f 1113/1127/2099 1115/1136/2099 1116/1133/2099
f 1112/1125/2100 1108/1128/2100 1109/1126/2100
f 1113/1127/2101 1112/1125/2101 1115/1136/2101
f 1112/1125/2102 1114/1132/2102 1115/1136/2102
f 1112/1125/2103 1107/1124/2103 1114/1132/2103
f 1024/1025/2104 1025/1137/2104 1129/1023/2104
f 1129/1023/2105 1145/1022/2105 1135/1045/2105
f 1147/1026/2106 1135/1045/2106 1143/1047/2106
f 1147/1026/2107 1129/1023/2107 1135/1045/2107
f 1024/1025/2108 1122/1138/2108 1025/1137/2108
f 1144/1040/2109 1145/1022/2109 1131/1028/2109
f 1143/1047/2110 1135/1045/2110 1026/1139/2110
f 1142/1140/2111 1143/1047/2111 1026/1139/2111
f 1027/1141/2112 1121/1142/2112 1021/1029/2112
f 1027/1141/2113 1142/1140/2113 1121/1142/2113
f 1142/1140/2114 1026/1139/2114 1121/1142/2114
f 1141/1046/2115 1142/1140/2115 1027/1141/2115
f 1141/1046/2116 1143/1047/2116 1142/1140/2116
f 1139/1044/2117 1141/1046/2117 1027/1141/2117
f 1139/1044/2118 1140/1043/2118 1141/1046/2118
f 1132/1042/2119 1123/1143/2119 1022/1032/2119
f 1132/1042/2120 1139/1044/2120 1123/1143/2120
f 1139/1044/2121 1027/1141/2121 1123/1143/2121
f 1136/1039/2122 1127/1144/2122 1029/1145/2122
f 1130/1041/2123 1136/1039/2123 1029/1145/2123
f 1026/1139/2124 1130/1041/2124 1029/1145/2124
f 1026/1139/2125 1135/1045/2125 1130/1041/2125
f 1121/1142/2126 1125/1030/2126 1021/1029/2126
f 1121/1142/2127 1026/1139/2127 1125/1030/2127
f 1026/1139/2128 1029/1145/2128 1125/1030/2128
f 1123/1143/2129 1126/1033/2129 1022/1032/2129
f 1123/1143/2130 1027/1141/2130 1126/1033/2130
f 1027/1141/2131 1021/1029/2131 1126/1033/2131
f 1028/1146/2132 1132/1042/2132 1022/1032/2132
f 1028/1146/2133 1138/1147/2133 1132/1042/2133
f 1136/1039/2134 1128/1148/2135 1127/1144/2136
f 1136/1039/2137 1146/1038/2137 1128/1148/2137
f 1146/1038/2138 1028/1146/2138 1128/1148/2138
f 1133/1035/2139 1127/1144/2139 1023/1036/2139
f 1133/1035/2140 1029/1145/2140 1127/1144/2140
f 1023/1036/2141 1022/1032/2142 1030/1034/2143
f 1127/1144/2136 1128/1148/2135 1023/1036/2144
f 1128/1148/2145 1028/1146/2145 1023/1036/2145
f 1028/1146/2146 1022/1032/2142 1023/1036/2141
f 1030/1034/2147 1126/1033/2147 1134/1031/2147
f 1126/1033/2148 1021/1029/2148 1134/1031/2148
f 1134/1031/2149 1133/1035/2149 1030/1034/2149
f 1134/1031/2150 1125/1030/2150 1133/1035/2150
f 1125/1030/2151 1029/1145/2151 1133/1035/2151
f 1124/1024/2152 1028/1146/2152 1146/1038/2152
f 1122/1138/2153 1132/1042/2153 1138/1147/2153
f 1131/1028/2154 1137/1037/2154 1144/1040/2154
f 1124/1024/2155 1138/1147/2155 1028/1146/2155
f 1124/1024/2156 1025/1137/2156 1138/1147/2156
f 1025/1137/2157 1122/1138/2157 1138/1147/2157
f 1122/1138/2158 1140/1043/2158 1132/1042/2158
f 1131/1028/2159 1146/1038/2159 1137/1037/2159
f 1131/1028/2160 1124/1024/2160 1146/1038/2160
f 1120/1027/2161 1122/1138/2161 1024/1025/2161
f 1120/1027/2162 1140/1043/2162 1122/1138/2162
f 1120/1027/2163 1147/1026/2163 1140/1043/2163
f 1147/1026/2164 1141/1046/2164 1140/1043/2164
f 1124/1024/2165 1129/1023/2165 1025/1137/2165
f 1148/1149/2166 1153/1150/2166 1150/1151/2166
f 1153/1150/1785 1154/1152/1785 1149/1153/1785
f 1148/1149/2167 1150/1151/2167 1155/1154/2167
f 1149/1153/2168 1154/1152/2168 1158/1155/2168
f 1150/1151/2169 1149/1153/2169 1160/1156/2169
f 1148/1149/1788 1155/1154/1788 1156/1157/1788
f 1149/1153/2170 1158/1155/2170 1160/1156/2170
f 1150/1151/2171 1160/1156/2171 1155/1154/2171
f 1159/1158/1790 1161/1159/1790 1152/1160/1790
f 1151/1161/2172 1159/1158/2172 1152/1160/2172
f 1160/1156/2173 1151/1161/2173 1152/1160/2173
f 1162/1162/2174 1160/1156/2174 1152/1160/2174
f 1161/1159/1791 1162/1162/1791 1152/1160/1791
f 1155/1154/2175 1160/1156/2175 1162/1162/2175
f 1160/1156/2176 1158/1155/2176 1151/1161/2176
f 1157/1163/1792 1161/1159/1792 1159/1158/1792
f 1157/1163/1793 1156/1157/1793 1161/1159/1793
f 1156/1157/1794 1162/1162/1794 1161/1159/1794
f 1156/1157/1795 1155/1154/1795 1162/1162/1795
f 1158/1155/2177 1159/1158/2177 1151/1161/2177
f 1158/1155/2178 1154/1152/2178 1159/1158/2178
f 1154/1152/1780 1157/1163/1780 1159/1158/1780
f 1153/1150/2179 1149/1153/2179 1150/1151/2179
f 1154/1152/1782 1153/1150/1782 1157/1163/1782
f 1153/1150/1798 1156/1157/1798 1157/1163/1798
f 1153/1150/1799 1148/1149/1799 1156/1157/1799
f 1166/1164/2180 1167/1165/2180 1163/1166/2180
f 1166/1164/2181 1169/1167/2181 1167/1165/2181
f 1166/1164/2182 1163/1166/2182 1170/1168/2182
f 1167/1165/2183 1169/1167/2183 1174/1169/2183
f 1163/1166/2184 1167/1165/2184 1176/1170/2184
f 1166/1164/2185 1170/1168/2185 1172/1171/2185
f 1167/1165/2186 1174/1169/2186 1176/1170/2186
f 1163/1166/2187 1176/1170/2187 1170/1168/2187
f 1175/1172/2188 1177/1173/2188 1179/1174/2188
f 1164/1175/2189 1175/1172/2189 1179/1174/2189
f 1176/1170/2190 1164/1175/2190 1165/1176/2190
f 1178/1177/2191 1176/1170/2191 1165/1176/2191
f 1165/1176/2192 1164/1175/2192 1179/1174/2192
f 1179/1174/2193 1177/1173/2193 1165/1176/2193
f 1177/1173/2194 1178/1177/2194 1165/1176/2194
f 1170/1168/2195 1176/1170/2195 1178/1177/2195
f 1176/1170/2196 1174/1169/2196 1164/1175/2196
f 1173/1178/2197 1177/1173/2197 1175/1172/2197
f 1173/1178/2198 1171/1179/2198 1177/1173/2198
f 1172/1171/2199 1178/1177/2199 1177/1173/2199
f 1172/1171/2200 1170/1168/2200 1178/1177/2200
f 1174/1169/2201 1175/1172/2201 1164/1175/2201
f 1174/1169/2202 1169/1167/2202 1175/1172/2202
f 1169/1167/2203 1168/1180/2203 1175/1172/2203
f 1175/1172/2204 1168/1180/2204 1173/1178/2204
f 1168/1180/2205 1171/1179/2205 1173/1178/2205
f 1171/1179/2206 1172/1171/2206 1177/1173/2206
f 1171/1179/2207 1166/1164/2207 1172/1171/2207
f 1169/1167/2208 1166/1164/2208 1168/1180/2208
f 1166/1164/2209 1171/1179/2209 1168/1180/2209
f 1180/1006/2210 1185/1007/2210 1182/1008/2210
f 1185/1007/2211 1187/1009/2211 1181/1010/2211
f 1180/1006/2212 1182/1008/2212 1194/1011/2212
f 1181/1010/2213 1187/1009/2213 1191/1012/2213
f 1182/1008/2214 1181/1010/2214 1193/1013/2214
f 1180/1006/2215 1194/1011/2215 1189/1014/2215
f 1181/1010/2216 1191/1012/2216 1193/1013/2216
f 1182/1008/2217 1193/1013/2217 1194/1011/2217
f 1192/1015/2218 1195/1016/2218 1184/1017/2218
f 1183/1018/2219 1192/1015/2219 1184/1017/2219
f 1193/1013/2220 1183/1018/2220 1184/1017/2220
f 1195/1016/2221 1194/1011/2221 1184/1017/2221
f 1194/1011/2222 1193/1013/2222 1184/1017/2222
f 1193/1013/2223 1191/1012/2223 1183/1018/2223
f 1190/1019/2224 1195/1016/2224 1192/1015/2224
f 1190/1019/2225 1188/1020/2225 1195/1016/2225
f 1189/1014/2226 1194/1011/2226 1195/1016/2226
f 1191/1012/2227 1192/1015/2227 1183/1018/2227
f 1191/1012/2228 1187/1009/2228 1192/1015/2228
f 1187/1009/2229 1186/1021/2229 1192/1015/2229
f 1192/1015/2230 1186/1021/2230 1190/1019/2230
f 1186/1021/2231 1188/1020/2231 1190/1019/2231
f 1188/1020/2232 1189/1014/2232 1195/1016/2232
f 1188/1020/2233 1180/1006/2233 1189/1014/2233
f 1185/1007/2234 1181/1010/2234 1182/1008/2234
f 1187/1009/2235 1185/1007/2235 1186/1021/2235
f 1185/1007/2236 1188/1020/2236 1186/1021/2236
f 1185/1007/2237 1180/1006/2237 1188/1020/2237
