# Blender 4.5.3 LTS
# www.blender.org
mtllib spruce_leaves.mtl
o Plane.008
v 1.209792 9.979229 -1.352489
v -2.120435 11.018267 0.512860
v 2.714675 7.187979 2.888978
v -0.615552 8.227016 4.754327
v -0.064899 11.366761 -0.116924
v 1.314982 8.687765 3.732035
v 2.108392 7.924630 1.396244
v 1.607250 8.855947 -0.017211
v -1.722977 9.894984 1.848138
v -1.221835 8.963668 3.261593
v 0.382676 10.191106 1.247633
v 0.883817 9.259789 2.661089
v 0.486089 10.460403 -2.098380
v -1.656669 10.265797 1.221297
v 4.158992 7.334648 0.089136
v 2.016235 7.140040 3.408814
v -0.118716 11.372107 -0.078231
v 3.452723 8.278090 2.045660
v 2.830035 8.182800 -0.718947
v 1.606220 9.225619 -1.447752
v -0.536538 9.031013 1.871925
v 0.827269 8.399029 2.715175
v 1.272104 10.074683 0.743444
v 2.522327 9.334636 1.509307
v -0.540663 9.023683 1.895410
v 1.602095 9.218289 -1.424268
v 2.784933 7.225947 3.936602
v 4.927691 7.420554 0.616924
v 1.267978 10.067354 0.766928
v 3.930882 7.524460 2.336700
v 2.018753 7.145013 3.437308
v 0.818357 8.382837 2.735051
v 2.821124 8.166609 -0.699071
v 4.161511 7.339620 0.117631
v 2.513415 9.318443 1.529183
v 3.456256 8.275651 2.074376
v -0.337396 11.143220 -2.623744
v -0.909158 9.566751 1.806799
v 4.576762 8.224424 -2.510869
v 4.074109 7.058278 0.978196
v -0.155290 11.382481 -0.023924
v 4.487086 8.663826 -0.359585
v 2.978021 9.249882 -2.958972
v 1.383916 9.886548 -2.848756
v 0.812154 8.310079 1.581787
v 2.655403 7.282908 1.454172
v 1.616138 10.073437 -0.219656
v 3.459388 9.046266 -0.347271
v -1.892403 9.732794 -0.672205
v 1.437222 11.289665 0.790427
v 0.964344 6.651296 -3.895434
v 4.293969 8.208167 -2.432801
v -0.272417 11.294682 -0.558799
v 2.324002 8.352024 -3.473412
v 0.022753 7.506750 -2.662511
v -0.929545 8.534714 -1.588838
v 2.400080 10.091585 -0.126206
v 3.352378 9.063622 -1.199878
v 0.690403 10.035956 -1.524768
v 1.642701 9.007993 -2.598441
v -2.133942 10.343218 0.266236
v 1.817804 10.456810 0.123580
v -2.161575 6.599997 -3.479876
v 1.790171 6.713589 -3.622533
v -0.210651 11.308412 -0.538344
v -0.264633 7.991035 -4.675271
v -2.141706 7.676024 -2.072659
v -2.132544 8.924562 -0.824692
v 1.819202 9.038156 -0.967348
v 1.790491 8.168562 -2.455107
v -0.229215 10.514371 -1.684860
v -0.238545 8.941803 -3.195520
v 1.841402 9.031218 -0.976364
v -2.110344 8.917624 -0.833707
v 1.780428 6.551527 -4.639948
v -2.171318 6.437934 -4.497291
v -0.207015 10.507433 -1.693876
v -0.251755 7.401925 -5.406080
v 1.811695 6.717552 -3.641612
v 1.813179 8.153770 -2.456874
v -2.119018 7.661234 -2.074426
v -2.140051 6.603960 -3.498956
v -0.215857 8.927011 -3.197287
v -0.243109 7.994999 -4.694351
v -2.154878 11.165359 1.128802
v 1.932428 9.630527 -0.709709
v -4.603807 7.451873 -2.461999
v -1.361616 6.326317 -3.878849
v -0.146267 11.323887 -0.541478
v -2.825609 7.861790 -3.686385
v -4.150678 8.742071 -1.069734
v -3.210148 9.638482 0.057437
v 0.877159 8.103651 -1.781074
v -0.186367 6.780428 -3.040808
v -1.201575 9.736365 -1.662179
v -2.265100 8.413141 -2.921913
v 0.070743 9.634584 1.371291
v -0.058928 11.206300 -2.256718
v -4.409564 6.988771 0.385213
v -3.983930 8.801925 -3.242795
v -0.435683 11.253117 -0.112151
v -3.953640 8.947267 -1.015174
v -2.799506 7.686183 0.629798
v -1.306612 8.568977 0.958881
v -1.436284 10.140694 -2.669128
v -2.929177 9.257898 -2.998211
v -1.862360 10.131583 -0.501077
v -3.355254 9.248789 -0.830160
v 1.068362 10.146834 1.138942
v -0.906391 10.454869 -2.275003
v -2.578316 6.756393 2.942403
v -4.553069 7.064428 -0.471542
v -0.445464 11.267796 -0.176266
v -3.988954 7.916735 1.571053
v -1.246135 7.702014 2.257141
v -0.031117 8.833018 1.656378
v -2.005870 9.141052 -1.757567
v -3.383704 8.407615 -1.026753
v -1.821236 9.870827 0.493488
v -3.079107 9.038900 1.143823
v -2.024925 9.135981 -1.772845
v -0.050172 8.827946 1.641099
v -5.373189 7.092392 -0.020476
v -3.398436 6.784358 3.393469
v -1.840291 9.865755 0.478209
v -4.471755 7.132623 1.753727
v -4.579529 7.071071 -0.481481
v -3.397426 8.394103 -1.045878
v -1.259856 7.688502 2.238016
v -2.604776 6.763037 2.932464
v -3.092829 9.025388 1.124698
v -4.016126 7.915933 1.560855
v 1.916889 10.886689 0.747800
v -1.773801 9.712597 -1.980242
v -0.450323 7.400268 4.610736
v -3.332267 6.556684 2.426954
v -0.476977 11.286443 -0.231527
v -2.319600 7.999627 3.622954
v 0.686252 8.580291 3.550507
v 1.321326 9.414716 2.187026
v -2.369364 8.240623 -0.541017
v -3.105633 6.987738 0.994275
v -1.121862 9.758543 1.231182
v -1.858131 8.505656 2.766473
v -0.585382 11.357235 -1.525464
v -0.091312 12.396954 1.184441
v 2.778621 9.310468 -1.353499
v 3.272691 10.350186 1.356406
v -0.034695 12.503206 -0.432020
v 3.022241 10.536716 -0.275599
v 1.577291 9.853782 -1.342928
v 0.456329 10.536683 -1.400565
v 0.950399 11.576402 1.309341
v 2.071361 10.893500 1.366978
v 1.040099 11.641406 -0.331402
v 2.161061 10.958506 -0.273765
v -1.288863 11.739968 -1.233613
v 0.523862 11.829144 1.084745
v 1.161347 9.246011 -3.053501
v 2.974072 9.335187 -0.735143
v -0.020640 12.511769 -0.385345
v 2.626621 10.362217 -2.372555
v 0.264615 9.938388 -2.378979
v -0.551750 10.770352 -1.772665
v 1.260975 10.859529 0.545693
v 2.189804 10.326017 -0.160036
v 0.704035 12.008866 -0.932625
v 1.696633 10.956439 -1.668255
v 1.276521 10.855029 0.554792
v -0.536205 10.765853 -1.763566
v 3.588018 9.290702 -1.192396
v 1.775293 9.201525 -3.510754
v 0.719580 12.004367 -0.923526
v 3.104291 9.980176 -2.710270
v 2.994696 9.339509 -0.730355
v 2.201691 10.315164 -0.147832
v 0.276502 9.927534 -2.366775
v 1.181971 9.250332 -3.048713
v 1.708521 10.945585 -1.656052
v 2.647246 10.366538 -2.367768
v -1.862667 12.284812 -0.832768
v 1.121510 11.278930 0.752812
v -0.569637 9.804738 -4.039049
v 1.767240 9.071831 -2.759062
v 0.008573 12.523373 -0.347316
v 0.918886 10.196692 -3.486181
v -1.279966 10.656221 -3.100992
v -1.594544 11.235080 -2.003337
v 1.389633 10.229198 -0.417757
v 1.754777 9.344275 -1.666374
v 0.309779 11.432392 -1.542166
v 0.674923 10.547468 -2.790783
v 1.067367 11.629600 0.174119
v -1.540639 12.238812 -1.048941
v -0.749157 9.669394 3.071216
v -3.357163 10.278607 1.848156
v -0.269015 12.601531 -0.111469
v -1.907503 10.715061 2.532958
v -0.137318 10.172818 2.017313
v 0.468160 10.826917 1.052023
v -2.139846 11.436130 -0.171036
v -2.745324 10.782031 0.794253
v -0.862492 11.762844 0.811783
v -1.467970 11.108746 1.777072
v 1.185577 11.942827 -0.609757
v -1.743620 11.710149 -0.424362
v 1.562513 9.833466 2.698392
v -1.366684 9.600786 2.883786
v -0.316007 12.602944 -0.126936
v 0.053808 10.511291 3.090996
v 1.443199 10.386608 1.507471
v 1.317524 11.090425 0.405165
v -1.611673 10.857746 0.590559
v -1.503620 10.467187 1.807604
v -0.166403 11.719668 1.128198
v -0.059008 11.242289 2.248318
v -1.627403 10.852265 0.598758
v 1.301794 11.084944 0.413363
v -1.348429 9.709252 3.571977
v 1.580769 9.941931 3.386582
v -0.182133 11.714188 1.136396
v 0.107842 9.979359 3.540779
v -1.382816 9.604827 2.897585
v -1.519061 10.454846 1.811769
v 1.427758 10.374268 1.511636
v 1.546381 9.837506 2.712190
v -0.074449 11.229948 2.252483
v 0.038175 10.509885 3.105849
v 1.122486 12.402135 -1.365957
v -1.749579 11.235229 0.313550
v 3.284930 10.496356 1.763704
v 0.998283 9.630562 3.051398
v -0.364934 12.609122 -0.125453
v 1.942561 10.834126 2.634880
v 2.826561 11.169573 0.561115
v 2.044706 11.558657 -0.374941
v -0.827359 10.391752 1.304567
v 0.084116 9.725836 2.400574
v 0.563016 11.729641 0.910911
v 1.474491 11.063725 2.006920
v -1.218364 11.382538 0.625057
v 1.019784 12.335548 -1.033608
v -2.771609 9.570733 -2.511840
v -0.533461 10.523744 -4.170505
v -0.426530 12.515646 -0.324254
v -1.845432 10.763025 -3.179327
v -2.166687 10.027648 -1.433049
v -1.649343 10.632266 -0.387571
v 0.588806 11.585277 -2.046236
v 0.071462 10.980659 -3.091714
v -0.897224 11.727637 -1.356482
v -1.414567 11.123019 -2.401960
v -0.607253 11.702044 1.126061
v 0.606166 11.817063 -1.554068
v -3.527771 9.467159 -0.292104
v -2.314353 9.582179 -2.972234
v -0.391216 12.523135 -0.358110
v -3.230291 10.309307 -1.738502
v -2.467090 10.065102 0.213776
v -1.493989 10.810746 0.686344
v -0.280570 10.925766 -1.993786
v -1.372402 10.489752 -2.506820
v -1.495538 11.592079 -0.898042
v -2.494437 11.072814 -1.374128
v -0.280062 10.921974 -2.011953
v -1.493481 10.806954 0.668176
v -2.938866 9.667562 -3.269551
v -4.152285 9.552543 -0.589421
v -1.495029 11.588287 -0.916210
v -3.608574 9.761850 -1.951500
v -2.319379 9.587721 -2.992506
v -1.367908 10.479237 -2.523471
v -2.462595 10.054586 0.197125
v -3.532798 9.472702 -0.312377
v -2.489943 11.062298 -1.390779
v -3.236033 10.309355 -1.759335
v 0.051520 12.187452 1.468378
v -0.003180 11.324978 -1.949854
v -3.555937 9.945646 1.720367
v -3.561021 9.323189 -0.972035
v -0.370349 12.535091 -0.401190
v -3.729924 10.416437 0.163745
v -2.337622 10.703751 1.945157
v -1.181214 11.210923 1.734499
v -1.235913 10.348449 -1.683734
v -2.570845 9.546351 -1.459990
v -1.642796 11.520824 -0.154670
v -2.977728 10.718727 0.069074
v -1.171013 12.905363 -1.143221
v 0.725425 13.646748 0.671724
v 1.421516 11.430512 -3.249696
v 3.317953 12.171897 -1.434751
v -0.176877 13.910665 -0.499291
v 2.182653 12.473140 -2.429744
v 0.543793 11.778786 -2.474829
v -0.320320 12.271069 -1.773008
v 1.576118 13.012453 0.041937
v 2.440231 12.520170 -0.659883
v 0.684921 13.245153 -1.171597
v 1.549034 12.752871 -1.873418
v -1.521113 13.139992 -0.475420
v 1.129755 13.213342 0.163072
v -0.729914 11.342399 -3.553779
v 1.920954 11.415749 -2.915286
v -0.139905 13.915579 -0.472622
v 0.684542 12.473055 -3.729812
v -1.007194 11.798252 -2.454951
v -1.270864 12.398115 -1.429169
v 1.380005 12.471466 -0.790677
v 1.656971 12.167665 -1.905671
v 0.081015 13.599106 -1.353475
v 0.403884 12.832284 -2.605852
v 1.396646 12.468356 -0.793715
v -1.254222 12.395006 -1.432208
v 2.099099 11.495376 -3.598355
v -0.551770 11.422025 -4.236847
v 0.097657 13.595996 -1.356514
v 0.845233 12.216019 -4.301739
v 1.938455 11.421740 -2.922942
v 1.672992 12.157999 -1.905385
v -0.991172 11.788587 -2.454664
v -0.712413 11.348389 -3.561434
v 0.419906 12.822618 -2.605566
v 0.702044 12.479045 -3.737467
v -1.719824 13.527677 0.221353
v 1.385883 12.816845 -0.498854
v -2.568827 11.738647 -3.186859
v -0.116328 11.228230 -3.715034
v -0.097136 13.925976 -0.460294
v -1.187877 12.223579 -3.578907
v -2.563912 12.336448 -1.981379
v -2.171936 12.717880 -0.929010
v 0.933771 12.007049 -1.649217
v 0.500709 11.367297 -2.885263
v -0.538142 13.084965 -1.653176
v -0.971204 12.445213 -2.889222
v 1.120918 12.199780 -0.402034
v -1.571296 12.634676 -0.347239
v 0.946277 10.699782 2.922590
v -1.745937 11.134678 2.977385
v -0.145451 13.065620 -0.156643
v -0.284120 11.606934 2.878733
v 0.979461 11.052496 1.753573
v 1.037791 11.553180 0.645647
v -1.654424 11.988075 0.700443
v -1.712753 11.487391 1.808368
v -0.202955 12.390615 0.929017
v -0.261285 11.889933 2.036942
v 0.871385 12.406039 -1.122290
v -1.448736 12.213512 0.299020
v 2.682288 10.810031 1.617602
v 0.362166 10.617504 3.038913
v -0.190724 13.065340 -0.149394
v 1.575280 11.476203 2.518145
v 2.053624 11.194748 0.643495
v 1.450106 11.727434 -0.269520
v -0.870016 11.534908 1.151791
v -0.247263 11.302591 2.136893
v 0.505702 12.383425 0.895065
v 1.090988 12.061053 1.809321
v -0.879224 11.530732 1.165705
v 1.440897 11.723259 -0.255605
v 0.663449 10.789306 3.583507
v 2.983570 10.981833 2.162195
v 0.496493 12.379249 0.908979
v 1.835409 11.033552 2.912331
v 0.354547 10.622680 3.056688
v -0.257616 11.291679 2.148026
v 2.043270 11.183835 0.654629
v 2.674668 10.815207 1.635377
v 1.080635 12.050141 1.820454
v 1.568776 11.476475 2.537077
v 0.477499 12.749800 -1.756293
v -1.118658 11.853521 0.948953
v 3.671990 11.321144 0.057956
v 2.377231 10.660611 2.165452
v -0.230639 13.071220 -0.127910
v 2.920587 11.724213 1.310479
v 2.753773 11.815433 -0.792414
v 1.695780 12.076299 -1.260618
v 0.099624 11.180020 1.444628
v 1.345104 10.680954 2.014143
v 1.013266 12.369316 0.405744
v 2.258746 11.870250 0.975259
v -0.520413 12.521447 0.973846
v 0.234463 13.234885 -1.548321
v -3.601005 11.080668 -0.355714
v -2.846129 11.794106 -2.877882
v -0.389301 13.516847 -0.211724
v -3.206188 12.110552 -1.415046
v -2.505332 11.416457 0.067200
v -1.478788 11.897388 0.510481
v -0.723912 12.610826 -2.011686
v -1.750456 12.129895 -2.454966
v -1.390995 12.862246 -0.665270
v -2.417539 12.381315 -1.108550
v 0.236809 12.745457 0.977571
v -0.408949 12.809645 -1.671775
v -2.887008 10.996635 1.696609
v -3.532766 11.060823 -0.952737
v -0.382465 13.521355 -0.256837
v -3.423889 11.783329 0.442375
v -1.776927 11.435104 1.436657
v -0.735974 12.018716 1.197072
v -1.381733 12.082904 -1.452274
v -2.503896 11.796722 -1.185688
v -1.573488 12.780953 0.015529
v -2.614786 12.408414 0.258964
v -1.392100 12.079847 -1.465653
v -0.746342 12.015659 1.183693
v -4.146790 11.205677 -0.815398
v -3.501031 11.141489 1.833948
v -1.583856 12.777897 0.002150
v -3.868432 11.319903 0.523667
v -3.547503 11.066938 -0.964830
v -2.511117 11.787058 -1.199995
v -1.784148 11.425440 1.422351
v -2.901744 11.002750 1.684516
v -2.622007 12.398750 0.244658
v -3.439956 11.784463 0.430487
v 0.952591 13.122098 0.832398
v -1.120185 12.423663 -1.593541
v -1.712951 11.386480 3.160458
v -3.313008 10.885210 1.225828
v -0.390952 13.531570 -0.300574
v -2.687143 11.877953 2.109130
v -0.635342 11.965298 2.599831
v 0.125830 12.330301 1.766761
v -1.946945 11.631866 -0.659178
v -2.856190 11.011444 0.296323
v -1.261031 12.709232 0.643608
v -2.170277 12.088810 1.599109
v -0.136407 15.665745 -1.549656
v -0.258665 16.407131 1.072472
v 3.154950 14.190899 -0.979195
v 3.032692 14.932283 1.642933
v 0.031309 16.671047 -0.377128
v 3.036885 15.233526 0.133329
v 1.994117 14.539170 -1.131791
v 0.897294 15.031452 -1.322119
v 0.775037 15.772837 1.300010
v 1.871860 15.280556 1.490338
v 1.104362 16.005537 -0.169154
v 2.201185 15.513256 0.021174
v -0.869869 15.900373 -1.374833
v 0.390449 15.973724 1.043095
v 1.970667 14.102783 -2.800896
v 3.230985 14.176135 -0.382968
v 0.035496 16.675961 -0.331733
v 3.032693 15.233440 -1.850226
v 0.960108 14.558636 -2.287983
v 0.013559 15.158499 -1.812803
v 1.273876 15.231851 0.605125
v 2.296416 14.928051 0.081354
v 0.844699 16.359489 -0.743921
v 2.000968 15.592669 -1.323349
v 1.287101 15.228741 0.615674
v 0.026783 15.155388 -1.802254
v 3.862978 14.255762 -0.697455
v 2.602660 14.182410 -3.115383
v 0.857924 16.356380 -0.733372
v 3.569433 14.976404 -2.104850
v 3.248254 14.182125 -0.374804
v 2.306727 14.918385 0.093621
v 0.970419 14.548970 -2.275717
v 1.987937 14.108773 -2.792732
v 2.011279 15.583002 -1.311082
v 3.049963 15.239430 -1.842062
v -1.525706 16.288057 -1.066845
v 1.057740 15.577229 0.801288
v 0.485860 14.499031 -3.946138
v 2.495369 13.988615 -2.444275
v 0.054302 16.686359 -0.291391
v 1.688721 14.983963 -3.162653
v -0.419696 15.096830 -3.150413
v -0.955518 15.478262 -2.163488
v 1.627928 14.767433 -0.295355
v 2.275227 14.127683 -1.433932
v 0.663841 15.845347 -1.407598
v 1.311141 15.205597 -2.546175
v 0.927468 15.372461 0.444178
v -1.230544 15.807357 -1.166413
v -1.252655 13.872463 2.960266
v -3.410667 14.307359 1.349674
v -0.222532 16.238300 -0.140121
v -2.196585 14.779614 2.169826
v -0.508342 14.225176 2.058211
v 0.218283 14.725861 1.219809
v -1.939729 15.160755 -0.390782
v -2.666354 14.660072 0.447619
v -0.934829 15.563296 0.681218
v -1.661454 15.062613 1.519620
v 1.173023 15.578720 -0.277444
v -1.530833 15.386193 -0.581179
v 0.918838 13.982711 2.996967
v -1.785017 13.790184 2.693233
v -0.262709 16.238022 -0.162213
v -0.507875 14.648884 3.027525
v 1.021171 14.367428 1.842138
v 1.105817 14.900115 0.750962
v -1.598038 14.707588 0.447227
v -1.711790 14.475271 1.607101
v -0.354791 15.556105 1.089756
v -0.454585 15.233733 2.170712
v -1.613852 14.703413 0.452550
v 1.090003 14.895939 0.756284
v -1.881828 13.961987 3.308035
v 0.822027 14.154512 3.611769
v -0.370604 15.551929 1.095078
v -0.544763 14.206232 3.498364
v -1.801949 13.795360 2.702578
v -1.726798 14.464359 1.609526
v 1.006162 14.356516 1.844563
v 0.901906 13.987886 3.006312
v -0.469594 15.222821 2.173136
v -0.524637 14.649155 3.038468
v 1.251686 15.922482 -1.019683
v -1.669631 15.026202 0.134432
v 2.657875 14.493824 2.374269
v 0.341581 13.833291 3.241863
v -0.307402 16.243900 -0.169780
v 1.295539 14.896894 2.901012
v 2.455719 14.988112 1.139204
v 1.908504 15.248980 0.119831
v -1.012813 14.352701 1.273947
v -0.379893 13.853635 2.488434
v 0.346305 15.541996 1.015443
v 0.979224 15.042931 2.229931
v -1.304930 14.208328 0.331828
v 1.092372 14.921766 -0.756338
v -2.326798 12.767550 -2.864038
v 0.070503 13.480988 -3.952205
v -0.325056 15.203728 -0.348327
v -1.123571 13.962833 -2.975691
v -1.925682 13.103338 -1.760199
v -1.585340 13.584269 -0.695089
v 0.811961 14.297707 -1.783255
v 0.471620 13.816776 -2.848365
v -0.641331 14.549127 -1.401448
v -0.981673 14.068196 -2.466558
v -0.810197 14.432337 0.905097
v 0.762674 14.496525 -1.322483
v -3.404775 12.683517 -0.977299
v -1.831904 12.747705 -3.204879
v -0.286556 15.208235 -0.372816
v -2.812052 13.470210 -2.206128
v -2.479422 13.121985 -0.311283
v -1.614844 13.705597 0.316003
v -0.041973 13.769785 -1.911577
v -0.980265 13.483603 -2.582341
v -1.274451 14.467834 -1.091692
v -2.142159 14.095296 -1.716709
v -0.038699 13.766728 -1.928183
v -1.611570 13.702539 0.299397
v -2.338887 12.892558 -3.577511
v -3.911757 12.828370 -1.349931
v -1.271178 14.464778 -1.108298
v -3.165425 13.006785 -2.487827
v -1.832471 12.753820 -3.223933
v -0.974225 13.473940 -2.597185
v -2.473382 13.112322 -0.326127
v -3.405342 12.689631 -0.996353
v -2.136119 14.085631 -1.731552
v -2.813647 13.471344 -2.226051
v -0.230447 14.808979 1.349292
v 0.236373 14.110544 -1.807234
v -3.736849 13.073362 0.869588
v -3.329791 12.572092 -1.607764
v -0.259162 15.218451 -0.407952
v -3.584425 13.564834 -0.555581
v -2.606173 13.652178 1.313563
v -1.478037 14.017182 1.339984
v -1.011217 13.318748 -1.816542
v -2.328940 12.698325 -1.874142
v -1.542617 14.396114 -0.443464
v -2.860339 13.775691 -0.501063
v 0.818581 14.152286 -1.070970
v -1.271893 14.893670 0.516615
v 2.491369 12.677435 1.820436
v 0.400895 13.418819 3.408021
v 0.026392 15.157587 -0.190407
v 1.561971 13.720062 2.443230
v 1.864097 13.025708 0.831828
v 1.306825 13.517991 -0.131859
v -0.783649 14.259376 1.455725
v -0.226377 13.767094 2.419412
v 0.554882 14.492077 0.766355
v 1.112154 13.999794 1.730041
v 0.214111 14.386913 -1.521685
v -0.833118 14.460264 0.995871
v 3.129841 12.589321 -0.256454
v 2.082613 12.662672 2.261103
v -0.005756 15.162501 -0.158086
v 3.081356 13.719977 1.168090
v 2.088255 13.045176 -0.703004
v 1.116669 13.645039 -1.124633
v 0.069440 13.718390 1.392924
v 1.127041 13.414588 1.841705
v 0.829422 14.846029 0.198544
v 2.015482 14.079206 0.714252
v 0.069826 13.715279 1.409836
v 1.117054 13.641928 -1.107721
v 2.729189 12.742298 2.544400
v 3.776416 12.668947 0.026844
v 0.829808 14.842918 0.215456
v 3.620916 13.462941 1.416681
v 2.087422 12.668662 2.279590
v 1.124240 13.404922 1.857483
v 2.085454 13.035509 -0.687226
v 3.134650 12.595311 -0.237966
v 2.012681 14.069541 0.730030
v 3.086165 13.725967 1.186577
v -0.442767 14.774599 -1.827447
v -0.219679 14.063766 1.352859
v 3.056528 12.985571 -2.130182
v 3.192646 12.475153 0.374852
v -0.024654 15.172899 -0.117787
v 3.226640 13.470502 -0.704774
v 1.865260 13.583370 -2.314809
v 0.764360 13.964804 -2.093121
v 0.987449 13.253971 1.087186
v 2.276201 12.614221 0.853793
v 1.222720 14.331887 -0.365809
v 2.511472 13.692136 -0.599202
v -0.029115 16.349306 1.023900
v -0.177181 16.784203 -1.664798
v -3.357794 14.849306 0.964585
v -3.505859 15.284202 -1.724113
v -0.318247 17.215145 -0.233204
v -3.356605 15.756457 -0.266593
v -2.188329 15.202021 0.957234
v -1.079047 15.702705 0.977131
v -1.227113 16.137600 -1.711566
v -2.336395 15.636915 -1.731464
v -1.405248 16.540142 -0.253048
v -2.514529 16.039455 -0.272946
v 0.682061 16.555565 0.749555
v -0.818804 16.363037 -1.519914
v -1.993425 14.959555 2.654325
v -3.494290 14.767028 0.384856
v -0.327060 17.214867 -0.278198
v -2.931793 15.625728 1.579193
v -1.041691 15.344273 1.992280
v -0.150140 15.876961 1.357482
v -1.651006 15.684433 -0.911987
v -2.613933 15.452115 -0.255468
v -1.346756 16.532949 0.454007
v -2.240179 16.210577 1.070626
v -1.665230 15.680257 -0.920708
v -0.164365 15.872784 1.348761
v -4.028115 14.938829 0.704831
v -2.527250 15.131357 2.974301
v -1.360981 16.528774 0.445286
v -3.316726 15.183075 1.852827
v -3.512319 14.772202 0.377857
v -2.625418 15.441204 -0.265429
v -1.053176 15.333361 1.982318
v -2.011454 14.964730 2.647327
v -2.251664 16.199665 1.060665
v -2.950939 15.625998 1.573349
v 1.302032 16.899326 0.333933
v -1.456906 16.003046 -1.167510
v -0.400417 15.470669 3.589381
v -2.551518 14.810135 2.368439
v -0.349914 17.220745 -0.317344
v -1.678228 15.873738 2.881838
v 0.417621 15.964958 2.642246
v 0.848877 16.225826 1.568661
v -1.910062 15.329545 0.067218
v -2.436071 14.830479 1.331688
v -0.840139 16.518841 0.944308
v -1.366147 16.019775 2.208777
v -1.374472 17.223392 -0.761084
v 0.997824 17.936832 0.380570
v 0.422442 15.782616 -3.594612
v 2.794739 16.496054 -2.452958
v -0.224211 18.218792 -0.445387
v 1.406613 16.812500 -3.038311
v -0.167317 16.118404 -2.578964
v -0.766331 16.599335 -1.634785
v 1.605966 17.312773 -0.493131
v 2.204980 16.831842 -1.437310
v 0.381037 17.564192 -1.363411
v 0.980051 17.083261 -2.307590
v -1.497085 17.447403 -0.013846
v 1.220804 17.511591 -0.235467
v -1.716552 15.698582 -3.211828
v 1.001337 15.762770 -3.433448
v -0.180732 18.223301 -0.431550
v -0.393561 16.485275 -3.545047
v -1.634184 16.137051 -2.074695
v -1.561071 16.720661 -1.009032
v 1.156818 16.784851 -1.230652
v 1.069795 16.498669 -2.380759
v -0.262648 17.482901 -1.650570
v -0.339509 17.110361 -2.717178
v 1.171660 16.781794 -1.238790
v -1.546229 16.717606 -1.017169
v 0.962144 15.907624 -4.061421
v -1.755745 15.843435 -3.839800
v -0.247806 17.479843 -1.658707
v -0.404021 16.021851 -3.996841
v 1.015594 15.768887 -3.446102
v 1.085059 16.489006 -2.385643
v -1.618921 16.127386 -2.079579
v -1.702295 15.704698 -3.224481
v -0.324246 17.100697 -2.722063
v -0.379296 16.486410 -3.559047
v -1.466139 17.824043 0.715854
v 1.255252 17.125610 -0.950162
v -3.346637 16.088427 -2.282264
v -1.184705 15.587158 -3.558595
v -0.136205 18.233517 -0.433061
v -2.155346 16.579899 -3.079236
v -2.962225 16.667244 -1.129974
v -2.259049 17.032246 -0.247402
v 0.462343 16.333813 -1.913418
v -0.338488 15.713391 -2.961455
v -0.932007 17.411179 -1.440640
v -1.732837 16.790756 -2.488678
v 0.866735 17.685547 -0.332502
v -1.294317 18.296059 -0.283659
v 0.585475 16.471045 2.403838
v -1.575576 17.081556 2.452681
v -0.086955 18.513388 -0.127969
v -0.335191 17.329622 2.370183
v 0.644747 16.757839 1.441521
v 0.738660 17.163221 0.529642
v -1.422391 17.773733 0.578485
v -1.516304 17.368351 1.490364
v -0.196718 17.965357 0.765388
v -0.290631 17.559975 1.677268
v 0.681361 17.878757 -0.925091
v -1.233229 17.939159 0.247918
v 2.014590 16.398485 1.327235
v 0.100000 16.458887 2.500244
v -0.124008 18.517435 -0.121945
v 1.294071 17.329552 2.253817
v 1.535699 16.773869 0.526257
v 1.091449 17.267841 -0.224285
v -0.823141 17.328243 0.948723
v -0.334648 17.078072 1.758926
v 0.260673 18.256828 0.519353
v 0.802503 17.625370 1.436245
v -0.831054 17.325684 0.960188
v 1.083536 17.265282 -0.212821
v 0.394332 16.524458 3.001525
v 2.308922 16.464056 1.828516
v 0.252760 18.254267 0.530817
v 1.533802 17.117889 2.680255
v 0.094276 16.463821 2.514895
v -0.344138 17.070112 1.768095
v 1.526208 16.765909 0.535425
v 2.008866 16.403419 1.341887
v 0.793012 17.617409 1.445414
v 1.288347 17.334486 2.268469
v 0.391011 18.198008 -1.446330
v -0.996595 17.612656 0.782334
v 2.870882 16.724787 0.042261
v 1.751495 16.304470 1.778583
v -0.156079 18.525997 -0.104199
v 2.295723 17.124115 1.075021
v 2.165637 17.217060 -0.656356
v 1.324369 17.531160 -1.040351
v -0.063236 16.945808 1.188314
v 0.908961 16.418989 1.655253
v 0.795591 17.833447 0.332994
v 1.767789 17.306625 0.799933
v -0.710505 18.098782 0.655033
v 0.489481 18.456905 -1.209647
v -2.901831 16.863567 -0.992393
v -1.701845 17.221693 -2.857073
v -0.296110 18.811779 -0.323021
v -2.306337 17.610584 -1.812922
v -2.118335 17.154018 -0.432403
v -1.388140 17.566320 0.116688
v -0.188154 17.924446 -1.747991
v -0.918349 17.512144 -2.297083
v -1.011472 18.255928 -0.861315
v -1.741667 17.843626 -1.410406
v -0.103687 18.268631 0.815589
v -0.008417 18.110088 -1.422946
v -2.808104 16.954355 0.793574
v -2.712834 16.795813 -1.444961
v -0.280254 18.811546 -0.357286
v -2.914598 17.502930 -0.376722
v -1.853578 17.271160 0.811760
v -0.952352 17.709816 0.819048
v -0.857082 17.551273 -1.419487
v -1.816404 17.359966 -1.446766
v -1.313994 18.250006 -0.361509
v -2.207688 17.984539 -0.381824
v -0.862357 17.547834 -1.432174
v -0.957626 17.706375 0.806361
v -3.223415 16.937286 -1.489417
v -3.318684 17.095829 0.749118
v -1.319268 18.246567 -0.374197
v -3.303494 17.138418 -0.380165
v -2.721478 16.800076 -1.458337
v -1.819252 17.350979 -1.458957
v -1.856426 17.262175 0.799569
v -2.816747 16.958616 0.780198
v -2.210536 17.975555 -0.394016
v -2.924543 17.503155 -0.389868
v 0.510548 18.551708 0.837867
v -0.604207 17.813644 -1.496145
v -2.197352 17.375244 2.186664
v -3.042216 16.831310 0.333331
v -0.276587 18.816389 -0.394433
v -2.707788 17.707161 1.097559
v -1.194283 17.782280 1.950136
v -0.388090 17.997097 1.442448
v -1.502844 17.259033 -0.891564
v -2.464435 16.848064 -0.302339
v -1.212951 18.238388 0.210198
v -2.174542 17.827419 0.799424
v -0.807143 20.872566 -1.100478
v 0.223539 21.460064 0.806820
v 1.759955 19.686123 -2.122254
v 2.790638 20.273621 -0.214955
v -0.192500 21.692253 -0.334316
v 2.147609 20.534206 -1.275854
v 0.876037 19.962635 -1.729768
v 0.020469 20.358669 -1.389417
v 1.051151 20.946167 0.517882
v 1.906720 20.550133 0.177531
v 0.654593 21.153206 -0.654212
v 1.510161 20.757172 -0.994562
v -1.249860 21.057032 -0.661354
v 0.669817 21.109890 0.503678
v 0.148510 19.616922 -2.900175
v 2.068187 19.669781 -1.735144
v -0.170186 21.695965 -0.304085
v 1.191801 20.264746 -2.483356
v -0.345831 19.977989 -2.102007
v -0.811824 20.458580 -1.355975
v 1.107853 20.511436 -0.190943
v 1.605357 20.275774 -1.000011
v 0.364011 21.086264 -1.156648
v 0.827960 20.779488 -1.905122
v 1.121682 20.508921 -0.189201
v -0.797995 20.456062 -1.354233
v 2.345381 19.789064 -2.172886
v 0.425704 19.736206 -3.337917
v 0.377840 21.083748 -1.154907
v 1.403058 19.883125 -2.789721
v 2.083807 19.674816 -1.736696
v 1.617895 20.267817 -0.995897
v -0.333293 19.970032 -2.097893
v 0.164130 19.621960 -2.901728
v 0.840499 20.771530 -1.901006
v 1.208078 20.265678 -2.485803
v -1.581692 21.367188 -0.159752
v 1.038014 20.792046 0.043670
v -1.387645 19.937950 -3.067615
v 0.670713 19.525167 -2.874542
v -0.139760 21.704378 -0.283586
v -0.208179 20.342667 -3.023700
v -1.687868 20.414593 -2.113441
v -1.645216 20.715162 -1.185174
v 0.974490 20.140020 -0.981752
v 0.946635 19.629118 -2.067542
v -0.183804 21.027203 -1.339965
v -0.211658 20.516302 -2.425756
v 0.516553 19.789143 0.228170
v -0.893224 20.294863 -0.875766
v -1.101014 18.783106 1.833005
v -2.510791 19.288824 0.729068
v -0.201714 20.474888 -0.141812
v -1.673007 19.494310 1.327815
v -0.557538 19.020672 1.247792
v -0.018369 19.356472 0.713081
v -1.428146 19.862192 -0.390856
v -1.967315 19.526390 0.143855
v -0.741303 20.020924 0.372710
v -1.280472 19.685123 0.907421
v 0.709116 19.949188 -0.248753
v -1.133341 19.999224 -0.503211
v 0.379861 18.723000 1.894184
v -1.462596 18.773035 1.639727
v -0.228610 20.478241 -0.157418
v -0.568362 19.494253 2.109150
v 0.493900 19.033951 1.129604
v 0.603632 19.443134 0.415525
v -1.238825 19.493170 0.161068
v -1.351560 19.285938 0.936600
v -0.319107 20.262363 0.455400
v -0.453726 19.739294 1.327283
v -1.249916 19.491047 0.164254
v 0.592541 19.441013 0.418711
v -1.537409 18.827351 2.115405
v 0.305048 18.777315 2.369863
v -0.330198 20.260242 0.458586
v -0.638830 19.318920 2.508210
v -1.473959 18.777121 1.646104
v -1.362455 19.279345 0.937487
v 0.483005 19.027359 1.130491
v 0.368498 18.727085 1.900561
v -0.464620 19.732700 1.328170
v -0.579725 19.498339 2.115528
v 0.796964 20.213640 -0.735122
v -1.262514 19.728762 -0.036619
v 1.603311 18.993294 1.520996
v -0.025744 18.645123 2.045059
v -0.258473 20.485332 -0.162899
v 0.692413 19.324078 1.880327
v 1.518603 19.401070 0.703071
v 1.181500 19.661255 0.015203
v -0.877978 19.176376 0.713706
v -0.500588 18.739985 1.523478
v 0.121396 19.911654 0.617037
v 0.498785 19.475262 1.426809
v -1.107579 21.794884 0.148480
v 0.640508 22.091537 -0.415511
v -1.645754 20.771690 -2.057778
v 0.102334 21.068346 -2.621769
v -0.328399 22.385498 -0.260288
v -0.833324 21.390484 -2.270521
v -1.438079 21.012287 -1.287543
v -1.258820 21.353817 -0.552285
v 0.489268 21.650471 -1.116276
v 0.310008 21.308941 -1.851534
v -0.503829 21.925056 -0.980838
v -0.683089 21.583527 -1.716095
v -0.803250 21.935577 0.570070
v 0.433647 21.804249 -0.813671
v -2.523869 20.846893 -0.864630
v -1.286972 20.715567 -2.248371
v -0.300244 22.385305 -0.273906
v -1.977335 21.301310 -1.670147
v -1.922047 21.109322 -0.351581
v -1.348639 21.472683 0.126491
v -0.111741 21.341354 -1.257249
v -0.711859 21.182884 -1.778642
v -0.960137 21.920151 -0.819623
v -1.521878 21.700253 -1.302083
v -0.108455 21.338505 -1.268147
v -1.345352 21.469833 0.115595
v -1.590647 20.832758 -2.545048
v -2.827543 20.964085 -1.161306
v -0.956851 21.917303 -0.830520
v -2.224615 20.999365 -1.876636
v -1.285481 20.719097 -2.261478
v -0.707279 21.175440 -1.787946
v -1.917467 21.101877 -0.360885
v -2.522379 20.850424 -0.877738
v -1.517299 21.692810 -1.311388
v -1.976800 21.301495 -1.683791
v -0.421535 22.170067 0.906990
v 0.090493 21.558689 -1.173516
v -2.864455 21.195539 0.348467
v -2.432058 20.744970 -1.282393
v -0.278382 22.389317 -0.295773
v -2.619296 21.470484 -0.617233
v -2.097744 21.532707 0.723871
v -1.314693 21.710651 0.822181
v -0.802665 21.099274 -1.258326
v -1.728078 20.758848 -1.386038
v -1.195731 21.910526 -0.400367
v -2.121144 21.570099 -0.528080
v -0.121382 18.978695 -1.139881
v -0.463109 19.465351 0.623152
v 2.059577 17.995899 -0.445863
v 1.717849 18.482555 1.317170
v -0.130158 19.657684 -0.326288
v 1.863266 18.698412 0.299887
v 1.287257 18.224949 -0.658787
v 0.560482 18.553005 -0.890212
v 0.218754 19.039661 0.872821
v 0.945530 18.711605 1.104246
v 0.580445 19.211163 -0.086214
v 1.307220 18.883106 0.145211
v -0.635608 19.131496 -1.091174
v -0.018030 19.175282 0.663413
v 1.436076 17.938578 -1.790596
v 2.053655 17.982361 -0.036008
v -0.131745 19.660759 -0.295204
v 1.885356 18.475204 -0.975594
v 0.700181 18.237669 -1.539040
v 0.009830 18.635767 -1.305985
v 0.627409 18.679552 0.448603
v 1.371056 18.484339 0.191726
v 0.658251 19.155712 -0.560664
v 1.348575 18.901592 -0.796355
v 0.635351 18.677467 0.456983
v 0.017773 18.633682 -1.297605
v 2.461139 18.081171 -0.170776
v 1.843560 18.037386 -1.925364
v 0.666193 19.153625 -0.552284
v 2.181596 18.159088 -1.060851
v 2.064475 17.986534 -0.028798
v 1.376925 18.477747 0.200948
v 0.706051 18.231077 -1.529818
v 1.446897 17.942749 -1.783386
v 1.354445 18.895000 -0.787133
v 1.897066 18.475977 -0.968612
v -1.111634 19.388414 -0.944205
v 0.459438 18.911993 0.562187
v 0.540120 18.204502 -2.704764
v 1.757084 17.862572 -1.499871
v -0.123025 19.667728 -0.266091
v 1.272502 18.539749 -2.057077
v -0.153390 18.599327 -2.251319
v -0.613679 18.848309 -1.634357
v 0.957393 18.371887 -0.127965
v 1.509905 17.948679 -0.838047
v 0.403668 19.106789 -0.965840
v 0.956181 18.683580 -1.675921
v -0.104609 22.521706 0.559231
v -0.368295 23.027424 -1.211818
v -2.382616 21.515667 0.611124
v -2.646302 22.021385 -1.159926
v -0.371360 23.207449 -0.203421
v -2.450193 22.226871 -0.149024
v -1.585587 21.753233 0.560293
v -0.826426 22.089035 0.543151
v -1.090112 22.594753 -1.227898
v -1.849273 22.258953 -1.210756
v -1.116937 22.753485 -0.201220
v -1.876097 22.417685 -0.184078
v 0.363247 22.681751 0.345579
v -0.798862 22.731785 -1.106625
v -1.349959 21.455561 1.674304
v -2.512068 21.505596 0.222099
v -0.380144 23.210802 -0.233250
v -2.186021 22.226814 1.177979
v -0.741197 21.766512 1.197863
v -0.170303 22.175697 0.755111
v -1.332412 22.225731 -0.697094
v -1.947762 22.018499 -0.211807
v -0.867414 22.994926 0.149245
v -1.564933 22.471855 0.689403
v -1.342653 22.223610 -0.702412
v -0.180544 22.173576 0.749793
v -2.893610 21.559910 0.515855
v -1.731500 21.509876 1.968060
v -0.877655 22.992805 0.143928
v -2.511699 22.051481 1.419118
v -2.524702 21.509682 0.218910
v -1.956280 22.011906 -0.218659
v -0.749714 21.759918 1.191012
v -1.362592 21.459648 1.671115
v -1.573450 22.465261 0.682552
v -2.198655 22.230900 1.174790
v 0.761603 22.946203 0.053032
v -1.213604 22.461323 -0.856862
v -0.205301 21.725855 2.245144
v -1.748122 21.377684 1.504763
v -0.398046 23.217894 -0.257773
v -1.113591 22.056641 1.879269
v 0.295918 22.133633 1.593259
v 0.524490 22.393818 0.862125
v -1.450719 21.908939 -0.047768
v -1.733916 21.472546 0.799552
v -0.658918 22.644215 0.569600
v -0.942116 22.207823 1.416920
v -1.111488 23.493855 -0.549880
v 0.545290 23.790510 0.243205
v 0.015496 22.470661 -2.521455
v 1.672273 22.767317 -1.728370
v -0.264752 24.084469 -0.310606
v 0.751526 23.089457 -2.117029
v -0.363586 22.711258 -1.819537
v -0.739231 23.052788 -1.162554
v 0.917546 23.349443 -0.369469
v 1.293191 23.007912 -1.026453
v 0.103556 23.624029 -0.954281
v 0.479201 23.282497 -1.611265
v -1.180593 23.634548 -0.034535
v 0.669023 23.503222 -0.188086
v -1.442601 22.545866 -2.259450
v 0.407015 22.414537 -2.413001
v -0.234949 24.084278 -0.301124
v -0.491818 23.000282 -2.468182
v -1.358685 22.808292 -1.473086
v -1.271333 23.171654 -0.731656
v 0.578282 23.040325 -0.885206
v 0.501342 22.881855 -1.676453
v -0.338543 23.619122 -1.151144
v -0.414409 23.399223 -1.887733
v 0.588163 23.037477 -0.890855
v -1.261452 23.168804 -0.737304
v 0.390669 22.531729 -2.837228
v -1.458945 22.663057 -2.683676
v -0.328663 23.616274 -1.156793
v -0.529267 22.698336 -2.788154
v 0.417112 22.418068 -2.421489
v 0.511067 22.874413 -1.680057
v -1.348960 22.800850 -1.476690
v -1.432503 22.549397 -2.267939
v -0.404685 23.391781 -1.891337
v -0.482044 23.000465 -2.477716
v -1.135285 23.869038 0.472583
v 0.667474 23.257662 -0.685319
v -2.524260 22.894510 -1.613216
v -1.088595 22.443943 -2.499524
v -0.204040 24.088287 -0.301958
v -1.682042 23.169456 -2.145520
v -2.225979 23.231678 -0.813339
v -1.725235 23.409624 -0.203348
v 0.077524 22.798246 -1.361249
v -0.506326 22.457819 -2.090509
v -0.797939 23.609499 -1.008888
v -1.381790 23.269072 -1.738148
v 0.429352 22.976093 -0.854133
v -1.031418 23.462749 0.190481
v 1.534981 21.993298 1.149818
v 0.074212 22.479954 2.194432
v -0.136662 23.655085 -0.269633
v 0.879515 22.695812 1.556077
v 1.120866 22.222347 0.464018
v 0.752535 22.550406 -0.203883
v -0.708235 23.037062 0.840731
v -0.339904 22.709005 1.508632
v 0.213982 23.208561 0.393421
v 0.582313 22.880505 1.061322
v 0.022603 23.128897 -1.172499
v -0.736057 23.172682 0.525859
v 2.007417 21.935976 -0.255124
v 1.248758 21.979761 1.443233
v -0.159195 23.658157 -0.248163
v 1.772909 22.472603 0.645479
v 1.300241 22.235069 -0.578732
v 0.638847 22.633167 -0.884441
v -0.119813 22.676950 0.813916
v 0.596651 22.481739 1.138994
v 0.596814 23.153111 0.102567
v 1.260002 22.898991 0.406344
v -0.119812 22.674866 0.825462
v 0.638848 22.631081 -0.872895
v 1.637227 22.078571 1.625708
v 2.395887 22.034784 -0.072649
v 0.596815 23.151024 0.114114
v 2.046577 22.156487 0.787370
v 1.251652 21.983932 1.455910
v 0.594568 22.475147 1.149726
v 1.298157 22.228476 -0.568001
v 2.010312 21.940147 -0.242447
v 1.257918 22.892399 0.417076
v 1.776607 22.473377 0.658603
v -0.424009 23.385815 -1.393265
v -0.319863 22.909393 0.780818
v 1.985925 22.201900 -1.534960
v 2.040437 21.859970 0.176705
v -0.172892 23.665127 -0.221034
v 2.071993 22.537148 -0.561064
v 1.170639 22.596727 -1.682873
v 0.412157 22.845707 -1.551677
v 0.516304 22.369286 0.622406
v 1.405779 21.946077 0.487056
v 0.690736 23.104187 -0.366642
v 1.580211 22.680981 -0.501992
v -0.777420 24.248135 0.252701
v 0.414927 24.636284 -0.661195
v -1.864634 23.658619 -1.416149
v -0.672287 24.046768 -2.330045
v -0.290511 24.818264 -0.215147
v -1.292830 24.228861 -1.739649
v -1.470363 23.769232 -0.854770
v -1.108106 23.966135 -0.298510
v 0.084241 24.354284 -1.212406
v -0.278016 24.157379 -1.768666
v -0.646072 24.521769 -0.776908
v -1.008329 24.324863 -1.333169
v -0.413235 24.324099 0.504458
v 0.132743 24.440771 -0.943248
v -2.189054 23.534609 -0.228887
v -1.643076 23.651281 -1.676593
v -0.272697 24.820992 -0.234003
v -2.126759 24.244167 -0.979717
v -1.565248 23.711880 0.020658
v -0.973455 23.975441 0.265082
v -0.427477 24.092113 -1.182625
v -1.051851 24.001560 -1.425394
v -0.770103 24.706429 -0.430824
v -1.494491 24.365263 -0.731509
v -0.428210 24.091267 -1.192344
v -0.974188 23.974596 0.255363
v -2.010074 23.746008 -1.816742
v -2.556052 23.629335 -0.369035
v -0.770836 24.705582 -0.440543
v -2.451421 24.141462 -1.119811
v -1.645831 23.655888 -1.686637
v -1.051126 23.996786 -1.434881
v -1.564522 23.707104 0.011170
v -2.191809 23.539215 -0.238931
v -1.493766 24.360489 -0.740996
v -2.129514 24.248775 -0.989761
v -0.013718 24.491127 0.680534
v -0.243721 24.269112 -1.149853
v -2.087692 23.655844 0.849840
v -2.243675 23.506725 -0.590410
v -0.262232 24.827942 -0.256768
v -2.185332 24.013189 0.071576
v -1.376499 23.918781 0.954491
v -0.736741 24.085911 0.820538
v -0.966743 23.863894 -1.009849
v -1.727042 23.560665 -0.877531
v -1.010128 24.408230 -0.127313
v -1.770428 24.105000 0.005005
v -0.373631 24.795559 -1.007162
v -0.246477 24.953619 0.531152
v 1.598765 24.151434 -1.104013
v 1.725919 24.309492 0.434300
v -0.229591 25.256878 -0.267264
v 1.575600 24.619156 -0.370879
v 0.916970 24.278362 -1.060699
v 0.259617 24.493479 -1.028467
v 0.386772 24.651537 0.509846
v 1.044124 24.436420 0.477614
v 0.425609 24.942013 -0.305742
v 1.082961 24.726894 -0.337974
v -0.780772 24.858418 -0.828085
v 0.137579 24.760553 0.418755
v 0.777466 24.190443 -2.028224
v 1.695817 24.092581 -0.781383
v -0.223430 25.255648 -0.241950
v 1.295639 24.585506 -1.413407
v 0.233723 24.325321 -1.617147
v -0.285577 24.548386 -1.217153
v 0.632775 24.450523 0.029688
v 1.173859 24.402147 -0.372640
v 0.374701 24.959732 -0.705728
v 0.882934 24.854826 -1.087369
v 0.641289 24.448727 0.034162
v -0.277062 24.546591 -1.212678
v 1.978917 24.233833 -0.967924
v 1.060564 24.331696 -2.214765
v 0.383216 24.957935 -0.701254
v 1.532598 24.369158 -1.594030
v 1.705876 24.096359 -0.777609
v 1.181260 24.396338 -0.367661
v 0.241125 24.319510 -1.612169
v 0.787524 24.194221 -2.024450
v 0.890335 24.849016 -1.082391
v 1.306592 24.586624 -1.410501
v -1.140957 24.999411 -0.565595
v 0.510616 24.609245 0.191097
v -0.177530 24.414558 -2.504018
v 1.109183 24.130154 -1.884044
v -0.209856 25.258966 -0.220023
v 0.538714 24.695183 -2.115211
v -0.644910 24.609262 -1.929972
v -0.876473 24.691460 -1.301650
v 0.775100 24.301292 -0.544956
v 1.069537 24.097334 -1.292766
v 0.076581 24.938229 -0.973250
v 0.371017 24.734270 -1.721058
v 0.471109 25.842323 0.014126
v -0.922915 26.074055 -0.626620
v -0.440006 25.300898 1.800561
v -1.834030 25.532631 1.159815
v -0.214766 26.342587 -0.231481
v -1.038667 25.798321 1.412022
v -0.139789 25.392984 1.180704
v 0.163932 25.573868 0.585340
v -1.230092 25.805601 -0.055406
v -1.533813 25.624716 0.539960
v -0.518397 26.061800 0.367582
v -0.822117 25.880915 0.962948
v 0.515833 25.891100 -0.430176
v -1.023024 25.897060 -0.231579
v 0.766525 25.255520 1.531408
v -0.772333 25.261478 1.730005
v -0.239920 26.342794 -0.238374
v 0.004550 25.704208 1.675108
v 0.679473 25.378992 0.853169
v 0.595925 25.591263 0.199421
v -0.942933 25.597221 0.398018
v -0.856678 25.560284 1.067477
v -0.143519 26.059269 0.517099
v -0.063053 25.965088 1.149246
v -0.951072 25.596081 0.403326
v 0.587785 25.590122 0.204729
v -0.737428 25.409367 2.064379
v 0.801429 25.403406 1.865782
v -0.151659 26.058128 0.522408
v 0.033668 25.493143 1.975415
v -0.780251 25.265949 1.736861
v -0.864977 25.555099 1.071670
v 0.671174 25.373808 0.857363
v 0.758607 25.259991 1.538265
v -0.071352 25.959906 1.153440
v -0.003214 25.706039 1.683236
v 0.470048 26.023987 -0.875998
v -1.014521 25.756092 0.208801
v 1.658241 25.407267 0.922772
v 0.476319 25.219402 1.752622
v -0.265413 26.347788 -0.237259
v 0.990353 25.742493 1.352274
v 1.395840 25.601627 0.230491
v 0.964751 25.698723 -0.279314
v -0.519818 25.430828 0.805486
v -0.022674 25.210396 1.431399
v 0.232837 26.010193 0.387275
v 0.729980 25.789759 1.013188
v -0.437326 26.733517 0.262467
v 0.054245 27.020929 -0.735430
v -1.706632 26.297001 -0.488527
v -1.215060 26.584412 -1.486424
v -0.267646 27.155682 -0.207862
v -1.433231 26.719246 -0.890898
v -1.260705 26.378906 -0.245271
v -0.837709 26.524706 0.005094
v -0.346138 26.812119 -0.992803
v -0.769133 26.666317 -1.243167
v -0.688002 26.936134 -0.464075
v -1.110997 26.790333 -0.714438
v -0.112971 26.789766 0.310073
v -0.225618 26.876160 -0.830054
v -1.532381 26.205173 0.406018
v -1.645029 26.291565 -0.734111
v -0.262009 27.157700 -0.226223
v -1.737412 26.730581 -0.112814
v -1.036420 26.336439 0.366962
v -0.563389 26.531597 0.335013
v -0.676037 26.617989 -0.805115
v -1.170151 26.550938 -0.761376
v -0.656766 27.072868 -0.193648
v -1.236273 26.820248 -0.155534
v -0.679712 26.617363 -0.811327
v -0.567065 26.530970 0.328801
v -1.934625 26.361708 -0.706710
v -1.821978 26.275316 0.433419
v -0.660442 27.072241 -0.199860
v -1.998890 26.654530 -0.099270
v -1.650153 26.294977 -0.739873
v -1.172783 26.547401 -0.767912
v -1.039052 26.332903 0.360426
v -1.537505 26.208588 0.400255
v -1.238905 26.816711 -0.162069
v -1.742537 26.733994 -0.118577
v 0.210000 26.913445 0.295850
v -0.543308 26.749048 -0.843660
v -1.111117 26.294945 1.088800
v -1.687270 26.184528 0.183968
v -0.262532 27.162848 -0.244769
v -1.431314 26.559547 0.604240
v -0.604697 26.489641 0.924890
v -0.223990 26.613396 0.626040
v -0.977297 26.449001 -0.513471
v -1.438553 26.224468 -0.176150
v -0.716495 26.852062 0.086581
v -1.177751 26.627531 0.423901
v -0.582715 27.387781 -0.706313
v 0.006466 27.504820 0.273082
v 0.694764 26.910826 -1.417816
v 1.283943 27.027864 -0.438422
v -0.244315 27.729374 -0.262440
v 0.919955 27.257158 -0.923567
v 0.256407 27.004812 -1.165344
v -0.169362 27.164101 -0.928246
v 0.419819 27.281137 0.051148
v 0.845587 27.121849 -0.185949
v 0.177975 27.496223 -0.502976
v 0.603744 27.336937 -0.740073
v -0.794209 27.434324 -0.453846
v 0.224517 27.361860 0.072452
v -0.153675 26.939713 -1.761801
v 0.865053 26.867249 -1.235504
v -0.231919 27.728462 -0.247659
v 0.392028 27.232241 -1.523722
v -0.379717 27.039585 -1.310511
v -0.593171 27.204758 -0.874597
v 0.425556 27.132294 -0.348300
v 0.652705 27.096472 -0.792910
v 0.012933 27.509344 -0.751779
v 0.225063 27.431665 -1.171879
v 0.432676 27.130964 -0.348123
v -0.586051 27.203428 -0.874421
v 0.991761 26.971840 -1.452223
v -0.026967 27.044304 -1.978520
v 0.020054 27.508017 -0.751603
v 0.490050 27.072044 -1.721374
v 0.872968 26.870045 -1.236299
v 0.659251 27.092171 -0.792035
v -0.373170 27.035282 -1.309634
v -0.145760 26.942509 -1.762597
v 0.231609 27.427364 -1.171002
v 0.400253 27.233070 -1.525388
v -0.947165 27.538727 -0.161418
v 0.397433 27.249821 -0.201073
v -0.943717 27.105663 -1.764260
v 0.113828 26.895069 -1.774945
v -0.215713 27.730921 -0.237558
v -0.340700 27.313456 -1.741200
v -1.065595 27.249834 -1.229850
v -1.013129 27.310699 -0.736791
v 0.331469 27.021793 -0.776445
v 0.281530 26.870770 -1.369450
v -0.272740 27.493423 -0.831533
v -0.322679 27.342398 -1.424537
v 0.041915 26.552948 -0.670449
v -0.666243 26.724539 0.217873
v 1.164311 26.152042 0.301750
v 0.456155 26.323631 1.190071
v -0.256440 26.923378 -0.221017
v 0.778696 26.520367 0.663106
v 0.772036 26.220228 -0.024137
v 0.397988 26.354168 -0.348196
v -0.310169 26.525759 0.540126
v 0.063879 26.391817 0.864184
v 0.120284 26.715466 0.103632
v 0.494330 26.581526 0.427689
v -0.269533 26.589067 -0.781499
v -0.400042 26.593479 0.359989
v 1.185086 26.118441 -0.613371
v 1.054577 26.122852 0.528116
v -0.265862 26.923531 -0.204159
v 1.153074 26.450680 -0.040101
v 0.682069 26.209867 -0.671235
v 0.197281 26.367046 -0.727269
v 0.066772 26.371458 0.414218
v 0.563335 26.344109 0.471097
v 0.294336 26.713593 -0.139300
v 0.763049 26.643854 -0.084886
v 0.069143 26.370615 0.421011
v 0.199652 26.366201 -0.720475
v 1.301143 26.232357 0.562403
v 1.431651 26.227945 -0.579083
v 0.296706 26.712746 -0.132506
v 1.374123 26.294394 -0.007702
v 1.058099 26.126163 0.535026
v 0.564876 26.340271 0.477808
v 0.683610 26.206030 -0.664524
v 1.188608 26.121750 -0.606461
v 0.764589 26.640015 -0.078176
v 1.157537 26.452034 -0.033076
v -0.598146 26.687466 -0.827755
v -0.081961 26.489098 0.432079
v 0.905914 26.230804 -1.362470
v 1.292572 26.091698 -0.365470
v -0.269588 26.927231 -0.185636
v 1.096061 26.479027 -0.806082
v 0.361666 26.374722 -1.296777
v -0.081365 26.446619 -1.077417
v 0.434822 26.248251 0.182417
v 0.973047 26.085028 -0.063808
v 0.267844 26.677250 -0.432901
v 0.806070 26.514027 -0.679126
v -0.546357 29.236113 -0.148919
v 0.053603 29.377289 -0.321225
v -0.736829 29.051336 -0.963522
v -0.136868 29.192511 -1.135829
v -0.279247 29.464561 -0.245504
v -0.457815 29.275103 -0.992232
v -0.663541 29.076635 -0.687610
v -0.600096 29.138397 -0.416095
v -0.000136 29.279573 -0.588401
v -0.063581 29.217813 -0.859917
v -0.341357 29.361752 -0.520678
v -0.404802 29.299992 -0.792192
v -0.440664 29.253057 0.002306
v -0.018529 29.309387 -0.475397
v -1.036020 28.990046 -0.554807
v -0.613885 29.046373 -1.032512
v -0.269596 29.465490 -0.250164
v -0.888990 29.292311 -0.817928
v -0.827771 29.041424 -0.364724
v -0.629364 29.129265 -0.179040
v -0.207229 29.185593 -0.656744
v -0.414898 29.169775 -0.842121
v -0.435411 29.435503 -0.400226
v -0.678436 29.320379 -0.628556
v -0.206125 29.185425 -0.660623
v -0.628261 29.129095 -0.182918
v -0.733285 29.097870 -1.136783
v -1.155420 29.041540 -0.659079
v -0.434306 29.435333 -0.404104
v -0.996112 29.261442 -0.921062
v -0.613403 29.048508 -1.036667
v -0.413346 29.167948 -0.845799
v -0.826219 29.039597 -0.368402
v -1.035539 28.992178 -0.558964
v -0.676883 29.318548 -0.632233
v -0.888508 29.294447 -0.822083
v -0.308543 29.307695 0.131659
v -0.137444 29.252699 -0.613350
v -1.150243 29.019461 -0.120878
v -1.005445 28.986006 -0.702872
v -0.262127 29.468430 -0.257277
v -1.068174 29.181822 -0.426310
v -0.885596 29.105988 0.027936
v -0.616008 29.159008 0.072023
v -0.444909 29.104012 -0.672987
v -0.763554 28.998425 -0.738373
v -0.577963 29.314648 -0.324911
v -0.896609 29.209061 -0.390297
v -0.204160 28.693216 -0.574802
v -0.393768 28.749632 0.083474
v 0.646799 28.464117 -0.310062
v 0.457192 28.520531 0.348215
v -0.272499 28.892939 -0.245094
v 0.510070 28.662123 -0.009044
v 0.353979 28.500891 -0.397556
v 0.070369 28.577444 -0.485807
v -0.119238 28.633856 0.172470
v 0.164372 28.557306 0.260720
v 0.014153 28.772310 -0.159836
v 0.297763 28.695759 -0.071586
v -0.402296 28.707769 -0.563468
v -0.211614 28.676155 0.096155
v 0.448237 28.468843 -0.820790
v 0.638919 28.437231 -0.161167
v -0.273819 28.892286 -0.233634
v 0.556127 28.651003 -0.485117
v 0.155559 28.508894 -0.734263
v -0.127910 28.588718 -0.648493
v 0.062772 28.557104 0.011130
v 0.350424 28.555119 -0.072119
v 0.054314 28.783146 -0.333722
v 0.326849 28.755037 -0.413509
v 0.065661 28.556498 0.014304
v -0.125021 28.588112 -0.645319
v 0.780764 28.509546 -0.194667
v 0.590082 28.541161 -0.854289
v 0.057202 28.782537 -0.330548
v 0.688591 28.563925 -0.523544
v 0.642389 28.439138 -0.158040
v 0.352893 28.552700 -0.068911
v 0.158028 28.506475 -0.731054
v 0.451707 28.470751 -0.817663
v 0.329318 28.752619 -0.410300
v 0.560182 28.651770 -0.482214
v -0.596193 28.757235 -0.510190
v -0.017467 28.622101 0.059317
v 0.119550 28.546747 -1.165974
v 0.565141 28.449778 -0.709630
v -0.271683 28.893885 -0.222430
v 0.347776 28.686293 -0.893519
v -0.168453 28.613550 -0.999943
v -0.363829 28.636551 -0.774951
v 0.214897 28.501417 -0.205444
v 0.458387 28.427656 -0.470377
v -0.027195 28.768349 -0.490928
v 0.216294 28.694586 -0.755862
v 0.025161 28.037275 0.021242
v -0.482202 28.106203 -0.503438
v -0.679184 27.845051 0.677086
v -1.186546 27.913977 0.152406
v -0.234323 28.255781 -0.222220
v -0.876207 28.057358 0.385451
v -0.442274 27.866508 0.450814
v -0.207502 27.930780 0.232235
v -0.714865 27.999706 -0.292445
v -0.949636 27.935434 -0.073866
v -0.470144 28.144640 0.002127
v -0.704916 28.080366 0.220706
v 0.119590 28.042795 -0.168753
v -0.593445 28.037785 -0.339084
v -0.101317 27.825253 0.762407
v -0.814353 27.820242 0.592076
v -0.244279 28.255342 -0.229470
v -0.459890 28.034384 0.679612
v -0.025553 27.855150 0.444363
v 0.048073 27.927862 0.134012
v -0.664962 27.922850 -0.036319
v -0.739202 27.933317 0.274155
v -0.329607 28.153324 0.130726
v -0.400421 28.135290 0.426182
v -0.669452 27.922443 -0.035298
v 0.043582 27.927456 0.135033
v -0.854264 27.903671 0.738909
v -0.141230 27.908684 0.909240
v -0.334096 28.152918 0.131747
v -0.498335 27.947443 0.825316
v -0.818978 27.822540 0.593583
v -0.743595 27.930962 0.274824
v -0.029947 27.852793 0.445033
v -0.105943 27.827551 0.763914
v -0.404813 28.132933 0.426852
v -0.464673 28.035492 0.681813
v 0.174687 28.086908 -0.378034
v -0.664137 27.989264 -0.138101
v 0.395287 27.881319 0.637565
v -0.266751 27.814182 0.812666
v -0.255703 28.257477 -0.233450
v 0.029858 28.049530 0.700932
v 0.396277 27.942213 0.281080
v 0.291718 27.962946 -0.019332
v -0.547104 27.865299 0.220601
v -0.433400 27.791876 0.588239
v -0.141829 28.128864 0.138607
v -0.028125 28.055441 0.506244
vn 0.0136 0.8928 0.4502
vn 0.7468 0.6640 0.0367
vn 0.8093 0.5474 0.2128
vn 0.7860 0.6064 0.1209
vn 0.0683 0.7700 0.6343
vn 0.0361 0.8403 0.5409
vn 0.2223 0.6082 0.7620
vn 0.6945 0.6965 -0.1804
vn 0.7377 0.6654 -0.1137
vn 0.6566 0.7184 -0.2299
vn 0.1660 0.6135 0.7721
vn 0.0012 0.7619 0.6477
vn 0.4857 0.8738 -0.0223
vn 0.1339 0.8419 0.5228
vn 0.0048 0.7592 0.6509
vn 0.2148 0.6163 0.7577
vn 0.6604 0.7155 -0.2280
vn 0.6863 0.7034 -0.1848
vn 0.2964 0.5916 0.7498
vn 0.4815 0.8725 -0.0828
vn 0.5795 0.8073 -0.1117
vn 0.4319 0.9002 -0.0559
vn 0.4684 0.5206 0.7139
vn 0.3711 0.5754 0.7288
vn 0.2874 0.8693 -0.4021
vn -0.4480 0.5266 -0.7225
vn -0.3294 0.3980 -0.8562
vn -0.3964 0.4616 -0.7936
vn 0.4175 0.7358 -0.5331
vn 0.3533 0.8122 -0.4642
vn 0.5548 0.6129 -0.5626
vn -0.6777 0.6069 -0.4153
vn -0.6157 0.5626 -0.5517
vn -0.6680 0.5225 -0.5299
vn 0.5410 0.5959 -0.5935
vn 0.5468 0.6458 -0.5329
vn -0.6167 0.7248 -0.3073
vn 0.5503 0.7583 -0.3495
vn 0.5466 0.6430 -0.5365
vn 0.5549 0.6206 -0.5540
vn -0.6676 0.5198 -0.5331
vn -0.6770 0.6135 -0.4066
vn 0.3977 0.5191 -0.7565
vn -0.4130 0.7793 -0.4713
vn -0.4868 0.6988 -0.5241
vn -0.3652 0.8145 -0.4508
vn 0.2768 0.4206 -0.8640
vn 0.3396 0.4908 -0.8023
vn -0.4018 0.9135 -0.0645
vn -0.3981 0.5716 0.7175
vn -0.5552 0.4573 0.6947
vn -0.4623 0.5120 0.7240
vn -0.5899 0.7990 -0.1168
vn -0.4915 0.8659 -0.0930
vn -0.7750 0.6290 -0.0617
vn -0.1519 0.5910 0.7923
vn -0.2312 0.5597 0.7958
vn -0.0904 0.6138 0.7843
vn -0.7581 0.6418 -0.1151
vn -0.5712 0.8002 -0.1831
vn -0.1959 0.8035 0.5622
vn -0.5201 0.8541 0.0016
vn -0.5756 0.7973 -0.1817
vn -0.7676 0.6376 -0.0652
vn -0.0938 0.6106 0.7864
vn -0.1442 0.5986 0.7880
vn -0.7981 0.6025 0.0067
vn -0.1401 0.7984 0.5855
vn -0.1597 0.7197 0.6757
vn -0.1412 0.8338 0.5336
vn -0.8453 0.5085 0.1643
vn -0.8137 0.5758 0.0796
vn 0.4236 0.9046 0.0487
vn 0.2747 0.5968 -0.7538
vn 0.4624 0.4820 -0.7442
vn 0.3675 0.5392 -0.7578
vn 0.6163 0.7845 0.0689
vn 0.5169 0.8538 0.0621
vn 0.7306 0.6649 0.1551
vn -0.1140 0.6466 -0.7543
vn 0.0357 0.6160 -0.7869
vn -0.0095 0.5740 -0.8188
vn 0.7487 0.6511 0.1249
vn 0.6994 0.6947 0.1680
vn -0.1741 0.7530 -0.6346
vn 0.5451 0.7883 0.2853
vn 0.7024 0.6923 0.1656
vn 0.7232 0.6717 0.1607
vn -0.0065 0.5716 -0.8205
vn -0.1211 0.6523 -0.7482
vn 0.8013 0.5912 -0.0911
vn 0.0734 0.8232 -0.5630
vn 0.0787 0.7485 -0.6585
vn 0.0823 0.8561 -0.5102
vn 0.8243 0.5041 -0.2578
vn 0.8061 0.5678 -0.1666
vn -0.3855 0.8961 0.2202
vn 0.3883 0.7158 0.5804
vn 0.2870 0.6058 0.7421
vn 0.3455 0.6619 0.6652
vn -0.4976 0.7794 0.3807
vn -0.4436 0.8462 0.2952
vn -0.5043 0.6303 0.5903
vn 0.5316 0.7422 0.4080
vn 0.5043 0.7150 0.4841
vn 0.5484 0.7609 0.3469
vn -0.5458 0.6316 0.5506
vn -0.5477 0.7666 0.3352
vn 0.2749 0.9059 0.3222
vn -0.3714 0.8546 0.3631
vn -0.5480 0.7642 0.3401
vn -0.5055 0.6377 0.5812
vn 0.5492 0.7583 0.3512
vn 0.5301 0.7485 0.3984
vn -0.4502 0.6188 0.6438
vn 0.3212 0.9037 0.2831
vn 0.4046 0.8452 0.3491
vn 0.2694 0.9280 0.2573
vn -0.3174 0.5598 0.7654
vn -0.3887 0.6077 0.6925
vn -0.0891 0.9290 -0.3592
vn -0.7507 0.6468 0.1343
vn -0.8374 0.5451 -0.0408
vn -0.8013 0.5960 0.0518
vn -0.1691 0.8220 -0.5438
vn -0.1242 0.8844 -0.4500
vn -0.3387 0.6687 -0.6619
vn -0.6672 0.6609 0.3435
vn -0.7195 0.6349 0.2813
vn -0.6226 0.6792 0.3887
vn -0.2845 0.6762 -0.6796
vn -0.1046 0.8166 -0.5676
vn -0.4859 0.8566 0.1736
vn -0.2182 0.8820 -0.4177
vn -0.1086 0.8142 -0.5704
vn -0.3307 0.6765 -0.6580
vn -0.6266 0.6764 0.3871
vn -0.6585 0.6676 0.3473
vn -0.4100 0.6493 -0.6406
vn -0.4728 0.8500 0.2324
vn -0.5648 0.7801 0.2692
vn -0.4280 0.8811 0.2012
vn -0.5740 0.5713 -0.5866
vn -0.4806 0.6295 -0.6105
vn 0.3274 0.9421 -0.0727
vn -0.2808 0.7050 -0.6513
vn -0.1246 0.6155 -0.7782
vn -0.2090 0.6608 -0.7209
vn 0.4943 0.8470 -0.1954
vn 0.4103 0.9029 -0.1282
vn 0.6417 0.7350 -0.2190
vn -0.5852 0.7027 -0.4046
vn -0.4881 0.6959 -0.5268
vn -0.5418 0.6519 -0.5306
vn 0.6372 0.7270 -0.2557
vn 0.6245 0.7588 -0.1850
vn -0.5608 0.7869 -0.2576
vn 0.5746 0.8183 0.0158
vn 0.6253 0.7572 -0.1890
vn 0.6391 0.7402 -0.2090
vn -0.5404 0.6501 -0.5341
vn -0.5871 0.7068 -0.3946
vn 0.5448 0.6980 -0.4647
vn -0.3258 0.8811 -0.3429
vn -0.3789 0.8184 -0.4321
vn -0.2869 0.9090 -0.3022
vn 0.4612 0.6330 -0.6217
vn 0.5021 0.6836 -0.5297
vn -0.2875 0.9155 0.2814
vn 0.5735 0.7764 0.2614
vn 0.5630 0.6854 0.4617
vn 0.5769 0.7325 0.3614
vn -0.3077 0.8178 0.4863
vn -0.3023 0.8745 0.3793
vn -0.2102 0.6933 0.6893
vn 0.6206 0.7831 0.0408
vn 0.6325 0.7647 0.1232
vn 0.6066 0.7947 -0.0228
vn -0.2653 0.6902 0.6733
vn -0.3724 0.8000 0.4705
vn 0.3450 0.9362 0.0667
vn -0.2075 0.8904 0.4051
vn -0.3703 0.7982 0.4752
vn -0.2159 0.6997 0.6811
vn 0.6094 0.7926 -0.0190
vn 0.6145 0.7883 0.0323
vn -0.1372 0.6879 0.7128
vn 0.3684 0.9296 0.0111
vn 0.4756 0.8789 0.0368
vn 0.3093 0.9509 0.0097
vn 0.0394 0.6429 0.7649
vn -0.0597 0.6823 0.7286
vn -0.2013 0.9432 -0.2643
vn -0.4404 0.7150 0.5430
vn -0.6260 0.6276 0.4630
vn -0.5357 0.6720 0.5114
vn -0.3882 0.8501 -0.3558
vn -0.2891 0.9049 -0.3122
vn -0.6083 0.7182 -0.3379
vn -0.2446 0.7146 0.6554
vn -0.3264 0.6958 0.6398
vn -0.1801 0.7269 0.6627
vn -0.5763 0.7207 -0.3855
vn -0.3531 0.8390 -0.4140
vn -0.1891 0.8958 0.4022
vn -0.3428 0.9111 -0.2288
vn -0.3582 0.8370 -0.4136
vn -0.5989 0.7250 -0.3400
vn -0.1844 0.7246 0.6640
vn -0.2348 0.7203 0.6527
vn -0.6527 0.7054 -0.2763
vn -0.1431 0.8862 0.4406
vn -0.1990 0.8249 0.5291
vn -0.1244 0.9136 0.3872
vn -0.7550 0.6428 -0.1296
vn -0.6912 0.6920 -0.2084
vn 0.2699 0.9421 0.1991
vn 0.3066 0.7050 -0.6396
vn 0.5048 0.6155 -0.6052
vn 0.4061 0.6608 -0.6312
vn 0.4721 0.8470 0.2443
vn 0.3662 0.9029 0.2251
vn 0.5867 0.7351 0.3398
vn -0.0795 0.7027 -0.7070
vn 0.0764 0.6959 -0.7141
vn 0.0440 0.6519 -0.7570
vn 0.6115 0.7270 0.3124
vn 0.5497 0.7588 0.3492
vn -0.1742 0.7869 -0.5920
vn 0.3656 0.8183 0.4436
vn 0.5533 0.7572 0.3472
vn 0.5775 0.7402 0.3445
vn 0.0476 0.6501 -0.7584
vn -0.0883 0.7068 -0.7019
vn 0.7083 0.6980 0.1055
vn 0.0444 0.8811 -0.4709
vn 0.0768 0.8184 -0.5695
vn 0.0393 0.9090 -0.4149
vn 0.7718 0.6330 -0.0608
vn 0.7292 0.6836 0.0304
vn -0.3997 0.9155 0.0455
vn 0.2919 0.7764 0.5586
vn 0.1606 0.6854 0.7102
vn 0.2332 0.7325 0.6396
vn -0.5416 0.8178 0.1947
vn -0.4715 0.8745 0.1136
vn -0.5893 0.6933 0.4148
vn 0.4646 0.7831 0.4134
vn 0.4234 0.7647 0.4858
vn 0.4926 0.7947 0.3547
vn -0.6229 0.6902 0.3683
vn -0.5829 0.8000 0.1425
vn 0.2313 0.9362 0.2645
vn -0.4126 0.8904 0.1922
vn -0.5841 0.7982 0.1475
vn -0.5887 0.6997 0.4048
vn 0.4926 0.7926 0.3593
vn 0.4650 0.7883 0.4030
vn -0.5461 0.6879 0.4782
vn 0.2839 0.9296 0.2351
vn 0.3526 0.8789 0.3212
vn 0.2381 0.9509 0.1977
vn -0.4388 0.6429 0.6278
vn -0.4947 0.6823 0.5382
vn 0.1105 0.9486 -0.2966
vn -0.7008 0.7122 0.0411
vn -0.7603 0.6276 -0.1677
vn -0.7375 0.6720 -0.0678
vn 0.0131 0.8501 -0.5264
vn 0.0454 0.9049 -0.4231
vn -0.1450 0.7182 -0.6806
vn -0.6548 0.7146 0.2463
vn -0.6967 0.6958 0.1744
vn -0.6179 0.7269 0.2996
vn -0.0881 0.7207 -0.6877
vn 0.0801 0.8390 -0.5382
vn -0.4274 0.8958 0.1217
vn -0.0528 0.9111 -0.4088
vn 0.0765 0.8370 -0.5418
vn -0.1372 0.7250 -0.6749
vn -0.6218 0.7246 0.2973
vn -0.6463 0.7203 0.2519
vn -0.2206 0.7054 -0.6736
vn -0.4261 0.8862 0.1816
vn -0.5296 0.8249 0.1976
vn -0.3736 0.9136 0.1607
vn -0.3984 0.6428 -0.6543
vn -0.2971 0.6920 -0.6579
vn 0.0203 0.9421 0.3348
vn 0.6874 0.7050 -0.1749
vn 0.7882 0.6155 -0.0007
vn 0.7448 0.6608 -0.0931
vn 0.1153 0.8470 0.5189
vn 0.0621 0.9029 0.4253
vn 0.1154 0.7350 0.6681
vn 0.4915 0.7027 -0.5143
vn 0.5970 0.6959 -0.3993
vn 0.6091 0.6519 -0.4516
vn 0.1524 0.7270 0.6695
vn 0.0845 0.7588 0.6458
vn 0.3426 0.7869 -0.5133
vn -0.1059 0.8183 0.5650
vn 0.0884 0.7572 0.6472
vn 0.1060 0.7402 0.6640
vn 0.6125 0.6501 -0.4497
vn 0.4820 0.7068 -0.5178
vn 0.3732 0.6980 0.6111
vn 0.3898 0.8811 -0.2678
vn 0.4863 0.8184 -0.3063
vn 0.3435 0.9090 -0.2359
vn 0.5415 0.6330 0.5532
vn 0.4442 0.6836 0.5791
vn -0.2912 0.9155 -0.2775
vn -0.2414 0.7764 0.5822
vn -0.4419 0.6854 0.5787
vn -0.3412 0.7325 0.5891
vn -0.4967 0.8178 -0.2907
vn -0.3895 0.8745 -0.2889
vn -0.6962 0.6933 -0.1862
vn -0.0192 0.7831 0.6216
vn -0.1012 0.7647 0.6364
vn 0.0438 0.7947 0.6054
vn -0.6820 0.6902 -0.2418
vn -0.4831 0.8000 -0.3559
vn -0.0547 0.9362 0.3471
vn -0.4121 0.8904 -0.1934
vn -0.4878 0.7982 -0.3536
vn -0.6882 0.6997 -0.1921
vn 0.0402 0.7926 0.6084
vn -0.0110 0.7883 0.6152
vn -0.7171 0.6879 -0.1124
vn 0.0017 0.9296 0.3686
vn -0.0203 0.8789 0.4766
vn 0.0010 0.9509 0.3095
vn -0.7631 0.6429 0.0658
vn -0.7302 0.6823 -0.0345
vn 0.2926 0.9432 -0.1573
vn -0.4671 0.7150 -0.5202
vn -0.3589 0.6276 -0.6909
vn -0.4209 0.6720 -0.6093
vn 0.4123 0.8501 -0.3275
vn 0.3538 0.9049 -0.2365
vn 0.4292 0.7182 -0.5477
vn -0.6089 0.7146 -0.3445
vn -0.5806 0.6958 -0.4228
vn -0.6261 0.7269 -0.2819
vn 0.4712 0.7207 -0.5086
vn 0.4643 0.8390 -0.2837
vn -0.3675 0.8958 -0.2499
vn 0.2798 0.9111 -0.3027
vn 0.4648 0.8370 -0.2888
vn 0.4299 0.7250 -0.5381
vn -0.6268 0.7246 -0.2865
vn -0.6077 0.7203 -0.3344
vn 0.3754 0.7054 -0.6012
vn -0.4126 0.8862 -0.2105
vn -0.4913 0.8249 -0.2796
vn -0.3629 0.9136 -0.1836
vn 0.2466 0.6428 -0.7252
vn 0.3143 0.6920 -0.6499
vn -0.1800 0.9421 0.2830
vn 0.6592 0.7050 0.2616
vn 0.6387 0.6155 0.4618
vn 0.6578 0.6608 0.3615
vn -0.2111 0.8470 0.4879
vn -0.1992 0.9029 0.3809
vn -0.2985 0.7350 0.6088
vn 0.6998 0.7027 -0.1282
vn 0.7177 0.6959 0.0269
vn 0.7583 0.6519 -0.0084
vn -0.2694 0.7270 0.6316
vn -0.3104 0.7588 0.5725
vn 0.5786 0.7869 -0.2147
vn -0.4172 0.8183 0.3954
vn -0.3081 0.7572 0.5760
vn -0.3037 0.7402 0.5999
vn 0.7598 0.6501 -0.0049
vn 0.6941 0.7068 -0.1366
vn -0.0562 0.6980 0.7139
vn 0.4728 0.8811 0.0118
vn 0.5735 0.8184 0.0373
vn 0.4166 0.9090 0.0105
vn 0.1140 0.6330 0.7657
vn 0.0200 0.6836 0.7296
vn -0.0731 0.9155 -0.3956
vn -0.5370 0.7764 0.3299
vn -0.6974 0.6854 0.2094
vn -0.6219 0.7325 0.2770
vn -0.2318 0.8178 -0.5268
vn -0.1460 0.8745 -0.4625
vn -0.4546 0.6933 -0.5592
vn -0.3802 0.7831 0.4921
vn -0.4553 0.7647 0.4560
vn -0.3197 0.7947 0.5160
vn -0.4105 0.6902 -0.5959
vn -0.1825 0.8000 -0.5716
vn -0.2479 0.9362 0.2490
vn -0.2203 0.8904 -0.3983
vn -0.1876 0.7982 -0.5725
vn -0.4446 0.6997 -0.5593
vn -0.3244 0.7926 0.5163
vn -0.3698 0.7883 0.4918
vn -0.5148 0.6879 -0.5116
vn -0.2148 0.9296 0.2995
vn -0.2960 0.8789 0.3740
vn -0.1807 0.9509 0.2512
vn -0.6567 0.6429 -0.3943
vn -0.5712 0.6823 -0.4562
vn 0.3293 0.9432 0.0442
vn -0.0732 0.7150 -0.6953
vn 0.1146 0.6276 -0.7701
vn 0.0165 0.6720 -0.7404
vn 0.5260 0.8501 -0.0234
vn 0.4252 0.9049 0.0160
vn 0.6689 0.7182 -0.1918
vn -0.2910 0.7146 -0.6361
vn -0.2222 0.6958 -0.6830
vn -0.3417 0.7269 -0.5956
vn 0.6799 0.7207 -0.1355
vn 0.5424 0.8390 0.0426
vn -0.1511 0.8958 -0.4179
vn 0.4041 0.9111 -0.0810
vn 0.5458 0.8370 0.0388
vn 0.6638 0.7250 -0.1836
vn -0.3396 0.7246 -0.5997
vn -0.2960 0.7203 -0.6273
vn 0.6567 0.7054 -0.2667
vn -0.2107 0.8862 -0.4125
vn -0.2338 0.8249 -0.5146
vn -0.1862 0.9136 -0.3616
vn 0.6251 0.6428 -0.4427
vn 0.6358 0.6920 -0.3419
vn -0.3186 0.9421 0.1047
vn 0.3438 0.7050 0.6203
vn 0.2010 0.6155 0.7621
vn 0.2793 0.6608 0.6966
vn -0.4726 0.8470 0.2434
vn -0.3956 0.9029 0.1681
vn -0.6168 0.7350 0.2814
vn 0.6224 0.7027 0.3447
vn 0.5379 0.6959 0.4759
vn 0.5916 0.6519 0.4743
vn -0.6088 0.7270 0.3175
vn -0.6031 0.7588 0.2458
vn 0.5835 0.7869 0.2009
vn -0.5733 0.8183 0.0411
vn -0.6035 0.7572 0.2500
vn -0.6153 0.7402 0.2712
vn 0.5906 0.6501 0.4780
vn 0.6233 0.7068 0.3345
vn -0.4962 0.6980 0.5163
vn 0.3581 0.8811 0.3089
vn 0.4198 0.8184 0.3925
vn 0.3154 0.9090 0.2723
vn -0.3974 0.6330 0.6643
vn -0.4472 0.6836 0.5768
vn 0.1944 0.9155 -0.3522
vn -0.6244 0.7764 -0.0854
vn -0.6720 0.6854 -0.2803
vn -0.6565 0.7325 -0.1802
vn 0.1549 0.8178 -0.5543
vn 0.1804 0.8745 -0.4502
vn 0.0031 0.6933 -0.7207
vn -0.6061 0.7831 0.1394
vn -0.6412 0.7647 0.0639
vn -0.5744 0.7947 0.1963
vn 0.0605 0.6902 -0.7211
vn 0.2213 0.8000 -0.5577
vn -0.3496 0.9362 0.0354
vn 0.0823 0.8904 -0.4477
vn 0.2180 0.7982 -0.5616
vn 0.0109 0.6997 -0.7144
vn -0.5782 0.7926 0.1935
vn -0.5978 0.7883 0.1458
vn -0.0736 0.6879 -0.7221
vn -0.3560 0.9296 0.0953
vn -0.4661 0.8789 0.1015
vn -0.2991 0.9509 0.0796
vn -0.2577 0.6429 -0.7213
vn -0.1523 0.6823 -0.7150
vn 0.2265 0.9432 0.2430
vn 0.3843 0.7150 -0.5840
vn 0.5770 0.6276 -0.5228
vn 0.4823 0.6720 -0.5620
vn 0.4215 0.8501 0.3155
vn 0.3187 0.9049 0.2820
vn 0.6388 0.7182 0.2758
vn 0.1784 0.7146 -0.6764
vn 0.2613 0.6958 -0.6690
vn 0.1135 0.7269 -0.6773
vn 0.6116 0.7207 0.3264
vn 0.3924 0.8390 0.3769
vn 0.1482 0.8958 -0.4190
vn 0.3638 0.9111 0.1936
vn 0.3974 0.8370 0.3761
vn 0.6297 0.7250 0.2790
vn 0.1177 0.7246 -0.6790
vn 0.1689 0.7203 -0.6728
vn 0.6769 0.7054 0.2102
vn 0.0987 0.8862 -0.4526
vn 0.1455 0.8249 -0.5462
vn 0.0853 0.9136 -0.3976
vn 0.7641 0.6428 0.0541
vn 0.7084 0.6920 0.1388
vn -0.3033 0.9421 -0.1432
vn -0.1772 0.7050 0.6868
vn -0.3784 0.6155 0.6914
vn -0.2765 0.6608 0.6978
vn -0.5104 0.8470 -0.1485
vn -0.4028 0.9029 -0.1501
vn -0.6413 0.7350 -0.2201
vn 0.2146 0.7027 0.6783
vn 0.0629 0.6959 0.7154
vn 0.1030 0.6519 0.7513
vn -0.6603 0.7270 -0.1884
vn -0.6068 0.7588 -0.2365
vn 0.2853 0.7869 0.5472
vn -0.4444 0.8183 -0.3646
vn -0.6100 0.7572 -0.2338
vn -0.6332 0.7402 -0.2265
vn 0.0998 0.6501 0.7533
vn 0.2222 0.7068 0.6716
vn -0.7153 0.6980 0.0333
vn 0.0474 0.8811 0.4706
vn 0.0346 0.8184 0.5737
vn 0.0416 0.9090 0.4146
vn -0.7455 0.6330 0.2087
vn -0.7214 0.6836 0.1110
vn 0.3834 0.9155 -0.1220
vn -0.3945 0.7764 -0.4915
vn -0.2950 0.6854 -0.6657
vn -0.3526 0.7325 -0.5824
vn 0.4937 0.8178 -0.2958
vn 0.4406 0.8745 -0.2027
vn 0.4980 0.6933 -0.5209
vn -0.5358 0.7831 -0.3157
vn -0.5094 0.7647 -0.3947
vn -0.5519 0.7947 -0.2527
vn 0.5399 0.6902 -0.4818
vn 0.5443 0.8000 -0.2526
vn -0.2781 0.9362 -0.2148
vn 0.3677 0.8904 -0.2684
vn 0.5445 0.7982 -0.2577
vn 0.4993 0.6997 -0.5111
vn -0.5528 0.7926 -0.2573
vn -0.5342 0.7883 -0.3054
vn 0.4432 0.6879 -0.5748
vn -0.3240 0.9296 -0.1757
vn -0.4081 0.8789 -0.2469
vn -0.2718 0.9509 -0.1479
vn 0.3091 0.6429 -0.7008
vn 0.3812 0.6823 -0.6238
vn -0.0027 0.9432 0.3322
vn 0.6807 0.7150 -0.1596
vn 0.7784 0.6276 0.0174
vn 0.7367 0.6720 -0.0762
vn 0.0889 0.8501 0.5190
vn 0.0373 0.9049 0.4239
vn 0.2740 0.7182 0.6397
vn 0.5948 0.7146 -0.3683
vn 0.6498 0.6958 -0.3059
vn 0.5482 0.7269 -0.4135
vn 0.2194 0.7207 0.6576
vn 0.0255 0.8390 0.5435
vn 0.3958 0.8958 -0.2021
vn 0.1309 0.9111 0.3908
vn 0.0298 0.8370 0.5463
vn 0.2652 0.7250 0.6356
vn 0.5525 0.7246 -0.4119
vn 0.5854 0.7203 -0.3722
vn 0.3467 0.7054 0.6182
vn 0.3829 0.8862 -0.2606
vn 0.4813 0.8249 -0.2964
vn 0.3355 0.9136 -0.2299
vn 0.5174 0.6428 0.5648
vn 0.4187 0.6920 0.5880
vn 0.0610 0.9666 -0.2491
vn -0.6078 0.7480 0.2666
vn -0.7230 0.6849 0.0898
vn -0.6722 0.7172 0.1838
vn -0.0494 0.8983 -0.4365
vn 0.0124 0.9401 -0.3408
vn -0.0658 0.8011 -0.5949
vn -0.4013 0.6959 0.5955
vn -0.5109 0.7097 0.4851
vn -0.5255 0.6625 0.5339
vn -0.1034 0.7968 -0.5953
vn -0.0319 0.8197 -0.5719
vn -0.2449 0.7652 0.5954
vn 0.1662 0.8531 -0.4946
vn -0.0360 0.8185 -0.5733
vn -0.0558 0.8049 -0.5908
vn -0.5290 0.6612 0.5320
vn -0.3912 0.6987 0.5990
vn -0.3239 0.7837 -0.5300
vn -0.2912 0.8857 0.3615
vn -0.3920 0.8292 0.3985
vn -0.2436 0.9120 0.3301
vn -0.4956 0.7299 -0.4708
vn -0.3948 0.7732 -0.4963
vn 0.2055 0.9223 0.3274
vn 0.1316 0.8331 -0.5372
vn 0.3406 0.7643 -0.5476
vn 0.2350 0.8008 -0.5509
vn 0.4205 0.8467 0.3260
vn 0.3080 0.8915 0.3322
vn 0.6271 0.7513 0.2057
vn -0.0916 0.8182 -0.5675
vn -0.0089 0.8098 -0.5867
vn -0.1547 0.8219 -0.5482
vn 0.6159 0.7432 0.2615
vn 0.4119 0.8234 0.3903
vn -0.0601 0.9567 -0.2849
vn 0.3244 0.9157 0.2371
vn 0.4166 0.8223 0.3877
vn 0.6187 0.7564 0.2124
vn -0.1510 0.8204 -0.5515
vn -0.1000 0.8221 -0.5605
vn 0.6450 0.7528 0.1309
vn -0.1163 0.9454 -0.3046
vn -0.0940 0.9043 -0.4165
vn -0.1152 0.9629 -0.2442
vn 0.6874 0.7245 -0.0515
vn 0.6551 0.7537 0.0524
vn -0.3260 0.9454 -0.0031
vn 0.4587 0.8147 0.3549
vn 0.3622 0.7567 0.5442
vn 0.4185 0.7873 0.4527
vn -0.4337 0.8814 0.1873
vn -0.3818 0.9204 0.0849
vn -0.4348 0.7920 0.4286
vn 0.5922 0.7866 0.1750
vn 0.5683 0.7817 0.2568
vn 0.6060 0.7877 0.1104
vn -0.4785 0.7857 0.3919
vn -0.4871 0.8605 0.1491
vn 0.3391 0.9387 0.0616
vn -0.3052 0.9412 0.1448
vn -0.4872 0.8595 0.1545
vn -0.4362 0.7969 0.4179
vn 0.6070 0.7863 0.1153
vn 0.5903 0.7903 0.1641
vn -0.3781 0.7912 0.4806
vn 0.3827 0.9236 0.0224
vn 0.4670 0.8789 0.0973
vn 0.3307 0.9437 -0.0064
vn -0.2411 0.7572 0.6070
vn -0.3143 0.7892 0.5276
vn -0.0557 0.9666 -0.2503
vn -0.4267 0.7480 0.5083
vn -0.6084 0.6849 0.4009
vn -0.5211 0.7172 0.4627
vn -0.2377 0.8983 -0.3694
vn -0.1400 0.9401 -0.3110
vn -0.3226 0.8011 -0.5041
vn -0.0958 0.6959 0.7117
vn -0.2430 0.7097 0.6612
vn -0.2345 0.6625 0.7114
vn -0.3566 0.7968 -0.4878
vn -0.2821 0.8197 -0.4985
vn 0.0443 0.7652 0.6422
vn -0.0702 0.8531 -0.5170
vn -0.2864 0.8185 -0.4980
vn -0.3118 0.8049 -0.5049
vn -0.2385 0.6612 0.7113
vn -0.0853 0.6987 0.7103
vn -0.5252 0.7837 -0.3316
vn -0.1009 0.8857 0.4531
vn -0.1749 0.8292 0.5309
vn -0.0721 0.9120 0.4039
vn -0.6529 0.7299 -0.2024
vn -0.5738 0.7732 -0.2700
vn 0.3293 0.9223 0.2024
vn -0.1201 0.8331 -0.5399
vn 0.0626 0.7643 -0.6418
vn -0.0335 0.8008 -0.5980
vn 0.5215 0.8467 0.1059
vn 0.4233 0.8915 0.1613
vn 0.6533 0.7513 -0.0935
vn -0.3336 0.8182 -0.4682
vn -0.2679 0.8098 -0.5220
vn -0.3816 0.8219 -0.4229
vn 0.6680 0.7432 -0.0385
vn 0.5422 0.8234 0.1673
vn -0.1801 0.9567 -0.2288
vn 0.3959 0.9157 0.0688
vn 0.5453 0.8223 0.1630
vn 0.6487 0.7564 -0.0838
vn -0.3797 0.8204 -0.4274
vn -0.3380 0.8221 -0.4581
vn 0.6363 0.7528 -0.1685
vn -0.2392 0.9454 -0.2215
vn -0.2689 0.9043 -0.3317
vn -0.2115 0.9629 -0.1679
vn 0.5934 0.7245 -0.3508
vn 0.6105 0.7537 -0.2434
vn -0.0812 0.9454 0.3157
vn 0.4545 0.8147 -0.3602
vn 0.6152 0.7567 -0.2212
vn 0.5399 0.7873 -0.2977
vn 0.0778 0.8814 0.4659
vn -0.0092 0.9204 0.3910
vn 0.3118 0.7920 0.5249
vn 0.3119 0.7866 -0.5329
vn 0.3856 0.7817 -0.4902
vn 0.2526 0.7877 -0.5619
vn 0.2657 0.7857 0.5586
vn 0.0279 0.8605 0.5086
vn 0.1412 0.9387 -0.3144
vn 0.0674 0.9412 0.3310
vn 0.0331 0.8595 0.5100
vn 0.3011 0.7969 0.5237
vn 0.2575 0.7863 -0.5617
vn 0.3009 0.7903 -0.5338
vn 0.3759 0.7912 0.4823
vn 0.1135 0.9236 -0.3662
vn 0.2065 0.8789 -0.4301
vn 0.0731 0.9437 -0.3226
vn 0.5315 0.7572 0.3797
vn 0.4368 0.7892 0.4317
vn 0.1923 0.9693 -0.1532
vn -0.6247 0.7763 0.0839
vn -0.6737 0.7283 -0.1254
vn -0.6574 0.7533 -0.0177
vn 0.1513 0.9162 -0.3711
vn 0.1776 0.9498 -0.2576
vn 0.1866 0.8266 -0.5309
vn -0.5493 0.6974 0.4603
vn -0.6125 0.7230 0.3197
vn -0.6455 0.6749 0.3574
vn 0.1513 0.8249 -0.5447
vn 0.2111 0.8420 -0.4965
vn -0.3995 0.7559 0.5186
vn 0.3710 0.8587 -0.3534
vn 0.2077 0.8411 -0.4993
vn 0.1947 0.8296 -0.5233
vn -0.6483 0.6740 0.3543
vn -0.5410 0.6994 0.4671
vn -0.0784 0.8242 -0.5609
vn -0.3550 0.8884 0.2910
vn -0.4650 0.8374 0.2872
vn -0.2981 0.9126 0.2797
vn -0.2624 0.7799 -0.5683
vn -0.1570 0.8172 -0.5545
vn 0.0161 0.9249 0.3799
vn 0.2543 0.8528 -0.4561
vn 0.4579 0.7974 -0.3929
vn 0.3580 0.8273 -0.4328
vn 0.2226 0.8629 0.4537
vn 0.1123 0.9004 0.4202
vn 0.4640 0.7836 0.4131
vn 0.0573 0.8248 -0.5625
vn 0.1418 0.8220 -0.5516
vn -0.0087 0.8241 -0.5664
vn 0.4347 0.7734 0.4614
vn 0.1937 0.8376 0.5108
vn -0.0211 0.9579 -0.2864
vn 0.1591 0.9280 0.3369
vn 0.1991 0.8368 0.5101
vn 0.4535 0.7880 0.4164
vn -0.0040 0.8229 -0.5682
vn 0.0467 0.8279 -0.5589
vn 0.5068 0.7881 0.3493
vn -0.0660 0.9436 -0.3246
vn -0.0034 0.9067 -0.4217
vn -0.0872 0.9596 -0.2676
vn 0.6119 0.7670 0.1930
vn 0.5436 0.7916 0.2792
vn -0.2943 0.9343 -0.2010
vn 0.3111 0.8517 0.4216
vn 0.1532 0.8081 0.5688
vn 0.2386 0.8320 0.5009
vn -0.4631 0.8845 -0.0562
vn -0.3779 0.9157 -0.1366
vn -0.5506 0.8160 0.1759
vn 0.4994 0.8113 0.3039
vn 0.4481 0.8129 0.3720
vn 0.5353 0.8073 0.2486
vn -0.5786 0.8057 0.1268
vn -0.4997 0.8593 -0.1089
vn 0.3045 0.9477 0.0954
vn -0.3273 0.9433 -0.0555
vn -0.5017 0.8588 -0.1038
vn -0.5481 0.8200 0.1650
vn 0.5345 0.8063 0.2535
vn 0.5016 0.8141 0.2928
vn -0.5161 0.8209 0.2445
vn 0.3591 0.9302 0.0756
vn 0.4109 0.8939 0.1791
vn 0.3208 0.9467 0.0286
vn -0.4332 0.8008 0.4137
vn -0.4731 0.8243 0.3110
vt 0.500000 0.666667
vt 1.009259 0.666667
vt 1.000000 1.000000
vt 0.493056 1.000000
vt -0.009259 0.666667
vt -0.013889 1.000000
vt 0.000000 0.000000
vt 0.513889 0.000000
vt 0.506944 0.333333
vt -0.004630 0.333333
vt 1.027778 0.000000
vt 1.018518 0.333333
s 0
usemtl Branches
f 12/1/1 10/2/1 4/3/1 6/4/1
f 7/5/2 12/1/2 6/4/2 3/6/2
f 1/7/3 5/8/3 11/9/3 8/10/3
f 8/10/4 11/9/4 12/1/4 7/5/4
f 5/8/5 2/11/5 9/12/5 11/9/5
f 11/9/6 9/12/6 10/2/6 12/1/6
f 24/1/7 22/2/7 16/3/7 18/4/7
f 19/5/8 24/1/8 18/4/8 15/6/8
f 13/7/9 17/8/9 23/9/9 20/10/9
f 20/10/10 23/9/10 24/1/10 19/5/10
f 17/8/11 14/11/11 21/12/11 23/9/11
f 23/9/12 21/12/12 22/2/12 24/1/12
f 36/1/13 30/4/13 28/3/13 34/2/13
f 31/5/14 27/6/14 30/4/14 36/1/14
f 25/7/15 32/10/15 35/9/15 29/8/15
f 32/10/16 31/5/16 36/1/16 35/9/16
f 29/8/17 35/9/17 33/12/17 26/11/17
f 35/9/18 36/1/18 34/2/18 33/12/18
f 48/1/19 46/2/19 40/3/19 42/4/19
f 43/5/20 48/1/20 42/4/20 39/6/20
f 37/7/21 41/8/21 47/9/21 44/10/21
f 44/10/22 47/9/22 48/1/22 43/5/22
f 41/8/23 38/11/23 45/12/23 47/9/23
f 47/9/24 45/12/24 46/2/24 48/1/24
f 60/1/25 58/2/25 52/3/25 54/4/25
f 55/5/26 60/1/26 54/4/26 51/6/26
f 49/7/27 53/8/27 59/9/27 56/10/27
f 56/10/28 59/9/28 60/1/28 55/5/28
f 53/8/29 50/11/29 57/12/29 59/9/29
f 59/9/30 57/12/30 58/2/30 60/1/30
f 72/1/31 70/2/31 64/3/31 66/4/31
f 67/5/32 72/1/32 66/4/32 63/6/32
f 61/7/33 65/8/33 71/9/33 68/10/33
f 68/10/34 71/9/34 72/1/34 67/5/34
f 65/8/35 62/11/35 69/12/35 71/9/35
f 71/9/36 69/12/36 70/2/36 72/1/36
f 84/1/37 78/4/37 76/3/37 82/2/37
f 79/5/38 75/6/38 78/4/38 84/1/38
f 73/7/39 80/10/39 83/9/39 77/8/39
f 80/10/40 79/5/40 84/1/40 83/9/40
f 77/8/41 83/9/41 81/12/41 74/11/41
f 83/9/42 84/1/42 82/2/42 81/12/42
f 96/1/43 94/2/43 88/3/43 90/4/43
f 91/5/44 96/1/44 90/4/44 87/6/44
f 85/7/45 89/8/45 95/9/45 92/10/45
f 92/10/46 95/9/46 96/1/46 91/5/46
f 89/8/47 86/11/47 93/12/47 95/9/47
f 95/9/48 93/12/48 94/2/48 96/1/48
f 108/1/49 106/2/49 100/3/49 102/4/49
f 103/5/50 108/1/50 102/4/50 99/6/50
f 97/7/51 101/8/51 107/9/51 104/10/51
f 104/10/52 107/9/52 108/1/52 103/5/52
f 101/8/53 98/11/53 105/12/53 107/9/53
f 107/9/54 105/12/54 106/2/54 108/1/54
f 120/1/55 118/2/55 112/3/55 114/4/55
f 115/5/56 120/1/56 114/4/56 111/6/56
f 109/7/57 113/8/57 119/9/57 116/10/57
f 116/10/58 119/9/58 120/1/58 115/5/58
f 113/8/59 110/11/59 117/12/59 119/9/59
f 119/9/60 117/12/60 118/2/60 120/1/60
f 132/1/61 126/4/61 124/3/61 130/2/61
f 127/5/62 123/6/62 126/4/62 132/1/62
f 121/7/63 128/10/63 131/9/63 125/8/63
f 128/10/64 127/5/64 132/1/64 131/9/64
f 125/8/65 131/9/65 129/12/65 122/11/65
f 131/9/66 132/1/66 130/2/66 129/12/66
f 144/1/67 142/2/67 136/3/67 138/4/67
f 139/5/68 144/1/68 138/4/68 135/6/68
f 133/7/69 137/8/69 143/9/69 140/10/69
f 140/10/70 143/9/70 144/1/70 139/5/70
f 137/8/71 134/11/71 141/12/71 143/9/71
f 143/9/72 141/12/72 142/2/72 144/1/72
f 156/1/73 154/2/73 148/3/73 150/4/73
f 151/5/74 156/1/74 150/4/74 147/6/74
f 145/7/75 149/8/75 155/9/75 152/10/75
f 152/10/76 155/9/76 156/1/76 151/5/76
f 149/8/77 146/11/77 153/12/77 155/9/77
f 155/9/78 153/12/78 154/2/78 156/1/78
f 168/1/79 166/2/79 160/3/79 162/4/79
f 163/5/80 168/1/80 162/4/80 159/6/80
f 157/7/81 161/8/81 167/9/81 164/10/81
f 164/10/82 167/9/82 168/1/82 163/5/82
f 161/8/83 158/11/83 165/12/83 167/9/83
f 167/9/84 165/12/84 166/2/84 168/1/84
f 180/1/85 174/4/85 172/3/85 178/2/85
f 175/5/86 171/6/86 174/4/86 180/1/86
f 169/7/87 176/10/87 179/9/87 173/8/87
f 176/10/88 175/5/88 180/1/88 179/9/88
f 173/8/89 179/9/89 177/12/89 170/11/89
f 179/9/90 180/1/90 178/2/90 177/12/90
f 192/1/91 190/2/91 184/3/91 186/4/91
f 187/5/92 192/1/92 186/4/92 183/6/92
f 181/7/93 185/8/93 191/9/93 188/10/93
f 188/10/94 191/9/94 192/1/94 187/5/94
f 185/8/95 182/11/95 189/12/95 191/9/95
f 191/9/96 189/12/96 190/2/96 192/1/96
f 204/1/97 202/2/97 196/3/97 198/4/97
f 199/5/98 204/1/98 198/4/98 195/6/98
f 193/7/99 197/8/99 203/9/99 200/10/99
f 200/10/100 203/9/100 204/1/100 199/5/100
f 197/8/101 194/11/101 201/12/101 203/9/101
f 203/9/102 201/12/102 202/2/102 204/1/102
f 216/1/103 214/2/103 208/3/103 210/4/103
f 211/5/104 216/1/104 210/4/104 207/6/104
f 205/7/105 209/8/105 215/9/105 212/10/105
f 212/10/106 215/9/106 216/1/106 211/5/106
f 209/8/107 206/11/107 213/12/107 215/9/107
f 215/9/108 213/12/108 214/2/108 216/1/108
f 228/1/109 222/4/109 220/3/109 226/2/109
f 223/5/110 219/6/110 222/4/110 228/1/110
f 217/7/111 224/10/111 227/9/111 221/8/111
f 224/10/112 223/5/112 228/1/112 227/9/112
f 221/8/113 227/9/113 225/12/113 218/11/113
f 227/9/114 228/1/114 226/2/114 225/12/114
f 240/1/115 238/2/115 232/3/115 234/4/115
f 235/5/116 240/1/116 234/4/116 231/6/116
f 229/7/117 233/8/117 239/9/117 236/10/117
f 236/10/118 239/9/118 240/1/118 235/5/118
f 233/8/119 230/11/119 237/12/119 239/9/119
f 239/9/120 237/12/120 238/2/120 240/1/120
f 252/1/121 250/2/121 244/3/121 246/4/121
f 247/5/122 252/1/122 246/4/122 243/6/122
f 241/7/123 245/8/123 251/9/123 248/10/123
f 248/10/124 251/9/124 252/1/124 247/5/124
f 245/8/125 242/11/125 249/12/125 251/9/125
f 251/9/126 249/12/126 250/2/126 252/1/126
f 264/1/127 262/2/127 256/3/127 258/4/127
f 259/5/128 264/1/128 258/4/128 255/6/128
f 253/7/129 257/8/129 263/9/129 260/10/129
f 260/10/130 263/9/130 264/1/130 259/5/130
f 257/8/131 254/11/131 261/12/131 263/9/131
f 263/9/132 261/12/132 262/2/132 264/1/132
f 276/1/133 270/4/133 268/3/133 274/2/133
f 271/5/134 267/6/134 270/4/134 276/1/134
f 265/7/135 272/10/135 275/9/135 269/8/135
f 272/10/136 271/5/136 276/1/136 275/9/136
f 269/8/137 275/9/137 273/12/137 266/11/137
f 275/9/138 276/1/138 274/2/138 273/12/138
f 288/1/139 286/2/139 280/3/139 282/4/139
f 283/5/140 288/1/140 282/4/140 279/6/140
f 277/7/141 281/8/141 287/9/141 284/10/141
f 284/10/142 287/9/142 288/1/142 283/5/142
f 281/8/143 278/11/143 285/12/143 287/9/143
f 287/9/144 285/12/144 286/2/144 288/1/144
f 300/1/145 298/2/145 292/3/145 294/4/145
f 295/5/146 300/1/146 294/4/146 291/6/146
f 289/7/147 293/8/147 299/9/147 296/10/147
f 296/10/148 299/9/148 300/1/148 295/5/148
f 293/8/149 290/11/149 297/12/149 299/9/149
f 299/9/150 297/12/150 298/2/150 300/1/150
f 312/1/151 310/2/151 304/3/151 306/4/151
f 307/5/152 312/1/152 306/4/152 303/6/152
f 301/7/153 305/8/153 311/9/153 308/10/153
f 308/10/154 311/9/154 312/1/154 307/5/154
f 305/8/155 302/11/155 309/12/155 311/9/155
f 311/9/156 309/12/156 310/2/156 312/1/156
f 324/1/157 318/4/157 316/3/157 322/2/157
f 319/5/158 315/6/158 318/4/158 324/1/158
f 313/7/159 320/10/159 323/9/159 317/8/159
f 320/10/160 319/5/160 324/1/160 323/9/160
f 317/8/161 323/9/161 321/12/161 314/11/161
f 323/9/162 324/1/162 322/2/162 321/12/162
f 336/1/163 334/2/163 328/3/163 330/4/163
f 331/5/164 336/1/164 330/4/164 327/6/164
f 325/7/165 329/8/165 335/9/165 332/10/165
f 332/10/166 335/9/166 336/1/166 331/5/166
f 329/8/167 326/11/167 333/12/167 335/9/167
f 335/9/168 333/12/168 334/2/168 336/1/168
f 348/1/169 346/2/169 340/3/169 342/4/169
f 343/5/170 348/1/170 342/4/170 339/6/170
f 337/7/171 341/8/171 347/9/171 344/10/171
f 344/10/172 347/9/172 348/1/172 343/5/172
f 341/8/173 338/11/173 345/12/173 347/9/173
f 347/9/174 345/12/174 346/2/174 348/1/174
f 360/1/175 358/2/175 352/3/175 354/4/175
f 355/5/176 360/1/176 354/4/176 351/6/176
f 349/7/177 353/8/177 359/9/177 356/10/177
f 356/10/178 359/9/178 360/1/178 355/5/178
f 353/8/179 350/11/179 357/12/179 359/9/179
f 359/9/180 357/12/180 358/2/180 360/1/180
f 372/1/181 366/4/181 364/3/181 370/2/181
f 367/5/182 363/6/182 366/4/182 372/1/182
f 361/7/183 368/10/183 371/9/183 365/8/183
f 368/10/184 367/5/184 372/1/184 371/9/184
f 365/8/185 371/9/185 369/12/185 362/11/185
f 371/9/186 372/1/186 370/2/186 369/12/186
f 384/1/187 382/2/187 376/3/187 378/4/187
f 379/5/188 384/1/188 378/4/188 375/6/188
f 373/7/189 377/8/189 383/9/189 380/10/189
f 380/10/190 383/9/190 384/1/190 379/5/190
f 377/8/191 374/11/191 381/12/191 383/9/191
f 383/9/192 381/12/192 382/2/192 384/1/192
f 396/1/193 394/2/193 388/3/193 390/4/193
f 391/5/194 396/1/194 390/4/194 387/6/194
f 385/7/195 389/8/195 395/9/195 392/10/195
f 392/10/196 395/9/196 396/1/196 391/5/196
f 389/8/197 386/11/197 393/12/197 395/9/197
f 395/9/198 393/12/198 394/2/198 396/1/198
f 408/1/199 406/2/199 400/3/199 402/4/199
f 403/5/200 408/1/200 402/4/200 399/6/200
f 397/7/201 401/8/201 407/9/201 404/10/201
f 404/10/202 407/9/202 408/1/202 403/5/202
f 401/8/203 398/11/203 405/12/203 407/9/203
f 407/9/204 405/12/204 406/2/204 408/1/204
f 420/1/205 414/4/205 412/3/205 418/2/205
f 415/5/206 411/6/206 414/4/206 420/1/206
f 409/7/207 416/10/207 419/9/207 413/8/207
f 416/10/208 415/5/208 420/1/208 419/9/208
f 413/8/209 419/9/209 417/12/209 410/11/209
f 419/9/210 420/1/210 418/2/210 417/12/210
f 432/1/211 430/2/211 424/3/211 426/4/211
f 427/5/212 432/1/212 426/4/212 423/6/212
f 421/7/213 425/8/213 431/9/213 428/10/213
f 428/10/214 431/9/214 432/1/214 427/5/214
f 425/8/215 422/11/215 429/12/215 431/9/215
f 431/9/216 429/12/216 430/2/216 432/1/216
f 444/1/217 442/2/217 436/3/217 438/4/217
f 439/5/218 444/1/218 438/4/218 435/6/218
f 433/7/219 437/8/219 443/9/219 440/10/219
f 440/10/220 443/9/220 444/1/220 439/5/220
f 437/8/221 434/11/221 441/12/221 443/9/221
f 443/9/222 441/12/222 442/2/222 444/1/222
f 456/1/223 454/2/223 448/3/223 450/4/223
f 451/5/224 456/1/224 450/4/224 447/6/224
f 445/7/225 449/8/225 455/9/225 452/10/225
f 452/10/226 455/9/226 456/1/226 451/5/226
f 449/8/227 446/11/227 453/12/227 455/9/227
f 455/9/228 453/12/228 454/2/228 456/1/228
f 468/1/229 462/4/229 460/3/229 466/2/229
f 463/5/230 459/6/230 462/4/230 468/1/230
f 457/7/231 464/10/231 467/9/231 461/8/231
f 464/10/232 463/5/232 468/1/232 467/9/232
f 461/8/233 467/9/233 465/12/233 458/11/233
f 467/9/234 468/1/234 466/2/234 465/12/234
f 480/1/235 478/2/235 472/3/235 474/4/235
f 475/5/236 480/1/236 474/4/236 471/6/236
f 469/7/237 473/8/237 479/9/237 476/10/237
f 476/10/238 479/9/238 480/1/238 475/5/238
f 473/8/239 470/11/239 477/12/239 479/9/239
f 479/9/240 477/12/240 478/2/240 480/1/240
f 492/1/241 490/2/241 484/3/241 486/4/241
f 487/5/242 492/1/242 486/4/242 483/6/242
f 481/7/243 485/8/243 491/9/243 488/10/243
f 488/10/244 491/9/244 492/1/244 487/5/244
f 485/8/245 482/11/245 489/12/245 491/9/245
f 491/9/246 489/12/246 490/2/246 492/1/246
f 504/1/247 502/2/247 496/3/247 498/4/247
f 499/5/248 504/1/248 498/4/248 495/6/248
f 493/7/249 497/8/249 503/9/249 500/10/249
f 500/10/250 503/9/250 504/1/250 499/5/250
f 497/8/251 494/11/251 501/12/251 503/9/251
f 503/9/252 501/12/252 502/2/252 504/1/252
f 516/1/253 510/4/253 508/3/253 514/2/253
f 511/5/254 507/6/254 510/4/254 516/1/254
f 505/7/255 512/10/255 515/9/255 509/8/255
f 512/10/256 511/5/256 516/1/256 515/9/256
f 509/8/257 515/9/257 513/12/257 506/11/257
f 515/9/258 516/1/258 514/2/258 513/12/258
f 528/1/259 526/2/259 520/3/259 522/4/259
f 523/5/260 528/1/260 522/4/260 519/6/260
f 517/7/261 521/8/261 527/9/261 524/10/261
f 524/10/262 527/9/262 528/1/262 523/5/262
f 521/8/263 518/11/263 525/12/263 527/9/263
f 527/9/264 525/12/264 526/2/264 528/1/264
f 540/1/265 538/2/265 532/3/265 534/4/265
f 535/5/266 540/1/266 534/4/266 531/6/266
f 529/7/267 533/8/267 539/9/267 536/10/267
f 536/10/268 539/9/268 540/1/268 535/5/268
f 533/8/269 530/11/269 537/12/269 539/9/269
f 539/9/270 537/12/270 538/2/270 540/1/270
f 552/1/271 550/2/271 544/3/271 546/4/271
f 547/5/272 552/1/272 546/4/272 543/6/272
f 541/7/273 545/8/273 551/9/273 548/10/273
f 548/10/274 551/9/274 552/1/274 547/5/274
f 545/8/275 542/11/275 549/12/275 551/9/275
f 551/9/276 549/12/276 550/2/276 552/1/276
f 564/1/277 558/4/277 556/3/277 562/2/277
f 559/5/278 555/6/278 558/4/278 564/1/278
f 553/7/279 560/10/279 563/9/279 557/8/279
f 560/10/280 559/5/280 564/1/280 563/9/280
f 557/8/281 563/9/281 561/12/281 554/11/281
f 563/9/282 564/1/282 562/2/282 561/12/282
f 576/1/283 574/2/283 568/3/283 570/4/283
f 571/5/284 576/1/284 570/4/284 567/6/284
f 565/7/285 569/8/285 575/9/285 572/10/285
f 572/10/286 575/9/286 576/1/286 571/5/286
f 569/8/287 566/11/287 573/12/287 575/9/287
f 575/9/288 573/12/288 574/2/288 576/1/288
f 588/1/289 586/2/289 580/3/289 582/4/289
f 583/5/290 588/1/290 582/4/290 579/6/290
f 577/7/291 581/8/291 587/9/291 584/10/291
f 584/10/292 587/9/292 588/1/292 583/5/292
f 581/8/293 578/11/293 585/12/293 587/9/293
f 587/9/294 585/12/294 586/2/294 588/1/294
f 600/1/295 598/2/295 592/3/295 594/4/295
f 595/5/296 600/1/296 594/4/296 591/6/296
f 589/7/297 593/8/297 599/9/297 596/10/297
f 596/10/298 599/9/298 600/1/298 595/5/298
f 593/8/299 590/11/299 597/12/299 599/9/299
f 599/9/300 597/12/300 598/2/300 600/1/300
f 612/1/301 606/4/301 604/3/301 610/2/301
f 607/5/302 603/6/302 606/4/302 612/1/302
f 601/7/303 608/10/303 611/9/303 605/8/303
f 608/10/304 607/5/304 612/1/304 611/9/304
f 605/8/305 611/9/305 609/12/305 602/11/305
f 611/9/306 612/1/306 610/2/306 609/12/306
f 624/1/307 622/2/307 616/3/307 618/4/307
f 619/5/308 624/1/308 618/4/308 615/6/308
f 613/7/309 617/8/309 623/9/309 620/10/309
f 620/10/310 623/9/310 624/1/310 619/5/310
f 617/8/311 614/11/311 621/12/311 623/9/311
f 623/9/312 621/12/312 622/2/312 624/1/312
f 636/1/313 634/2/313 628/3/313 630/4/313
f 631/5/314 636/1/314 630/4/314 627/6/314
f 625/7/315 629/8/315 635/9/315 632/10/315
f 632/10/316 635/9/316 636/1/316 631/5/316
f 629/8/317 626/11/317 633/12/317 635/9/317
f 635/9/318 633/12/318 634/2/318 636/1/318
f 648/1/319 646/2/319 640/3/319 642/4/319
f 643/5/320 648/1/320 642/4/320 639/6/320
f 637/7/321 641/8/321 647/9/321 644/10/321
f 644/10/322 647/9/322 648/1/322 643/5/322
f 641/8/323 638/11/323 645/12/323 647/9/323
f 647/9/324 645/12/324 646/2/324 648/1/324
f 660/1/325 654/4/325 652/3/325 658/2/325
f 655/5/326 651/6/326 654/4/326 660/1/326
f 649/7/327 656/10/327 659/9/327 653/8/327
f 656/10/328 655/5/328 660/1/328 659/9/328
f 653/8/329 659/9/329 657/12/329 650/11/329
f 659/9/330 660/1/330 658/2/330 657/12/330
f 672/1/331 670/2/331 664/3/331 666/4/331
f 667/5/332 672/1/332 666/4/332 663/6/332
f 661/7/333 665/8/333 671/9/333 668/10/333
f 668/10/334 671/9/334 672/1/334 667/5/334
f 665/8/335 662/11/335 669/12/335 671/9/335
f 671/9/336 669/12/336 670/2/336 672/1/336
f 684/1/337 682/2/337 676/3/337 678/4/337
f 679/5/338 684/1/338 678/4/338 675/6/338
f 673/7/339 677/8/339 683/9/339 680/10/339
f 680/10/340 683/9/340 684/1/340 679/5/340
f 677/8/341 674/11/341 681/12/341 683/9/341
f 683/9/342 681/12/342 682/2/342 684/1/342
f 696/1/343 694/2/343 688/3/343 690/4/343
f 691/5/344 696/1/344 690/4/344 687/6/344
f 685/7/345 689/8/345 695/9/345 692/10/345
f 692/10/346 695/9/346 696/1/346 691/5/346
f 689/8/347 686/11/347 693/12/347 695/9/347
f 695/9/348 693/12/348 694/2/348 696/1/348
f 708/1/349 702/4/349 700/3/349 706/2/349
f 703/5/350 699/6/350 702/4/350 708/1/350
f 697/7/351 704/10/351 707/9/351 701/8/351
f 704/10/352 703/5/352 708/1/352 707/9/352
f 701/8/353 707/9/353 705/12/353 698/11/353
f 707/9/354 708/1/354 706/2/354 705/12/354
f 720/1/355 718/2/355 712/3/355 714/4/355
f 715/5/356 720/1/356 714/4/356 711/6/356
f 709/7/357 713/8/357 719/9/357 716/10/357
f 716/10/358 719/9/358 720/1/358 715/5/358
f 713/8/359 710/11/359 717/12/359 719/9/359
f 719/9/360 717/12/360 718/2/360 720/1/360
f 732/1/361 730/2/361 724/3/361 726/4/361
f 727/5/362 732/1/362 726/4/362 723/6/362
f 721/7/363 725/8/363 731/9/363 728/10/363
f 728/10/364 731/9/364 732/1/364 727/5/364
f 725/8/365 722/11/365 729/12/365 731/9/365
f 731/9/366 729/12/366 730/2/366 732/1/366
f 744/1/367 742/2/367 736/3/367 738/4/367
f 739/5/368 744/1/368 738/4/368 735/6/368
f 733/7/369 737/8/369 743/9/369 740/10/369
f 740/10/370 743/9/370 744/1/370 739/5/370
f 737/8/371 734/11/371 741/12/371 743/9/371
f 743/9/372 741/12/372 742/2/372 744/1/372
f 756/1/373 750/4/373 748/3/373 754/2/373
f 751/5/374 747/6/374 750/4/374 756/1/374
f 745/7/375 752/10/375 755/9/375 749/8/375
f 752/10/376 751/5/376 756/1/376 755/9/376
f 749/8/377 755/9/377 753/12/377 746/11/377
f 755/9/378 756/1/378 754/2/378 753/12/378
f 768/1/379 766/2/379 760/3/379 762/4/379
f 763/5/380 768/1/380 762/4/380 759/6/380
f 757/7/381 761/8/381 767/9/381 764/10/381
f 764/10/382 767/9/382 768/1/382 763/5/382
f 761/8/383 758/11/383 765/12/383 767/9/383
f 767/9/384 765/12/384 766/2/384 768/1/384
f 780/1/385 778/2/385 772/3/385 774/4/385
f 775/5/386 780/1/386 774/4/386 771/6/386
f 769/7/387 773/8/387 779/9/387 776/10/387
f 776/10/388 779/9/388 780/1/388 775/5/388
f 773/8/389 770/11/389 777/12/389 779/9/389
f 779/9/390 777/12/390 778/2/390 780/1/390
f 792/1/391 790/2/391 784/3/391 786/4/391
f 787/5/392 792/1/392 786/4/392 783/6/392
f 781/7/393 785/8/393 791/9/393 788/10/393
f 788/10/394 791/9/394 792/1/394 787/5/394
f 785/8/395 782/11/395 789/12/395 791/9/395
f 791/9/396 789/12/396 790/2/396 792/1/396
f 804/1/397 798/4/397 796/3/397 802/2/397
f 799/5/398 795/6/398 798/4/398 804/1/398
f 793/7/399 800/10/399 803/9/399 797/8/399
f 800/10/400 799/5/400 804/1/400 803/9/400
f 797/8/401 803/9/401 801/12/401 794/11/401
f 803/9/402 804/1/402 802/2/402 801/12/402
f 816/1/403 814/2/403 808/3/403 810/4/403
f 811/5/404 816/1/404 810/4/404 807/6/404
f 805/7/405 809/8/405 815/9/405 812/10/405
f 812/10/406 815/9/406 816/1/406 811/5/406
f 809/8/407 806/11/407 813/12/407 815/9/407
f 815/9/408 813/12/408 814/2/408 816/1/408
f 828/1/409 826/2/409 820/3/409 822/4/409
f 823/5/410 828/1/410 822/4/410 819/6/410
f 817/7/411 821/8/411 827/9/411 824/10/411
f 824/10/412 827/9/412 828/1/412 823/5/412
f 821/8/413 818/11/413 825/12/413 827/9/413
f 827/9/414 825/12/414 826/2/414 828/1/414
f 840/1/415 838/2/415 832/3/415 834/4/415
f 835/5/416 840/1/416 834/4/416 831/6/416
f 829/7/417 833/8/417 839/9/417 836/10/417
f 836/10/418 839/9/418 840/1/418 835/5/418
f 833/8/419 830/11/419 837/12/419 839/9/419
f 839/9/420 837/12/420 838/2/420 840/1/420
f 852/1/421 846/4/421 844/3/421 850/2/421
f 847/5/422 843/6/422 846/4/422 852/1/422
f 841/7/423 848/10/423 851/9/423 845/8/423
f 848/10/424 847/5/424 852/1/424 851/9/424
f 845/8/425 851/9/425 849/12/425 842/11/425
f 851/9/426 852/1/426 850/2/426 849/12/426
f 864/1/427 862/2/427 856/3/427 858/4/427
f 859/5/428 864/1/428 858/4/428 855/6/428
f 853/7/429 857/8/429 863/9/429 860/10/429
f 860/10/430 863/9/430 864/1/430 859/5/430
f 857/8/431 854/11/431 861/12/431 863/9/431
f 863/9/432 861/12/432 862/2/432 864/1/432
f 876/1/433 874/2/433 868/3/433 870/4/433
f 871/5/434 876/1/434 870/4/434 867/6/434
f 865/7/435 869/8/435 875/9/435 872/10/435
f 872/10/436 875/9/436 876/1/436 871/5/436
f 869/8/437 866/11/437 873/12/437 875/9/437
f 875/9/438 873/12/438 874/2/438 876/1/438
f 888/1/439 886/2/439 880/3/439 882/4/439
f 883/5/440 888/1/440 882/4/440 879/6/440
f 877/7/441 881/8/441 887/9/441 884/10/441
f 884/10/442 887/9/442 888/1/442 883/5/442
f 881/8/443 878/11/443 885/12/443 887/9/443
f 887/9/444 885/12/444 886/2/444 888/1/444
f 900/1/445 894/4/445 892/3/445 898/2/445
f 895/5/446 891/6/446 894/4/446 900/1/446
f 889/7/447 896/10/447 899/9/447 893/8/447
f 896/10/448 895/5/448 900/1/448 899/9/448
f 893/8/449 899/9/449 897/12/449 890/11/449
f 899/9/450 900/1/450 898/2/450 897/12/450
f 912/1/451 910/2/451 904/3/451 906/4/451
f 907/5/452 912/1/452 906/4/452 903/6/452
f 901/7/453 905/8/453 911/9/453 908/10/453
f 908/10/454 911/9/454 912/1/454 907/5/454
f 905/8/455 902/11/455 909/12/455 911/9/455
f 911/9/456 909/12/456 910/2/456 912/1/456
f 924/1/457 922/2/457 916/3/457 918/4/457
f 919/5/458 924/1/458 918/4/458 915/6/458
f 913/7/459 917/8/459 923/9/459 920/10/459
f 920/10/460 923/9/460 924/1/460 919/5/460
f 917/8/461 914/11/461 921/12/461 923/9/461
f 923/9/462 921/12/462 922/2/462 924/1/462
f 936/1/463 934/2/463 928/3/463 930/4/463
f 931/5/464 936/1/464 930/4/464 927/6/464
f 925/7/465 929/8/465 935/9/465 932/10/465
f 932/10/466 935/9/466 936/1/466 931/5/466
f 929/8/467 926/11/467 933/12/467 935/9/467
f 935/9/468 933/12/468 934/2/468 936/1/468
f 948/1/469 942/4/469 940/3/469 946/2/469
f 943/5/470 939/6/470 942/4/470 948/1/470
f 937/7/471 944/10/471 947/9/471 941/8/471
f 944/10/472 943/5/472 948/1/472 947/9/472
f 941/8/473 947/9/473 945/12/473 938/11/473
f 947/9/474 948/1/474 946/2/474 945/12/474
f 960/1/475 958/2/475 952/3/475 954/4/475
f 955/5/476 960/1/476 954/4/476 951/6/476
f 949/7/477 953/8/477 959/9/477 956/10/477
f 956/10/478 959/9/478 960/1/478 955/5/478
f 953/8/479 950/11/479 957/12/479 959/9/479
f 959/9/480 957/12/480 958/2/480 960/1/480
f 972/1/481 970/2/481 964/3/481 966/4/481
f 967/5/482 972/1/482 966/4/482 963/6/482
f 961/7/483 965/8/483 971/9/483 968/10/483
f 968/10/484 971/9/484 972/1/484 967/5/484
f 965/8/485 962/11/485 969/12/485 971/9/485
f 971/9/486 969/12/486 970/2/486 972/1/486
f 984/1/487 982/2/487 976/3/487 978/4/487
f 979/5/488 984/1/488 978/4/488 975/6/488
f 973/7/489 977/8/489 983/9/489 980/10/489
f 980/10/490 983/9/490 984/1/490 979/5/490
f 977/8/491 974/11/491 981/12/491 983/9/491
f 983/9/492 981/12/492 982/2/492 984/1/492
f 996/1/493 990/4/493 988/3/493 994/2/493
f 991/5/494 987/6/494 990/4/494 996/1/494
f 985/7/495 992/10/495 995/9/495 989/8/495
f 992/10/496 991/5/496 996/1/496 995/9/496
f 989/8/497 995/9/497 993/12/497 986/11/497
f 995/9/498 996/1/498 994/2/498 993/12/498
f 1008/1/499 1006/2/499 1000/3/499 1002/4/499
f 1003/5/500 1008/1/500 1002/4/500 999/6/500
f 997/7/501 1001/8/501 1007/9/501 1004/10/501
f 1004/10/502 1007/9/502 1008/1/502 1003/5/502
f 1001/8/503 998/11/503 1005/12/503 1007/9/503
f 1007/9/504 1005/12/504 1006/2/504 1008/1/504
f 1020/1/505 1018/2/505 1012/3/505 1014/4/505
f 1015/5/506 1020/1/506 1014/4/506 1011/6/506
f 1009/7/507 1013/8/507 1019/9/507 1016/10/507
f 1016/10/508 1019/9/508 1020/1/508 1015/5/508
f 1013/8/509 1010/11/509 1017/12/509 1019/9/509
f 1019/9/510 1017/12/510 1018/2/510 1020/1/510
f 1032/1/511 1030/2/511 1024/3/511 1026/4/511
f 1027/5/512 1032/1/512 1026/4/512 1023/6/512
f 1021/7/513 1025/8/513 1031/9/513 1028/10/513
f 1028/10/514 1031/9/514 1032/1/514 1027/5/514
f 1025/8/515 1022/11/515 1029/12/515 1031/9/515
f 1031/9/516 1029/12/516 1030/2/516 1032/1/516
f 1044/1/517 1038/4/517 1036/3/517 1042/2/517
f 1039/5/518 1035/6/518 1038/4/518 1044/1/518
f 1033/7/519 1040/10/519 1043/9/519 1037/8/519
f 1040/10/520 1039/5/520 1044/1/520 1043/9/520
f 1037/8/521 1043/9/521 1041/12/521 1034/11/521
f 1043/9/522 1044/1/522 1042/2/522 1041/12/522
f 1056/1/523 1054/2/523 1048/3/523 1050/4/523
f 1051/5/524 1056/1/524 1050/4/524 1047/6/524
f 1045/7/525 1049/8/525 1055/9/525 1052/10/525
f 1052/10/526 1055/9/526 1056/1/526 1051/5/526
f 1049/8/527 1046/11/527 1053/12/527 1055/9/527
f 1055/9/528 1053/12/528 1054/2/528 1056/1/528
f 1068/1/529 1066/2/529 1060/3/529 1062/4/529
f 1063/5/530 1068/1/530 1062/4/530 1059/6/530
f 1057/7/531 1061/8/531 1067/9/531 1064/10/531
f 1064/10/532 1067/9/532 1068/1/532 1063/5/532
f 1061/8/533 1058/11/533 1065/12/533 1067/9/533
f 1067/9/534 1065/12/534 1066/2/534 1068/1/534
f 1080/1/535 1078/2/535 1072/3/535 1074/4/535
f 1075/5/536 1080/1/536 1074/4/536 1071/6/536
f 1069/7/537 1073/8/537 1079/9/537 1076/10/537
f 1076/10/538 1079/9/538 1080/1/538 1075/5/538
f 1073/8/539 1070/11/539 1077/12/539 1079/9/539
f 1079/9/540 1077/12/540 1078/2/540 1080/1/540
f 1092/1/541 1086/4/541 1084/3/541 1090/2/541
f 1087/5/542 1083/6/542 1086/4/542 1092/1/542
f 1081/7/543 1088/10/543 1091/9/543 1085/8/543
f 1088/10/544 1087/5/544 1092/1/544 1091/9/544
f 1085/8/545 1091/9/545 1089/12/545 1082/11/545
f 1091/9/546 1092/1/546 1090/2/546 1089/12/546
f 1104/1/547 1102/2/547 1096/3/547 1098/4/547
f 1099/5/548 1104/1/548 1098/4/548 1095/6/548
f 1093/7/549 1097/8/549 1103/9/549 1100/10/549
f 1100/10/550 1103/9/550 1104/1/550 1099/5/550
f 1097/8/551 1094/11/551 1101/12/551 1103/9/551
f 1103/9/552 1101/12/552 1102/2/552 1104/1/552
f 1116/1/553 1114/2/553 1108/3/553 1110/4/553
f 1111/5/554 1116/1/554 1110/4/554 1107/6/554
f 1105/7/555 1109/8/555 1115/9/555 1112/10/555
f 1112/10/556 1115/9/556 1116/1/556 1111/5/556
f 1109/8/557 1106/11/557 1113/12/557 1115/9/557
f 1115/9/558 1113/12/558 1114/2/558 1116/1/558
f 1128/1/559 1126/2/559 1120/3/559 1122/4/559
f 1123/5/560 1128/1/560 1122/4/560 1119/6/560
f 1117/7/561 1121/8/561 1127/9/561 1124/10/561
f 1124/10/562 1127/9/562 1128/1/562 1123/5/562
f 1121/8/563 1118/11/563 1125/12/563 1127/9/563
f 1127/9/564 1125/12/564 1126/2/564 1128/1/564
f 1140/1/565 1134/4/565 1132/3/565 1138/2/565
f 1135/5/566 1131/6/566 1134/4/566 1140/1/566
f 1129/7/567 1136/10/567 1139/9/567 1133/8/567
f 1136/10/568 1135/5/568 1140/1/568 1139/9/568
f 1133/8/569 1139/9/569 1137/12/569 1130/11/569
f 1139/9/570 1140/1/570 1138/2/570 1137/12/570
f 1152/1/571 1150/2/571 1144/3/571 1146/4/571
f 1147/5/572 1152/1/572 1146/4/572 1143/6/572
f 1141/7/573 1145/8/573 1151/9/573 1148/10/573
f 1148/10/574 1151/9/574 1152/1/574 1147/5/574
f 1145/8/575 1142/11/575 1149/12/575 1151/9/575
f 1151/9/576 1149/12/576 1150/2/576 1152/1/576
f 1164/1/577 1162/2/577 1156/3/577 1158/4/577
f 1159/5/578 1164/1/578 1158/4/578 1155/6/578
f 1153/7/579 1157/8/579 1163/9/579 1160/10/579
f 1160/10/580 1163/9/580 1164/1/580 1159/5/580
f 1157/8/581 1154/11/581 1161/12/581 1163/9/581
f 1163/9/582 1161/12/582 1162/2/582 1164/1/582
f 1176/1/583 1174/2/583 1168/3/583 1170/4/583
f 1171/5/584 1176/1/584 1170/4/584 1167/6/584
f 1165/7/585 1169/8/585 1175/9/585 1172/10/585
f 1172/10/586 1175/9/586 1176/1/586 1171/5/586
f 1169/8/587 1166/11/587 1173/12/587 1175/9/587
f 1175/9/588 1173/12/588 1174/2/588 1176/1/588
f 1188/1/589 1182/4/589 1180/3/589 1186/2/589
f 1183/5/590 1179/6/590 1182/4/590 1188/1/590
f 1177/7/591 1184/10/591 1187/9/591 1181/8/591
f 1184/10/592 1183/5/592 1188/1/592 1187/9/592
f 1181/8/593 1187/9/593 1185/12/593 1178/11/593
f 1187/9/594 1188/1/594 1186/2/594 1185/12/594
f 1200/1/595 1198/2/595 1192/3/595 1194/4/595
f 1195/5/596 1200/1/596 1194/4/596 1191/6/596
f 1189/7/597 1193/8/597 1199/9/597 1196/10/597
f 1196/10/598 1199/9/598 1200/1/598 1195/5/598
f 1193/8/599 1190/11/599 1197/12/599 1199/9/599
f 1199/9/600 1197/12/600 1198/2/600 1200/1/600
f 1212/1/601 1210/2/601 1204/3/601 1206/4/601
f 1207/5/602 1212/1/602 1206/4/602 1203/6/602
f 1201/7/603 1205/8/603 1211/9/603 1208/10/603
f 1208/10/604 1211/9/604 1212/1/604 1207/5/604
f 1205/8/605 1202/11/605 1209/12/605 1211/9/605
f 1211/9/606 1209/12/606 1210/2/606 1212/1/606
f 1224/1/607 1222/2/607 1216/3/607 1218/4/607
f 1219/5/608 1224/1/608 1218/4/608 1215/6/608
f 1213/7/609 1217/8/609 1223/9/609 1220/10/609
f 1220/10/610 1223/9/610 1224/1/610 1219/5/610
f 1217/8/611 1214/11/611 1221/12/611 1223/9/611
f 1223/9/612 1221/12/612 1222/2/612 1224/1/612
f 1236/1/613 1230/4/613 1228/3/613 1234/2/613
f 1231/5/614 1227/6/614 1230/4/614 1236/1/614
f 1225/7/615 1232/10/615 1235/9/615 1229/8/615
f 1232/10/616 1231/5/616 1236/1/616 1235/9/616
f 1229/8/617 1235/9/617 1233/12/617 1226/11/617
f 1235/9/618 1236/1/618 1234/2/618 1233/12/618
f 1248/1/619 1246/2/619 1240/3/619 1242/4/619
f 1243/5/620 1248/1/620 1242/4/620 1239/6/620
f 1237/7/621 1241/8/621 1247/9/621 1244/10/621
f 1244/10/622 1247/9/622 1248/1/622 1243/5/622
f 1241/8/623 1238/11/623 1245/12/623 1247/9/623
f 1247/9/624 1245/12/624 1246/2/624 1248/1/624
f 1260/1/625 1258/2/625 1252/3/625 1254/4/625
f 1255/5/626 1260/1/626 1254/4/626 1251/6/626
f 1249/7/627 1253/8/627 1259/9/627 1256/10/627
f 1256/10/628 1259/9/628 1260/1/628 1255/5/628
f 1253/8/629 1250/11/629 1257/12/629 1259/9/629
f 1259/9/630 1257/12/630 1258/2/630 1260/1/630
f 1272/1/631 1270/2/631 1264/3/631 1266/4/631
f 1267/5/632 1272/1/632 1266/4/632 1263/6/632
f 1261/7/633 1265/8/633 1271/9/633 1268/10/633
f 1268/10/634 1271/9/634 1272/1/634 1267/5/634
f 1265/8/635 1262/11/635 1269/12/635 1271/9/635
f 1271/9/636 1269/12/636 1270/2/636 1272/1/636
f 1284/1/637 1278/4/637 1276/3/637 1282/2/637
f 1279/5/638 1275/6/638 1278/4/638 1284/1/638
f 1273/7/639 1280/10/639 1283/9/639 1277/8/639
f 1280/10/640 1279/5/640 1284/1/640 1283/9/640
f 1277/8/641 1283/9/641 1281/12/641 1274/11/641
f 1283/9/642 1284/1/642 1282/2/642 1281/12/642
f 1296/1/643 1294/2/643 1288/3/643 1290/4/643
f 1291/5/644 1296/1/644 1290/4/644 1287/6/644
f 1285/7/645 1289/8/645 1295/9/645 1292/10/645
f 1292/10/646 1295/9/646 1296/1/646 1291/5/646
f 1289/8/647 1286/11/647 1293/12/647 1295/9/647
f 1295/9/648 1293/12/648 1294/2/648 1296/1/648
f 1308/1/649 1306/2/649 1300/3/649 1302/4/649
f 1303/5/650 1308/1/650 1302/4/650 1299/6/650
f 1297/7/651 1301/8/651 1307/9/651 1304/10/651
f 1304/10/652 1307/9/652 1308/1/652 1303/5/652
f 1301/8/653 1298/11/653 1305/12/653 1307/9/653
f 1307/9/654 1305/12/654 1306/2/654 1308/1/654
f 1320/1/655 1318/2/655 1312/3/655 1314/4/655
f 1315/5/656 1320/1/656 1314/4/656 1311/6/656
f 1309/7/657 1313/8/657 1319/9/657 1316/10/657
f 1316/10/658 1319/9/658 1320/1/658 1315/5/658
f 1313/8/659 1310/11/659 1317/12/659 1319/9/659
f 1319/9/660 1317/12/660 1318/2/660 1320/1/660
f 1332/1/661 1326/4/661 1324/3/661 1330/2/661
f 1327/5/662 1323/6/662 1326/4/662 1332/1/662
f 1321/7/663 1328/10/663 1331/9/663 1325/8/663
f 1328/10/664 1327/5/664 1332/1/664 1331/9/664
f 1325/8/665 1331/9/665 1329/12/665 1322/11/665
f 1331/9/666 1332/1/666 1330/2/666 1329/12/666
f 1344/1/667 1342/2/667 1336/3/667 1338/4/667
f 1339/5/668 1344/1/668 1338/4/668 1335/6/668
f 1333/7/669 1337/8/669 1343/9/669 1340/10/669
f 1340/10/670 1343/9/670 1344/1/670 1339/5/670
f 1337/8/671 1334/11/671 1341/12/671 1343/9/671
f 1343/9/672 1341/12/672 1342/2/672 1344/1/672
f 1356/1/673 1354/2/673 1348/3/673 1350/4/673
f 1351/5/674 1356/1/674 1350/4/674 1347/6/674
f 1345/7/675 1349/8/675 1355/9/675 1352/10/675
f 1352/10/676 1355/9/676 1356/1/676 1351/5/676
f 1349/8/677 1346/11/677 1353/12/677 1355/9/677
f 1355/9/678 1353/12/678 1354/2/678 1356/1/678
f 1368/1/679 1366/2/679 1360/3/679 1362/4/679
f 1363/5/680 1368/1/680 1362/4/680 1359/6/680
f 1357/7/681 1361/8/681 1367/9/681 1364/10/681
f 1364/10/682 1367/9/682 1368/1/682 1363/5/682
f 1361/8/683 1358/11/683 1365/12/683 1367/9/683
f 1367/9/684 1365/12/684 1366/2/684 1368/1/684
f 1380/1/685 1374/4/685 1372/3/685 1378/2/685
f 1375/5/686 1371/6/686 1374/4/686 1380/1/686
f 1369/7/687 1376/10/687 1379/9/687 1373/8/687
f 1376/10/688 1375/5/688 1380/1/688 1379/9/688
f 1373/8/689 1379/9/689 1377/12/689 1370/11/689
f 1379/9/690 1380/1/690 1378/2/690 1377/12/690
f 1392/1/691 1390/2/691 1384/3/691 1386/4/691
f 1387/5/692 1392/1/692 1386/4/692 1383/6/692
f 1381/7/693 1385/8/693 1391/9/693 1388/10/693
f 1388/10/694 1391/9/694 1392/1/694 1387/5/694
f 1385/8/695 1382/11/695 1389/12/695 1391/9/695
f 1391/9/696 1389/12/696 1390/2/696 1392/1/696
f 1404/1/697 1402/2/697 1396/3/697 1398/4/697
f 1399/5/698 1404/1/698 1398/4/698 1395/6/698
f 1393/7/699 1397/8/699 1403/9/699 1400/10/699
f 1400/10/700 1403/9/700 1404/1/700 1399/5/700
f 1397/8/701 1394/11/701 1401/12/701 1403/9/701
f 1403/9/702 1401/12/702 1402/2/702 1404/1/702
f 1416/1/703 1414/2/703 1408/3/703 1410/4/703
f 1411/5/704 1416/1/704 1410/4/704 1407/6/704
f 1405/7/705 1409/8/705 1415/9/705 1412/10/705
f 1412/10/706 1415/9/706 1416/1/706 1411/5/706
f 1409/8/707 1406/11/707 1413/12/707 1415/9/707
f 1415/9/708 1413/12/708 1414/2/708 1416/1/708
f 1428/1/709 1422/4/709 1420/3/709 1426/2/709
f 1423/5/710 1419/6/710 1422/4/710 1428/1/710
f 1417/7/711 1424/10/711 1427/9/711 1421/8/711
f 1424/10/712 1423/5/712 1428/1/712 1427/9/712
f 1421/8/713 1427/9/713 1425/12/713 1418/11/713
f 1427/9/714 1428/1/714 1426/2/714 1425/12/714
f 1440/1/715 1438/2/715 1432/3/715 1434/4/715
f 1435/5/716 1440/1/716 1434/4/716 1431/6/716
f 1429/7/717 1433/8/717 1439/9/717 1436/10/717
f 1436/10/718 1439/9/718 1440/1/718 1435/5/718
f 1433/8/719 1430/11/719 1437/12/719 1439/9/719
f 1439/9/720 1437/12/720 1438/2/720 1440/1/720
f 1452/1/721 1450/2/721 1444/3/721 1446/4/721
f 1447/5/722 1452/1/722 1446/4/722 1443/6/722
f 1441/7/723 1445/8/723 1451/9/723 1448/10/723
f 1448/10/724 1451/9/724 1452/1/724 1447/5/724
f 1445/8/725 1442/11/725 1449/12/725 1451/9/725
f 1451/9/726 1449/12/726 1450/2/726 1452/1/726
f 1464/1/727 1462/2/727 1456/3/727 1458/4/727
f 1459/5/728 1464/1/728 1458/4/728 1455/6/728
f 1453/7/729 1457/8/729 1463/9/729 1460/10/729
f 1460/10/730 1463/9/730 1464/1/730 1459/5/730
f 1457/8/731 1454/11/731 1461/12/731 1463/9/731
f 1463/9/732 1461/12/732 1462/2/732 1464/1/732
f 1476/1/733 1470/4/733 1468/3/733 1474/2/733
f 1471/5/734 1467/6/734 1470/4/734 1476/1/734
f 1465/7/735 1472/10/735 1475/9/735 1469/8/735
f 1472/10/736 1471/5/736 1476/1/736 1475/9/736
f 1469/8/737 1475/9/737 1473/12/737 1466/11/737
f 1475/9/738 1476/1/738 1474/2/738 1473/12/738
f 1488/1/739 1486/2/739 1480/3/739 1482/4/739
f 1483/5/740 1488/1/740 1482/4/740 1479/6/740
f 1477/7/741 1481/8/741 1487/9/741 1484/10/741
f 1484/10/742 1487/9/742 1488/1/742 1483/5/742
f 1481/8/743 1478/11/743 1485/12/743 1487/9/743
f 1487/9/744 1485/12/744 1486/2/744 1488/1/744
f 1500/1/745 1498/2/745 1492/3/745 1494/4/745
f 1495/5/746 1500/1/746 1494/4/746 1491/6/746
f 1489/7/747 1493/8/747 1499/9/747 1496/10/747
f 1496/10/748 1499/9/748 1500/1/748 1495/5/748
f 1493/8/749 1490/11/749 1497/12/749 1499/9/749
f 1499/9/750 1497/12/750 1498/2/750 1500/1/750
f 1512/1/751 1510/2/751 1504/3/751 1506/4/751
f 1507/5/752 1512/1/752 1506/4/752 1503/6/752
f 1501/7/753 1505/8/753 1511/9/753 1508/10/753
f 1508/10/754 1511/9/754 1512/1/754 1507/5/754
f 1505/8/755 1502/11/755 1509/12/755 1511/9/755
f 1511/9/756 1509/12/756 1510/2/756 1512/1/756
f 1524/1/757 1518/4/757 1516/3/757 1522/2/757
f 1519/5/758 1515/6/758 1518/4/758 1524/1/758
f 1513/7/759 1520/10/759 1523/9/759 1517/8/759
f 1520/10/760 1519/5/760 1524/1/760 1523/9/760
f 1517/8/761 1523/9/761 1521/12/761 1514/11/761
f 1523/9/762 1524/1/762 1522/2/762 1521/12/762
f 1536/1/763 1534/2/763 1528/3/763 1530/4/763
f 1531/5/764 1536/1/764 1530/4/764 1527/6/764
f 1525/7/765 1529/8/765 1535/9/765 1532/10/765
f 1532/10/766 1535/9/766 1536/1/766 1531/5/766
f 1529/8/767 1526/11/767 1533/12/767 1535/9/767
f 1535/9/768 1533/12/768 1534/2/768 1536/1/768
f 1548/1/769 1546/2/769 1540/3/769 1542/4/769
f 1543/5/770 1548/1/770 1542/4/770 1539/6/770
f 1537/7/771 1541/8/771 1547/9/771 1544/10/771
f 1544/10/772 1547/9/772 1548/1/772 1543/5/772
f 1541/8/773 1538/11/773 1545/12/773 1547/9/773
f 1547/9/774 1545/12/774 1546/2/774 1548/1/774
f 1560/1/775 1558/2/775 1552/3/775 1554/4/775
f 1555/5/776 1560/1/776 1554/4/776 1551/6/776
f 1549/7/777 1553/8/777 1559/9/777 1556/10/777
f 1556/10/778 1559/9/778 1560/1/778 1555/5/778
f 1553/8/779 1550/11/779 1557/12/779 1559/9/779
f 1559/9/780 1557/12/780 1558/2/780 1560/1/780
f 1572/1/781 1566/4/781 1564/3/781 1570/2/781
f 1567/5/782 1563/6/782 1566/4/782 1572/1/782
f 1561/7/783 1568/10/783 1571/9/783 1565/8/783
f 1568/10/784 1567/5/784 1572/1/784 1571/9/784
f 1565/8/785 1571/9/785 1569/12/785 1562/11/785
f 1571/9/786 1572/1/786 1570/2/786 1569/12/786
f 1584/1/787 1582/2/787 1576/3/787 1578/4/787
f 1579/5/788 1584/1/788 1578/4/788 1575/6/788
f 1573/7/789 1577/8/789 1583/9/789 1580/10/789
f 1580/10/790 1583/9/790 1584/1/790 1579/5/790
f 1577/8/791 1574/11/791 1581/12/791 1583/9/791
f 1583/9/792 1581/12/792 1582/2/792 1584/1/792
